{
    "last_gcn_results": {
        "Rush": {
            "precision": 0.6953807740324595,
            "recall": 0.6080786026200873,
            "f1-score": 0.6488060570762959,
            "support": 916.0
        },
        "Pass": {
            "precision": 0.7627230667547918,
            "recall": 0.8254649499284692,
            "f1-score": 0.7928546891102713,
            "support": 1398.0
        },
        "accuracy": 0.7394122731201382,
        "macro avg": {
            "precision": 0.7290519203936257,
            "recall": 0.7167717762742782,
            "f1-score": 0.7208303730932837,
            "support": 2314.0
        },
        "weighted avg": {
            "precision": 0.7360655299641019,
            "recall": 0.7394122731201382,
            "f1-score": 0.735832845141766,
            "support": 2314.0
        },
        "confusion_matrix": [
            [
                557,
                359
            ],
            [
                244,
                1154
            ]
        ]
    },
    "best_gcn_results": {
        "Rush": {
            "precision": 0.6953807740324595,
            "recall": 0.6080786026200873,
            "f1-score": 0.6488060570762959,
            "support": 916.0
        },
        "Pass": {
            "precision": 0.7627230667547918,
            "recall": 0.8254649499284692,
            "f1-score": 0.7928546891102713,
            "support": 1398.0
        },
        "accuracy": 0.7394122731201382,
        "macro avg": {
            "precision": 0.7290519203936257,
            "recall": 0.7167717762742782,
            "f1-score": 0.7208303730932837,
            "support": 2314.0
        },
        "weighted avg": {
            "precision": 0.7360655299641019,
            "recall": 0.7394122731201382,
            "f1-score": 0.735832845141766,
            "support": 2314.0
        },
        "confusion_matrix": [
            [
                557,
                359
            ],
            [
                244,
                1154
            ]
        ]
    },
    "rf_results": {
        "Rush": {
            "precision": 0.6817625458996328,
            "recall": 0.6080786026200873,
            "f1-score": 0.6428159261396422,
            "support": 916.0
        },
        "Pass": {
            "precision": 0.760187040748163,
            "recall": 0.8140200286123033,
            "f1-score": 0.7861830742659758,
            "support": 1398.0
        },
        "accuracy": 0.7324978392394123,
        "macro avg": {
            "precision": 0.7209747933238979,
            "recall": 0.7110493156161952,
            "f1-score": 0.714499500202809,
            "support": 2314.0
        },
        "weighted avg": {
            "precision": 0.7291425993993067,
            "recall": 0.7324978392394123,
            "f1-score": 0.729430996615275,
            "support": 2314.0
        },
        "confusion_matrix": [
            [
                557,
                359
            ],
            [
                260,
                1138
            ]
        ]
    },
    "mlp_results": {
        "Rush": {
            "precision": 0.6273885350318471,
            "recall": 0.6451965065502183,
            "f1-score": 0.6361679224973089,
            "support": 916.0
        },
        "Pass": {
            "precision": 0.7631195335276968,
            "recall": 0.7489270386266095,
            "f1-score": 0.755956678700361,
            "support": 1398.0
        },
        "accuracy": 0.7078651685393258,
        "macro avg": {
            "precision": 0.695254034279772,
            "recall": 0.6970617725884138,
            "f1-score": 0.6960623005988349,
            "support": 2314.0
        },
        "weighted avg": {
            "precision": 0.7093902359381556,
            "recall": 0.7078651685393258,
            "f1-score": 0.7085381390797925,
            "support": 2314.0
        },
        "confusion_matrix": [
            [
                591,
                325
            ],
            [
                351,
                1047
            ]
        ]
    },