{
    "last_gcn_results": {
        "Rush": {
            "precision": 0.7033065236818588,
            "recall": 0.8591703056768559,
            "f1-score": 0.7734643734643735,
            "support": 916.0
        },
        "Pass": {
            "precision": 0.8190743338008415,
            "recall": 0.6375545851528385,
            "f1-score": 0.7170042971147943,
            "support": 916.0
        },
        "accuracy": 0.7483624454148472,
        "macro avg": {
            "precision": 0.7611904287413501,
            "recall": 0.7483624454148472,
            "f1-score": 0.7452343352895838,
            "support": 1832.0
        },
        "weighted avg": {
            "precision": 0.7611904287413501,
            "recall": 0.7483624454148472,
            "f1-score": 0.7452343352895839,
            "support": 1832.0
        },
        "confusion_matrix": [
            [
                787,
                129
            ],
            [
                332,
                584
            ]
        ]
    },
    "best_gcn_results": {
        "Rush": {
            "precision": 0.7033065236818588,
            "recall": 0.8591703056768559,
            "f1-score": 0.7734643734643735,
            "support": 916.0
        },
        "Pass": {
            "precision": 0.8190743338008415,
            "recall": 0.6375545851528385,
            "f1-score": 0.7170042971147943,
            "support": 916.0
        },
        "accuracy": 0.7483624454148472,
        "macro avg": {
            "precision": 0.7611904287413501,
            "recall": 0.7483624454148472,
            "f1-score": 0.7452343352895838,
            "support": 1832.0
        },
        "weighted avg": {
            "precision": 0.7611904287413501,
            "recall": 0.7483624454148472,
            "f1-score": 0.7452343352895839,
            "support": 1832.0
        },
        "confusion_matrix": [
            [
                787,
                129
            ],
            [
                332,
                584
            ]
        ]
    },
    "rf_results": {
        "Rush": {
            "precision": 0.7128205128205128,
            "recall": 0.7587336244541485,
            "f1-score": 0.7350608143839239,
            "support": 916.0
        },
        "Pass": {
            "precision": 0.7421236872812136,
            "recall": 0.6943231441048034,
            "f1-score": 0.7174280879864636,
            "support": 916.0
        },
        "accuracy": 0.726528384279476,
        "macro avg": {
            "precision": 0.7274721000508633,
            "recall": 0.726528384279476,
            "f1-score": 0.7262444511851938,
            "support": 1832.0
        },
        "weighted avg": {
            "precision": 0.7274721000508632,
            "recall": 0.726528384279476,
            "f1-score": 0.7262444511851938,
            "support": 1832.0
        },
        "confusion_matrix": [
            [
                695,
                221
            ],
            [
                280,
                636
            ]
        ]
    },
    "mlp_results": {
        "Rush": {
            "precision": 0.6681175190424374,
            "recall": 0.6703056768558951,
            "f1-score": 0.6692098092643052,
            "support": 916.0
        },
        "Pass": {
            "precision": 0.6692223439211391,
            "recall": 0.6670305676855895,
            "f1-score": 0.6681246582832149,
            "support": 916.0
        },
        "accuracy": 0.6686681222707423,
        "macro avg": {
            "precision": 0.6686699314817883,
            "recall": 0.6686681222707423,
            "f1-score": 0.66866723377376,
            "support": 1832.0
        },
        "weighted avg": {
            "precision": 0.6686699314817883,
            "recall": 0.6686681222707423,
            "f1-score": 0.66866723377376,
            "support": 1832.0
        },
        "confusion_matrix": [
            [
                614,
                302
            ],
            [
                305,
                611
            ]
        ]
    },