{
    "last_gcn_results": {
        "Rush": {
            "precision": 0.6807592752372735,
            "recall": 0.861353711790393,
            "f1-score": 0.7604819277108433,
            "support": 916.0
        },
        "Pass": {
            "precision": 0.8112927191679049,
            "recall": 0.5960698689956332,
            "f1-score": 0.6872246696035242,
            "support": 916.0
        },
        "accuracy": 0.7287117903930131,
        "macro avg": {
            "precision": 0.7460259972025892,
            "recall": 0.7287117903930131,
            "f1-score": 0.7238532986571837,
            "support": 1832.0
        },
        "weighted avg": {
            "precision": 0.7460259972025893,
            "recall": 0.7287117903930131,
            "f1-score": 0.7238532986571837,
            "support": 1832.0
        },
        "confusion_matrix": [
            [
                789,
                127
            ],
            [
                370,
                546
            ]
        ]
    },
    "best_gcn_results": {
        "Rush": {
            "precision": 0.6807592752372735,
            "recall": 0.861353711790393,
            "f1-score": 0.7604819277108433,
            "support": 916.0
        },
        "Pass": {
            "precision": 0.8112927191679049,
            "recall": 0.5960698689956332,
            "f1-score": 0.6872246696035242,
            "support": 916.0
        },
        "accuracy": 0.7287117903930131,
        "macro avg": {
            "precision": 0.7460259972025892,
            "recall": 0.7287117903930131,
            "f1-score": 0.7238532986571837,
            "support": 1832.0
        },
        "weighted avg": {
            "precision": 0.7460259972025893,
            "recall": 0.7287117903930131,
            "f1-score": 0.7238532986571837,
            "support": 1832.0
        },
        "confusion_matrix": [
            [
                789,
                127
            ],
            [
                370,
                546
            ]
        ]
    },
    "rf_results": {
        "Rush": {
            "precision": 0.7204081632653061,
            "recall": 0.7707423580786026,
            "f1-score": 0.7447257383966245,
            "support": 916.0
        },
        "Pass": {
            "precision": 0.7535211267605634,
            "recall": 0.7008733624454149,
            "f1-score": 0.7262443438914027,
            "support": 916.0
        },
        "accuracy": 0.7358078602620087,
        "macro avg": {
            "precision": 0.7369646450129348,
            "recall": 0.7358078602620087,
            "f1-score": 0.7354850411440136,
            "support": 1832.0
        },
        "weighted avg": {
            "precision": 0.7369646450129347,
            "recall": 0.7358078602620087,
            "f1-score": 0.7354850411440136,
            "support": 1832.0
        },
        "confusion_matrix": [
            [
                706,
                210
            ],
            [
                274,
                642
            ]
        ]
    },
    "mlp_results": {
        "Rush": {
            "precision": 0.6975982532751092,
            "recall": 0.6975982532751092,
            "f1-score": 0.6975982532751092,
            "support": 916.0
        },
        "Pass": {
            "precision": 0.6975982532751092,
            "recall": 0.6975982532751092,
            "f1-score": 0.6975982532751092,
            "support": 916.0
        },
        "accuracy": 0.6975982532751092,
        "macro avg": {
            "precision": 0.6975982532751092,
            "recall": 0.6975982532751092,
            "f1-score": 0.6975982532751092,
            "support": 1832.0
        },
        "weighted avg": {
            "precision": 0.6975982532751092,
            "recall": 0.6975982532751092,
            "f1-score": 0.6975982532751092,
            "support": 1832.0
        },
        "confusion_matrix": [
            [
                639,
                277
            ],
            [
                277,
                639
            ]
        ]
    },