{
    "last_gcn_results": {
        "Rush": {
            "precision": 0.6618407445708376,
            "recall": 0.6986899563318777,
            "f1-score": 0.6797663303239512,
            "support": 916.0
        },
        "Pass": {
            "precision": 0.7951002227171492,
            "recall": 0.7660944206008584,
            "f1-score": 0.780327868852459,
            "support": 1398.0
        },
        "accuracy": 0.7394122731201382,
        "macro avg": {
            "precision": 0.7284704836439935,
            "recall": 0.732392188466368,
            "f1-score": 0.7300470995882051,
            "support": 2314.0
        },
        "weighted avg": {
            "precision": 0.7423492797689983,
            "recall": 0.7394122731201382,
            "f1-score": 0.7405204491065155,
            "support": 2314.0
        },
        "confusion_matrix": [
            [
                640,
                276
            ],
            [
                327,
                1071
            ]
        ]
    },
    "best_gcn_results": {
        "Rush": {
            "precision": 0.6618407445708376,
            "recall": 0.6986899563318777,
            "f1-score": 0.6797663303239512,
            "support": 916.0
        },
        "Pass": {
            "precision": 0.7951002227171492,
            "recall": 0.7660944206008584,
            "f1-score": 0.780327868852459,
            "support": 1398.0
        },
        "accuracy": 0.7394122731201382,
        "macro avg": {
            "precision": 0.7284704836439935,
            "recall": 0.732392188466368,
            "f1-score": 0.7300470995882051,
            "support": 2314.0
        },
        "weighted avg": {
            "precision": 0.7423492797689983,
            "recall": 0.7394122731201382,
            "f1-score": 0.7405204491065155,
            "support": 2314.0
        },
        "confusion_matrix": [
            [
                640,
                276
            ],
            [
                327,
                1071
            ]
        ]
    },
    "rf_results": {
        "Rush": {
            "precision": 0.6563876651982379,
            "recall": 0.6506550218340611,
            "f1-score": 0.6535087719298246,
            "support": 916.0
        },
        "Pass": {
            "precision": 0.7724039829302988,
            "recall": 0.776824034334764,
            "f1-score": 0.7746077032810271,
            "support": 1398.0
        },
        "accuracy": 0.7268798617113224,
        "macro avg": {
            "precision": 0.7143958240642683,
            "recall": 0.7137395280844125,
            "f1-score": 0.7140582376054259,
            "support": 2314.0
        },
        "weighted avg": {
            "precision": 0.7264787681323006,
            "recall": 0.7268798617113224,
            "f1-score": 0.7266705290728588,
            "support": 2314.0
        },
        "confusion_matrix": [
            [
                596,
                320
            ],
            [
                312,
                1086
            ]
        ]
    },
    "mlp_results": {
        "Rush": {
            "precision": 0.6123535676251332,
            "recall": 0.6277292576419214,
            "f1-score": 0.6199460916442049,
            "support": 916.0
        },
        "Pass": {
            "precision": 0.752,
            "recall": 0.7396280400572246,
            "f1-score": 0.7457627118644068,
            "support": 1398.0
        },
        "accuracy": 0.6953327571305099,
        "macro avg": {
            "precision": 0.6821767838125665,
            "recall": 0.683678648849573,
            "f1-score": 0.6828544017543059,
            "support": 2314.0
        },
        "weighted avg": {
            "precision": 0.6967207726640545,
            "recall": 0.6953327571305099,
            "f1-score": 0.6959580341972914,
            "support": 2314.0
        },
        "confusion_matrix": [
            [
                575,
                341
            ],
            [
                364,
                1034
            ]
        ]
    },