{
    "last_gcn_results": {
        "Rush": {
            "precision": 0.6308943089430894,
            "recall": 0.42358078602620086,
            "f1-score": 0.5068582625734814,
            "support": 916.0
        },
        "Pass": {
            "precision": 0.6892289582107122,
            "recall": 0.8376251788268956,
            "f1-score": 0.7562156926057475,
            "support": 1398.0
        },
        "accuracy": 0.6737251512532412,
        "macro avg": {
            "precision": 0.6600616335769007,
            "recall": 0.6306029824265482,
            "f1-score": 0.6315369775896145,
            "support": 2314.0
        },
        "weighted avg": {
            "precision": 0.6661371091488529,
            "recall": 0.6737251512532412,
            "f1-score": 0.6575072198704166,
            "support": 2314.0
        },
        "confusion_matrix": [
            [
                388,
                528
            ],
            [
                227,
                1171
            ]
        ]
    },
    "best_gcn_results": {
        "Rush": {
            "precision": 0.6308943089430894,
            "recall": 0.42358078602620086,
            "f1-score": 0.5068582625734814,
            "support": 916.0
        },
        "Pass": {
            "precision": 0.6892289582107122,
            "recall": 0.8376251788268956,
            "f1-score": 0.7562156926057475,
            "support": 1398.0
        },
        "accuracy": 0.6737251512532412,
        "macro avg": {
            "precision": 0.6600616335769007,
            "recall": 0.6306029824265482,
            "f1-score": 0.6315369775896145,
            "support": 2314.0
        },
        "weighted avg": {
            "precision": 0.6661371091488529,
            "recall": 0.6737251512532412,
            "f1-score": 0.6575072198704166,
            "support": 2314.0
        },
        "confusion_matrix": [
            [
                388,
                528
            ],
            [
                227,
                1171
            ]
        ]
    },
    "rf_results": {
        "Rush": {
            "precision": 0.6729857819905213,
            "recall": 0.6200873362445415,
            "f1-score": 0.6454545454545455,
            "support": 916.0
        },
        "Pass": {
            "precision": 0.763265306122449,
            "recall": 0.8025751072961373,
            "f1-score": 0.7824267782426778,
            "support": 1398.0
        },
        "accuracy": 0.7303370786516854,
        "macro avg": {
            "precision": 0.7181255440564851,
            "recall": 0.7113312217703394,
            "f1-score": 0.7139406618486117,
            "support": 2314.0
        },
        "weighted avg": {
            "precision": 0.7275280355499141,
            "recall": 0.7303370786516854,
            "f1-score": 0.7282061363956902,
            "support": 2314.0
        },
        "confusion_matrix": [
            [
                568,
                348
            ],
            [
                276,
                1122
            ]
        ]
    },
    "mlp_results": {
        "Rush": {
            "precision": 0.577,
            "recall": 0.6299126637554585,
            "f1-score": 0.6022964509394572,
            "support": 916.0
        },
        "Pass": {
            "precision": 0.7420091324200914,
            "recall": 0.6974248927038627,
            "f1-score": 0.7190265486725663,
            "support": 1398.0
        },
        "accuracy": 0.6707000864304236,
        "macro avg": {
            "precision": 0.6595045662100456,
            "recall": 0.6636687782296606,
            "f1-score": 0.6606614998060117,
            "support": 2314.0
        },
        "weighted avg": {
            "precision": 0.6766900462935556,
            "recall": 0.6707000864304236,
            "f1-score": 0.6728187831049224,
            "support": 2314.0
        },
        "confusion_matrix": [
            [
                577,
                339
            ],
            [
                423,
                975
            ]
        ]
    },
    "train_losses": [
        0.6554418697547004,
        0.4058270016979315,
        0.2966101513131776,
        0.2158412930254604,
        0.15688545246858815,
        0.0878774271234193,
        0.04905625699351537,
        0.029513094240532764,
        0.024201479916549876,
        0.02272547152794475,
        0.022149105316526908,
        0.021393268410646777,
        0.02172762544987677,
        0.021478107072532254,
        0.02136384777979436,
        0.021396341493046166,
        0.021349924898209482,
        0.021457109215041868,
        0.021754954243985568,
        0.021349037637549632,
        0.021372264878979908,
        0.02105842174156978,
        0.020990268872548675,
        0.02105902440359148,
        0.020906077118365604,
        0.020980918912957728,
        0.020743151058731837,
        0.020950439326023446,
        0.02074181916186532,
        0.020777408331826053,
        0.020741574746713346,
        0.02078534494432625,
        0.020757504249227763,
        0.020561245291432176,
        0.02040336556065294,
        0.02028264865530667,
        0.020582399291942666,
        0.02030285269550718,
        0.02030191533444816,
        0.020289293477051395,
        0.020103215887555825,
        0.020277284082526617,
        0.020139208426985168,
        0.02009379117068972,
        0.019922608139709908,
        0.02022779935729911,
        0.019974845175823572,
        0.019802135262639943,
        0.01973183003662469,
        0.019747438316270936,
        0.019574653117082067,
        0.019853665322155625,
        0.01935246905327256,
        0.01949715391220545,
        0.019501866148127874,
        0.019657089255269808,
        0.019100116192649733,
        0.01916113845304409,
        0.018917853803358156,
        0.019154220638931286,
        0.019005755927334715,
        0.01903901926525121,
        0.01871586066466397,
        0.01879554984374564,
        0.01862170451495205,
        0.01851866573856177,
        0.018588335044143624,
        0.018454513911920312,
        0.018260140263740246,
        0.018497614156936786,
        0.01854573523570118,
        0.018193249421839794,
        0.01830939987891167,
        0.01795155538567626,
        0.01805865577628013,
        0.01811708047605603,
        0.017890905815509943,
        0.018022605012062563,
        0.01805554801692492,
        0.01782536740067819,
        0.01785714654167304,
        0.017665340239121665,
        0.017817749032103515,
        0.01777982674394011,
        0.017501646089430032,
        0.017048950972416762,
        0.017403962665283025,
        0.01732212326991924,
        0.01732594192621255,
        0.017114410935310718,
        0.017162266307865475,
        0.017256798152539804,
        0.017530181471376076,
        0.01705538263211566,
        0.017212901562645756,
        0.01710965772925492,
        0.017458525830045608,
        0.01693492396627861,
        0.016956784853116098,
        0.016883665854566698,
        0.016589890009703855,
        0.016919320909453903,
        0.016959667541102792,
        0.01678133969026332,
        0.01692548583772264,
        0.017143314829227575,
        0.01692775967367693,
        0.01656855831719848,
        0.01661928235994485,
        0.01676755253755907,
        0.016729107593262366,
        0.0164984768084869,
        0.016609156005365,
        0.016805348704254302,
        0.01651241136082113,
        0.016499620877215997,
        0.016593905753358933,
        0.016707217303874016,
        0.016384698853560826,
        0.01621906685653779,
        0.0165570602691416,
        0.01590321188827244,
        0.016312348061131996,
        0.016077648943402148,
        0.015971942285292594,
        0.01659956463535644,
        0.016218486323804373,
        0.01626565381852335,
        0.015825124890295677,
        0.015629698189111665
    ],