{
    "last_gcn_results": {
        "Rush": {
            "precision": 0.5497458242556281,
            "recall": 0.8264192139737991,
            "f1-score": 0.6602703881378107,
            "support": 916.0
        },
        "Pass": {
            "precision": 0.6505494505494506,
            "recall": 0.3231441048034934,
            "f1-score": 0.43180160466812545,
            "support": 916.0
        },
        "accuracy": 0.5747816593886463,
        "macro avg": {
            "precision": 0.6001476374025394,
            "recall": 0.5747816593886463,
            "f1-score": 0.5460359964029681,
            "support": 1832.0
        },
        "weighted avg": {
            "precision": 0.6001476374025394,
            "recall": 0.5747816593886463,
            "f1-score": 0.5460359964029681,
            "support": 1832.0
        },
        "confusion_matrix": [
            [
                757,
                159
            ],
            [
                620,
                296
            ]
        ]
    },
    "best_gcn_results": {
        "Rush": {
            "precision": 0.5497458242556281,
            "recall": 0.8264192139737991,
            "f1-score": 0.6602703881378107,
            "support": 916.0
        },
        "Pass": {
            "precision": 0.6505494505494506,
            "recall": 0.3231441048034934,
            "f1-score": 0.43180160466812545,
            "support": 916.0
        },
        "accuracy": 0.5747816593886463,
        "macro avg": {
            "precision": 0.6001476374025394,
            "recall": 0.5747816593886463,
            "f1-score": 0.5460359964029681,
            "support": 1832.0
        },
        "weighted avg": {
            "precision": 0.6001476374025394,
            "recall": 0.5747816593886463,
            "f1-score": 0.5460359964029681,
            "support": 1832.0
        },
        "confusion_matrix": [
            [
                757,
                159
            ],
            [
                620,
                296
            ]
        ]
    },
    "rf_results": {
        "Rush": {
            "precision": 0.6939571150097466,
            "recall": 0.777292576419214,
            "f1-score": 0.733264675592173,
            "support": 916.0
        },
        "Pass": {
            "precision": 0.7468982630272953,
            "recall": 0.6572052401746725,
            "f1-score": 0.6991869918699187,
            "support": 916.0
        },
        "accuracy": 0.7172489082969432,
        "macro avg": {
            "precision": 0.720427689018521,
            "recall": 0.7172489082969433,
            "f1-score": 0.7162258337310459,
            "support": 1832.0
        },
        "weighted avg": {
            "precision": 0.720427689018521,
            "recall": 0.7172489082969432,
            "f1-score": 0.7162258337310459,
            "support": 1832.0
        },
        "confusion_matrix": [
            [
                712,
                204
            ],
            [
                314,
                602
            ]
        ]
    },
    "mlp_results": {
        "Rush": {
            "precision": 0.6589068825910931,
            "recall": 0.7106986899563319,
            "f1-score": 0.6838235294117647,
            "support": 916.0
        },
        "Pass": {
            "precision": 0.6860189573459715,
            "recall": 0.6320960698689956,
            "f1-score": 0.6579545454545455,
            "support": 916.0
        },
        "accuracy": 0.6713973799126638,
        "macro avg": {
            "precision": 0.6724629199685324,
            "recall": 0.6713973799126638,
            "f1-score": 0.6708890374331551,
            "support": 1832.0
        },
        "weighted avg": {
            "precision": 0.6724629199685322,
            "recall": 0.6713973799126638,
            "f1-score": 0.6708890374331552,
            "support": 1832.0
        },
        "confusion_matrix": [
            [
                651,
                265
            ],
            [
                337,
                579
            ]
        ]
    },
    "train_losses": [
        0.7604553019414183,
        0.5887006519922142,
        0.43955552773397477,
        0.31317386418743864,
        0.22539470690847094,
        0.13908413603006164,
        0.07004928684951178,
        0.03551569082697884,
        0.02586910744182399,
        0.02444432319187727,
        0.023224376459590725,
        0.02284527401455113,
        0.022653465713959573,
        0.022225954330684056,
        0.022406706783940883,
        0.022112637888538383,
        0.02203819185006814,
        0.02211047394679544,
        0.022246861685820615,
        0.02208230283742394,
        0.021932206453521393,
        0.021932182611663485,
        0.021937335905481557,
        0.02187828056799258,
        0.021996974261080632,
        0.02183556869381764,
        0.021814250034061285,
        0.02182095054068852,
        0.02176034893494486,
        0.02182936723766431,
        0.021716776245930155,
        0.021821048872066977,
        0.021771794525000568,
        0.021967060969826955,
        0.02175505184084991,
        0.021809478991670034,
        0.021828132998096487,
        0.02181294612545785,
        0.022096384092758263,
        0.02189579241262759,
        0.02174768395762626,
        0.02178827022594181,
        0.02181601719778092,
        0.021829002802489235,
        0.021939127562475985,
        0.021802026782530903,
        0.022127699689135527,
        0.0217763172472761,
        0.02189132854586742,
        0.0216850871271123,
        0.021718234344909753,
        0.021756428382435782,
        0.02160713203617784,
        0.021558879926556446,
        0.021724386407377942,
        0.02175298020487926,
        0.021804179063911647,
        0.021604813578350295,
        0.021529080698398945,
        0.02169165044534402,
        0.021695546830286745,
        0.021590127026448483,
        0.021697160194480355,
        0.021534622497245914,
        0.021461844525702014,
        0.02166944328553038,
        0.021542828395718434,
        0.021446470386994994,
        0.021452202464713424,
        0.021574439214226977,
        0.021473324168575267,
        0.02149081741525827,
        0.02139981441159066,
        0.02179726710736426,
        0.021368699353900764,
        0.021581715312811847,
        0.021407447323773077,
        0.02130557757909181,
        0.021404247792040716,
        0.021405150525556887,
        0.021264313218372115,
        0.021281838058773938,
        0.02182140737934842
    ],