{
    "last_gcn_results": {
        "Rush": {
            "precision": 0.5615321923390383,
            "recall": 0.7521834061135371,
            "f1-score": 0.6430237984134392,
            "support": 916.0
        },
        "Pass": {
            "precision": 0.7911683532658693,
            "recall": 0.6151645207439199,
            "f1-score": 0.6921529175050302,
            "support": 1398.0
        },
        "accuracy": 0.6694036300777874,
        "macro avg": {
            "precision": 0.6763502728024537,
            "recall": 0.6836739634287285,
            "f1-score": 0.6675883579592347,
            "support": 2314.0
        },
        "weighted avg": {
            "precision": 0.7002665713259483,
            "recall": 0.6694036300777874,
            "f1-score": 0.6727050898957401,
            "support": 2314.0
        },
        "confusion_matrix": [
            [
                689,
                227
            ],
            [
                538,
                860
            ]
        ]
    },
    "best_gcn_results": {
        "Rush": {
            "precision": 0.5615321923390383,
            "recall": 0.7521834061135371,
            "f1-score": 0.6430237984134392,
            "support": 916.0
        },
        "Pass": {
            "precision": 0.7911683532658693,
            "recall": 0.6151645207439199,
            "f1-score": 0.6921529175050302,
            "support": 1398.0
        },
        "accuracy": 0.6694036300777874,
        "macro avg": {
            "precision": 0.6763502728024537,
            "recall": 0.6836739634287285,
            "f1-score": 0.6675883579592347,
            "support": 2314.0
        },
        "weighted avg": {
            "precision": 0.7002665713259483,
            "recall": 0.6694036300777874,
            "f1-score": 0.6727050898957401,
            "support": 2314.0
        },
        "confusion_matrix": [
            [
                689,
                227
            ],
            [
                538,
                860
            ]
        ]
    },
    "rf_results": {
        "Rush": {
            "precision": 0.6650660264105642,
            "recall": 0.6048034934497817,
            "f1-score": 0.6335048599199543,
            "support": 916.0
        },
        "Pass": {
            "precision": 0.7555705604321404,
            "recall": 0.8004291845493562,
            "f1-score": 0.7773532476554359,
            "support": 1398.0
        },
        "accuracy": 0.722990492653414,
        "macro avg": {
            "precision": 0.7103182934213523,
            "recall": 0.702616338999569,
            "f1-score": 0.705429053787695,
            "support": 2314.0
        },
        "weighted avg": {
            "precision": 0.7197442193933489,
            "recall": 0.722990492653414,
            "f1-score": 0.7204106706607508,
            "support": 2314.0
        },
        "confusion_matrix": [
            [
                554,
                362
            ],
            [
                279,
                1119
            ]
        ]
    },
    "mlp_results": {
        "Rush": {
            "precision": 0.5687693898655636,
            "recall": 0.6004366812227074,
            "f1-score": 0.5841741901221456,
            "support": 916.0
        },
        "Pass": {
            "precision": 0.7282850779510023,
            "recall": 0.7017167381974249,
            "f1-score": 0.7147540983606557,
            "support": 1398.0
        },
        "accuracy": 0.6616248919619706,
        "macro avg": {
            "precision": 0.6485272339082829,
            "recall": 0.6510767097100661,
            "f1-score": 0.6494641442414006,
            "support": 2314.0
        },
        "weighted avg": {
            "precision": 0.66514057912375,
            "recall": 0.6616248919619706,
            "f1-score": 0.6630638667502515,
            "support": 2314.0
        },
        "confusion_matrix": [
            [
                550,
                366
            ],
            [
                417,
                981
            ]
        ]
    },