{
    "last_gcn_results": {
        "Rush": {
            "precision": 0.5561752988047809,
            "recall": 0.7620087336244541,
            "f1-score": 0.643021649009673,
            "support": 916.0
        },
        "Pass": {
            "precision": 0.7941454202077431,
            "recall": 0.6015736766809728,
            "f1-score": 0.6845746845746846,
            "support": 1398.0
        },
        "accuracy": 0.6650821089023337,
        "macro avg": {
            "precision": 0.6751603595062621,
            "recall": 0.6817912051527135,
            "f1-score": 0.6637981667921788,
            "support": 2314.0
        },
        "weighted avg": {
            "precision": 0.6999446288485758,
            "recall": 0.6650821089023337,
            "f1-score": 0.6681258597788546,
            "support": 2314.0
        },
        "confusion_matrix": [
            [
                698,
                218
            ],
            [
                557,
                841
            ]
        ]
    },
    "best_gcn_results": {
        "Rush": {
            "precision": 0.5561752988047809,
            "recall": 0.7620087336244541,
            "f1-score": 0.643021649009673,
            "support": 916.0
        },
        "Pass": {
            "precision": 0.7941454202077431,
            "recall": 0.6015736766809728,
            "f1-score": 0.6845746845746846,
            "support": 1398.0
        },
        "accuracy": 0.6650821089023337,
        "macro avg": {
            "precision": 0.6751603595062621,
            "recall": 0.6817912051527135,
            "f1-score": 0.6637981667921788,
            "support": 2314.0
        },
        "weighted avg": {
            "precision": 0.6999446288485758,
            "recall": 0.6650821089023337,
            "f1-score": 0.6681258597788546,
            "support": 2314.0
        },
        "confusion_matrix": [
            [
                698,
                218
            ],
            [
                557,
                841
            ]
        ]
    },
    "rf_results": {
        "Rush": {
            "precision": 0.649643705463183,
            "recall": 0.5971615720524017,
            "f1-score": 0.6222980659840728,
            "support": 916.0
        },
        "Pass": {
            "precision": 0.7493206521739131,
            "recall": 0.7889842632331903,
            "f1-score": 0.7686411149825784,
            "support": 1398.0
        },
        "accuracy": 0.7130509939498704,
        "macro avg": {
            "precision": 0.699482178818548,
            "recall": 0.693072917642796,
            "f1-score": 0.6954695904833256,
            "support": 2314.0
        },
        "weighted avg": {
            "precision": 0.7098633992840994,
            "recall": 0.7130509939498704,
            "f1-score": 0.7107110229848985,
            "support": 2314.0
        },
        "confusion_matrix": [
            [
                547,
                369
            ],
            [
                295,
                1103
            ]
        ]
    },
    "mlp_results": {
        "Rush": {
            "precision": 0.5695825049701789,
            "recall": 0.6255458515283843,
            "f1-score": 0.5962539021852237,
            "support": 916.0
        },
        "Pass": {
            "precision": 0.7377675840978594,
            "recall": 0.6902718168812589,
            "f1-score": 0.713229859571323,
            "support": 1398.0
        },
        "accuracy": 0.6646499567847882,
        "macro avg": {
            "precision": 0.6536750445340191,
            "recall": 0.6579088342048216,
            "f1-score": 0.6547418808782733,
            "support": 2314.0
        },
        "weighted avg": {
            "precision": 0.671191295212399,
            "recall": 0.6646499567847882,
            "f1-score": 0.6669247701306718,
            "support": 2314.0
        },
        "confusion_matrix": [
            [
                573,
                343
            ],
            [
                433,
                965
            ]
        ]
    },