{
    "last_gcn_results": {
        "Rush": {
            "precision": 0.64,
            "recall": 0.707037643207856,
            "f1-score": 0.671850699844479,
            "support": 611.0
        },
        "Pass": {
            "precision": 0.6727605118829981,
            "recall": 0.602291325695581,
            "f1-score": 0.6355785837651122,
            "support": 611.0
        },
        "accuracy": 0.6546644844517185,
        "macro avg": {
            "precision": 0.6563802559414991,
            "recall": 0.6546644844517184,
            "f1-score": 0.6537146418047957,
            "support": 1222.0
        },
        "weighted avg": {
            "precision": 0.6563802559414991,
            "recall": 0.6546644844517185,
            "f1-score": 0.6537146418047957,
            "support": 1222.0
        },
        "confusion_matrix": [
            [
                432,
                179
            ],
            [
                243,
                368
            ]
        ]
    },
    "best_gcn_results": {
        "Rush": {
            "precision": 0.64,
            "recall": 0.707037643207856,
            "f1-score": 0.671850699844479,
            "support": 611.0
        },
        "Pass": {
            "precision": 0.6727605118829981,
            "recall": 0.602291325695581,
            "f1-score": 0.6355785837651122,
            "support": 611.0
        },
        "accuracy": 0.6546644844517185,
        "macro avg": {
            "precision": 0.6563802559414991,
            "recall": 0.6546644844517184,
            "f1-score": 0.6537146418047957,
            "support": 1222.0
        },
        "weighted avg": {
            "precision": 0.6563802559414991,
            "recall": 0.6546644844517185,
            "f1-score": 0.6537146418047957,
            "support": 1222.0
        },
        "confusion_matrix": [
            [
                432,
                179
            ],
            [
                243,
                368
            ]
        ]
    },
    "rf_results": {
        "Rush": {
            "precision": 0.7147058823529412,
            "recall": 0.795417348608838,
            "f1-score": 0.7529047250193648,
            "support": 611.0
        },
        "Pass": {
            "precision": 0.7693726937269373,
            "recall": 0.6824877250409165,
            "f1-score": 0.7233304423243712,
            "support": 611.0
        },
        "accuracy": 0.7389525368248773,
        "macro avg": {
            "precision": 0.7420392880399392,
            "recall": 0.7389525368248773,
            "f1-score": 0.738117583671868,
            "support": 1222.0
        },
        "weighted avg": {
            "precision": 0.7420392880399391,
            "recall": 0.7389525368248773,
            "f1-score": 0.738117583671868,
            "support": 1222.0
        },
        "confusion_matrix": [
            [
                486,
                125
            ],
            [
                194,
                417
            ]
        ]
    },
    "mlp_results": {
        "Rush": {
            "precision": 0.6890243902439024,
            "recall": 0.7397708674304418,
            "f1-score": 0.7134964483030781,
            "support": 611.0
        },
        "Pass": {
            "precision": 0.7190812720848057,
            "recall": 0.6661211129296236,
            "f1-score": 0.6915887850467289,
            "support": 611.0
        },
        "accuracy": 0.7029459901800328,
        "macro avg": {
            "precision": 0.704052831164354,
            "recall": 0.7029459901800328,
            "f1-score": 0.7025426166749036,
            "support": 1222.0
        },
        "weighted avg": {
            "precision": 0.704052831164354,
            "recall": 0.7029459901800328,
            "f1-score": 0.7025426166749036,
            "support": 1222.0
        },
        "confusion_matrix": [
            [
                452,
                159
            ],
            [
                204,
                407
            ]
        ]
    },
    "config": {
        "RANDOM_SEED": 12,
        "GNN_EPOCHS": 200,
        "GNN_HIDDEN_CHANNELS": 64,
        "GNN_HIDDEN_LAYERS": 3,
        "GNN_LEARNING_RATE": 1e-05,
        "GNN_DROPOUT": 0.4,
        "GNN_WEIGHT_DECAY": 0.005,
        "RF_ESTIMATORS": 100,
        "MLP_HIDDEN_CHANNELS": 32,
        "MLP_HIDDEN_LAYERS": 2,
        "MLP_MAX_ITER": 3000,
        "MLP_LEARNING_RATE": 0.001,
        "MLP_ALPHA": 0.0005,
        "VALIDATION_SPLIT": 0.8,
        "TEST_SPLIT": 0.9,
        "SHOW_INFO": true
    }
}