{
    "last_gcn_results": {
        "Rush": {
            "precision": 0.6093868281604845,
            "recall": 0.87882096069869,
            "f1-score": 0.7197139025480555,
            "support": 916.0
        },
        "Pass": {
            "precision": 0.7827788649706457,
            "recall": 0.4366812227074236,
            "f1-score": 0.5606166783461808,
            "support": 916.0
        },
        "accuracy": 0.6577510917030568,
        "macro avg": {
            "precision": 0.6960828465655651,
            "recall": 0.6577510917030568,
            "f1-score": 0.6401652904471181,
            "support": 1832.0
        },
        "weighted avg": {
            "precision": 0.6960828465655651,
            "recall": 0.6577510917030568,
            "f1-score": 0.6401652904471181,
            "support": 1832.0
        },
        "confusion_matrix": [
            [
                805,
                111
            ],
            [
                516,
                400
            ]
        ]
    },
    "best_gcn_results": {
        "Rush": {
            "precision": 0.6093868281604845,
            "recall": 0.87882096069869,
            "f1-score": 0.7197139025480555,
            "support": 916.0
        },
        "Pass": {
            "precision": 0.7827788649706457,
            "recall": 0.4366812227074236,
            "f1-score": 0.5606166783461808,
            "support": 916.0
        },
        "accuracy": 0.6577510917030568,
        "macro avg": {
            "precision": 0.6960828465655651,
            "recall": 0.6577510917030568,
            "f1-score": 0.6401652904471181,
            "support": 1832.0
        },
        "weighted avg": {
            "precision": 0.6960828465655651,
            "recall": 0.6577510917030568,
            "f1-score": 0.6401652904471181,
            "support": 1832.0
        },
        "confusion_matrix": [
            [
                805,
                111
            ],
            [
                516,
                400
            ]
        ]
    },
    "rf_results": {
        "Rush": {
            "precision": 0.6882745471877979,
            "recall": 0.7882096069868996,
            "f1-score": 0.7348600508905853,
            "support": 916.0
        },
        "Pass": {
            "precision": 0.7522349936143039,
            "recall": 0.6430131004366813,
            "f1-score": 0.6933490288404944,
            "support": 916.0
        },
        "accuracy": 0.7156113537117904,
        "macro avg": {
            "precision": 0.7202547704010509,
            "recall": 0.7156113537117904,
            "f1-score": 0.7141045398655399,
            "support": 1832.0
        },
        "weighted avg": {
            "precision": 0.720254770401051,
            "recall": 0.7156113537117904,
            "f1-score": 0.7141045398655399,
            "support": 1832.0
        },
        "confusion_matrix": [
            [
                722,
                194
            ],
            [
                327,
                589
            ]
        ]
    },
    "mlp_results": {
        "Rush": {
            "precision": 0.6605128205128206,
            "recall": 0.7030567685589519,
            "f1-score": 0.6811210999471179,
            "support": 916.0
        },
        "Pass": {
            "precision": 0.6826137689614936,
            "recall": 0.638646288209607,
            "f1-score": 0.6598984771573604,
            "support": 916.0
        },
        "accuracy": 0.6708515283842795,
        "macro avg": {
            "precision": 0.671563294737157,
            "recall": 0.6708515283842795,
            "f1-score": 0.6705097885522391,
            "support": 1832.0
        },
        "weighted avg": {
            "precision": 0.671563294737157,
            "recall": 0.6708515283842795,
            "f1-score": 0.6705097885522391,
            "support": 1832.0
        },
        "confusion_matrix": [
            [
                644,
                272
            ],
            [
                331,
                585
            ]
        ]
    },