{
    "last_gcn_results": {
        "Rush": {
            "precision": 0.6013864818024264,
            "recall": 0.75764192139738,
            "f1-score": 0.6705314009661836,
            "support": 916.0
        },
        "Pass": {
            "precision": 0.8086206896551724,
            "recall": 0.670958512160229,
            "f1-score": 0.7333854573885848,
            "support": 1398.0
        },
        "accuracy": 0.7052722558340536,
        "macro avg": {
            "precision": 0.7050035857287994,
            "recall": 0.7143002167788044,
            "f1-score": 0.7019584291773842,
            "support": 2314.0
        },
        "weighted avg": {
            "precision": 0.7265867508508875,
            "recall": 0.7052722558340536,
            "f1-score": 0.7085045949499852,
            "support": 2314.0
        },
        "confusion_matrix": [
            [
                694,
                222
            ],
            [
                460,
                938
            ]
        ]
    },
    "best_gcn_results": {
        "Rush": {
            "precision": 0.6013864818024264,
            "recall": 0.75764192139738,
            "f1-score": 0.6705314009661836,
            "support": 916.0
        },
        "Pass": {
            "precision": 0.8086206896551724,
            "recall": 0.670958512160229,
            "f1-score": 0.7333854573885848,
            "support": 1398.0
        },
        "accuracy": 0.7052722558340536,
        "macro avg": {
            "precision": 0.7050035857287994,
            "recall": 0.7143002167788044,
            "f1-score": 0.7019584291773842,
            "support": 2314.0
        },
        "weighted avg": {
            "precision": 0.7265867508508875,
            "recall": 0.7052722558340536,
            "f1-score": 0.7085045949499852,
            "support": 2314.0
        },
        "confusion_matrix": [
            [
                694,
                222
            ],
            [
                460,
                938
            ]
        ]
    },
    "rf_results": {
        "Rush": {
            "precision": 0.6552941176470588,
            "recall": 0.6080786026200873,
            "f1-score": 0.6308040770101925,
            "support": 916.0
        },
        "Pass": {
            "precision": 0.7547814207650273,
            "recall": 0.790414878397711,
            "f1-score": 0.7721872816212438,
            "support": 1398.0
        },
        "accuracy": 0.7182368193604148,
        "macro avg": {
            "precision": 0.705037769206043,
            "recall": 0.6992467405088991,
            "f1-score": 0.7014956793157181,
            "support": 2314.0
        },
        "weighted avg": {
            "precision": 0.7153992385454684,
            "recall": 0.7182368193604148,
            "f1-score": 0.7162205506689002,
            "support": 2314.0
        },
        "confusion_matrix": [
            [
                557,
                359
            ],
            [
                293,
                1105
            ]
        ]
    },
    "mlp_results": {
        "Rush": {
            "precision": 0.5818181818181818,
            "recall": 0.5938864628820961,
            "f1-score": 0.5877903835764452,
            "support": 916.0
        },
        "Pass": {
            "precision": 0.7302393038433648,
            "recall": 0.7203147353361946,
            "f1-score": 0.7252430680590566,
            "support": 1398.0
        },
        "accuracy": 0.6702679343128781,
        "macro avg": {
            "precision": 0.6560287428307733,
            "recall": 0.6571005991091454,
            "f1-score": 0.6565167258177509,
            "support": 2314.0
        },
        "weighted avg": {
            "precision": 0.6714866038541394,
            "recall": 0.6702679343128781,
            "f1-score": 0.6708322387651621,
            "support": 2314.0
        },
        "confusion_matrix": [
            [
                544,
                372
            ],
            [
                391,
                1007
            ]
        ]
    },