{
    "last_gcn_results": {
        "Rush": {
            "precision": 0.5666041275797373,
            "recall": 0.6593886462882096,
            "f1-score": 0.6094853683148335,
            "support": 916.0
        },
        "Pass": {
            "precision": 0.75,
            "recall": 0.6695278969957081,
            "f1-score": 0.7074829931972789,
            "support": 1398.0
        },
        "accuracy": 0.665514261019879,
        "macro avg": {
            "precision": 0.6583020637898687,
            "recall": 0.6644582716419589,
            "f1-score": 0.6584841807560562,
            "support": 2314.0
        },
        "weighted avg": {
            "precision": 0.6774024982122038,
            "recall": 0.665514261019879,
            "f1-score": 0.6686905021029315,
            "support": 2314.0
        },
        "confusion_matrix": [
            [
                604,
                312
            ],
            [
                462,
                936
            ]
        ]
    },
    "best_gcn_results": {
        "Rush": {
            "precision": 0.5666041275797373,
            "recall": 0.6593886462882096,
            "f1-score": 0.6094853683148335,
            "support": 916.0
        },
        "Pass": {
            "precision": 0.75,
            "recall": 0.6695278969957081,
            "f1-score": 0.7074829931972789,
            "support": 1398.0
        },
        "accuracy": 0.665514261019879,
        "macro avg": {
            "precision": 0.6583020637898687,
            "recall": 0.6644582716419589,
            "f1-score": 0.6584841807560562,
            "support": 2314.0
        },
        "weighted avg": {
            "precision": 0.6774024982122038,
            "recall": 0.665514261019879,
            "f1-score": 0.6686905021029315,
            "support": 2314.0
        },
        "confusion_matrix": [
            [
                604,
                312
            ],
            [
                462,
                936
            ]
        ]
    },
    "rf_results": {
        "Rush": {
            "precision": 0.6643192488262911,
            "recall": 0.6179039301310044,
            "f1-score": 0.6402714932126696,
            "support": 916.0
        },
        "Pass": {
            "precision": 0.7606019151846786,
            "recall": 0.7954220314735336,
            "f1-score": 0.7776223776223776,
            "support": 1398.0
        },
        "accuracy": 0.7251512532411409,
        "macro avg": {
            "precision": 0.7124605820054848,
            "recall": 0.7066629808022691,
            "f1-score": 0.7089469354175236,
            "support": 2314.0
        },
        "weighted avg": {
            "precision": 0.7224882927195607,
            "recall": 0.7251512532411409,
            "f1-score": 0.7232518460237205,
            "support": 2314.0
        },
        "confusion_matrix": [
            [
                566,
                350
            ],
            [
                286,
                1112
            ]
        ]
    },
    "mlp_results": {
        "Rush": {
            "precision": 0.5921610169491526,
            "recall": 0.6102620087336245,
            "f1-score": 0.6010752688172043,
            "support": 916.0
        },
        "Pass": {
            "precision": 0.7394160583941606,
            "recall": 0.7246065808297568,
            "f1-score": 0.7319364161849711,
            "support": 1398.0
        },
        "accuracy": 0.6793431287813311,
        "macro avg": {
            "precision": 0.6657885376716566,
            "recall": 0.6674342947816907,
            "f1-score": 0.6665058425010877,
            "support": 2314.0
        },
        "weighted avg": {
            "precision": 0.6811249529647625,
            "recall": 0.6793431287813311,
            "f1-score": 0.6801348556884825,
            "support": 2314.0
        },
        "confusion_matrix": [
            [
                559,
                357
            ],
            [
                385,
                1013
            ]
        ]
    },
    "train_losses": [
        0.552354183304315,
        0.4380883825954964,
        0.2674935785324116,
        0.14712777054191203,
        0.06911442693514723,
        0.03512097529547909,
        0.024250251423585265,
        0.022569135766378062,
        0.021998935450418127,
        0.02180686222944668,
        0.021571660753660314,
        0.021359243340329244,
        0.02130595330601902,
        0.021283962080768565,
        0.021192744432306558,
        0.021215420556450138,
        0.02119436051514385,
        0.021282653177212656,
        0.021361914433116573,
        0.021264050234865182,
        0.021052431126581752,
        0.021133553073912768,
        0.02124564516652667,
        0.021236302918657395,
        0.02104743574925286,
        0.021016917822939758,
        0.02079817491504136,
        0.020848140371975472,
        0.020949500585107875,
        0.02085875239737464,
        0.021018307274010006,
        0.02094562667007314,
        0.020884987829258718,
        0.020818909232825852,
        0.020822351239863437,
        0.02075218367710716,
        0.020581618318925014,
        0.02066271292704207,
        0.020246259864921026,
        0.020562345565835513,
        0.02039688464523342,
        0.020484399829061452,
        0.020550393815785453,
        0.020140948941933547,
        0.02027884681520912,
        0.020185139995795316,
        0.020227531471689868,
        0.01993415403139122,
        0.020122311142088272,
        0.020130469485930374,
        0.019791997121248035,
        0.01996030962503302,
        0.019835648548030483,
        0.019721718525174684,
        0.019582420136184726,
        0.01953727709736364,
        0.01938543850753484,
        0.019469499768554676,
        0.019291418009328407,
        0.01918272060885774,
        0.018921555932699886,
        0.018855901287521237,
        0.0191109532636257,
        0.019428318323690828,
        0.018729250908723283,
        0.018801550349854947,
        0.018885885750974014,
        0.018601057953465196,
        0.01842600821623396,
        0.018512520038013798,
        0.01843412525465044,
        0.01870707656232272,
        0.018723209858043842,
        0.018358877949877665,
        0.018046372138489277,
        0.01796603357570092,
        0.017974575635727637,
        0.01816003854426405,
        0.017911791324305978,
        0.017794833006357435,
        0.017900344498587708,
        0.01792095599624307,
        0.017667381034068657,
        0.01766082284668213,
        0.017998271886531744,
        0.01739593748404628,
        0.01745860559091275,
        0.01739485111137532,
        0.017711652803090887,
        0.01742763489110807,
        0.01755450308090781,
        0.01751249396713303,
        0.017317678648793095,
        0.017412986462893087,
        0.01774367642371699,
        0.017341997447028298,
        0.017022205541681698,
        0.017200788369378914,
        0.017365578834446206,
        0.017643767884158303,
        0.01697053527842348,
        0.01713351744792514,
        0.01691348730150831,
        0.016975100501591588,
        0.016836627615008815,
        0.016681158519420515,
        0.01671909224620788,
        0.01643736231693299,
        0.016767555310168034,
        0.0165345991962867,
        0.01665607000624963,
        0.01678663894553455,
        0.016237145749999557,
        0.016583970708797524,
        0.016477454203849537,
        0.016373536510418008,
        0.01625048947870757,
        0.01632634528732465,
        0.016892205309630575,
        0.01626965121137585,
        0.01627844131028998,
        0.01615109753423003,
        0.016241419101266932
    ],