{
    "last_gcn_results": {
        "Rush": {
            "precision": 0.5831509846827133,
            "recall": 0.5818777292576419,
            "f1-score": 0.5825136612021858,
            "support": 916.0
        },
        "Pass": {
            "precision": 0.7264285714285714,
            "recall": 0.7274678111587983,
            "f1-score": 0.7269478198713367,
            "support": 1398.0
        },
        "accuracy": 0.6698357821953328,
        "macro avg": {
            "precision": 0.6547897780556424,
            "recall": 0.6546727702082201,
            "f1-score": 0.6547307405367613,
            "support": 2314.0
        },
        "weighted avg": {
            "precision": 0.6697119467703148,
            "recall": 0.6698357821953328,
            "f1-score": 0.6697733646678181,
            "support": 2314.0
        },
        "confusion_matrix": [
            [
                533,
                383
            ],
            [
                381,
                1017
            ]
        ]
    },
    "best_gcn_results": {
        "Rush": {
            "precision": 0.5831509846827133,
            "recall": 0.5818777292576419,
            "f1-score": 0.5825136612021858,
            "support": 916.0
        },
        "Pass": {
            "precision": 0.7264285714285714,
            "recall": 0.7274678111587983,
            "f1-score": 0.7269478198713367,
            "support": 1398.0
        },
        "accuracy": 0.6698357821953328,
        "macro avg": {
            "precision": 0.6547897780556424,
            "recall": 0.6546727702082201,
            "f1-score": 0.6547307405367613,
            "support": 2314.0
        },
        "weighted avg": {
            "precision": 0.6697119467703148,
            "recall": 0.6698357821953328,
            "f1-score": 0.6697733646678181,
            "support": 2314.0
        },
        "confusion_matrix": [
            [
                533,
                383
            ],
            [
                381,
                1017
            ]
        ]
    },
    "rf_results": {
        "Rush": {
            "precision": 0.6542056074766355,
            "recall": 0.611353711790393,
            "f1-score": 0.6320541760722348,
            "support": 916.0
        },
        "Pass": {
            "precision": 0.7558299039780522,
            "recall": 0.7882689556509299,
            "f1-score": 0.7717086834733894,
            "support": 1398.0
        },
        "accuracy": 0.7182368193604148,
        "macro avg": {
            "precision": 0.7050177557273438,
            "recall": 0.6998113337206615,
            "f1-score": 0.7018814297728121,
            "support": 2314.0
        },
        "weighted avg": {
            "precision": 0.7156017900647861,
            "recall": 0.7182368193604148,
            "f1-score": 0.7164262596274699,
            "support": 2314.0
        },
        "confusion_matrix": [
            [
                560,
                356
            ],
            [
                296,
                1102
            ]
        ]
    },
    "mlp_results": {
        "Rush": {
            "precision": 0.5664335664335665,
            "recall": 0.618995633187773,
            "f1-score": 0.5915492957746479,
            "support": 916.0
        },
        "Pass": {
            "precision": 0.7341964965727342,
            "recall": 0.6895565092989986,
            "f1-score": 0.7111766875691626,
            "support": 1398.0
        },
        "accuracy": 0.6616248919619706,
        "macro avg": {
            "precision": 0.6503150315031503,
            "recall": 0.6542760712433857,
            "f1-score": 0.6513629916719053,
            "support": 2314.0
        },
        "weighted avg": {
            "precision": 0.6677873159299176,
            "recall": 0.6616248919619706,
            "f1-score": 0.6638220242658889,
            "support": 2314.0
        },
        "confusion_matrix": [
            [
                567,
                349
            ],
            [
                434,
                964
            ]
        ]
    },