{
    "last_gcn_results": {
        "Rush": {
            "precision": 0.6346633416458853,
            "recall": 0.5556768558951966,
            "f1-score": 0.5925494761350407,
            "support": 916.0
        },
        "Pass": {
            "precision": 0.7308201058201058,
            "recall": 0.790414878397711,
            "f1-score": 0.7594501718213058,
            "support": 1398.0
        },
        "accuracy": 0.6974935177182369,
        "macro avg": {
            "precision": 0.6827417237329956,
            "recall": 0.6730458671464538,
            "f1-score": 0.6759998239781733,
            "support": 2314.0
        },
        "weighted avg": {
            "precision": 0.692756321903258,
            "recall": 0.6974935177182369,
            "f1-score": 0.6933823078417817,
            "support": 2314.0
        },
        "confusion_matrix": [
            [
                509,
                407
            ],
            [
                293,
                1105
            ]
        ]
    },
    "best_gcn_results": {
        "Rush": {
            "precision": 0.6346633416458853,
            "recall": 0.5556768558951966,
            "f1-score": 0.5925494761350407,
            "support": 916.0
        },
        "Pass": {
            "precision": 0.7308201058201058,
            "recall": 0.790414878397711,
            "f1-score": 0.7594501718213058,
            "support": 1398.0
        },
        "accuracy": 0.6974935177182369,
        "macro avg": {
            "precision": 0.6827417237329956,
            "recall": 0.6730458671464538,
            "f1-score": 0.6759998239781733,
            "support": 2314.0
        },
        "weighted avg": {
            "precision": 0.692756321903258,
            "recall": 0.6974935177182369,
            "f1-score": 0.6933823078417817,
            "support": 2314.0
        },
        "confusion_matrix": [
            [
                509,
                407
            ],
            [
                293,
                1105
            ]
        ]
    },
    "rf_results": {
        "Rush": {
            "precision": 0.6558363417569194,
            "recall": 0.5949781659388647,
            "f1-score": 0.6239267315397825,
            "support": 916.0
        },
        "Pass": {
            "precision": 0.7498314227916386,
            "recall": 0.7954220314735336,
            "f1-score": 0.7719541825754946,
            "support": 1398.0
        },
        "accuracy": 0.716076058772688,
        "macro avg": {
            "precision": 0.702833882274279,
            "recall": 0.6952000987061991,
            "f1-score": 0.6979404570576386,
            "support": 2314.0
        },
        "weighted avg": {
            "precision": 0.7126233440415078,
            "recall": 0.716076058772688,
            "f1-score": 0.7133573177748411,
            "support": 2314.0
        },
        "confusion_matrix": [
            [
                545,
                371
            ],
            [
                286,
                1112
            ]
        ]
    },
    "mlp_results": {
        "Rush": {
            "precision": 0.5778894472361809,
            "recall": 0.6277292576419214,
            "f1-score": 0.6017791732077447,
            "support": 916.0
        },
        "Pass": {
            "precision": 0.7414708112206216,
            "recall": 0.6995708154506438,
            "f1-score": 0.7199116672800884,
            "support": 1398.0
        },
        "accuracy": 0.6711322385479689,
        "macro avg": {
            "precision": 0.6596801292284012,
            "recall": 0.6636500365462826,
            "f1-score": 0.6608454202439165,
            "support": 2314.0
        },
        "weighted avg": {
            "precision": 0.6767169091420789,
            "recall": 0.6711322385479689,
            "f1-score": 0.673148761242808,
            "support": 2314.0
        },
        "confusion_matrix": [
            [
                575,
                341
            ],
            [
                420,
                978
            ]
        ]
    },