{
    "last_gcn_results": {
        "Rush": {
            "precision": 0.588957055214724,
            "recall": 0.8384279475982532,
            "f1-score": 0.6918918918918919,
            "support": 916.0
        },
        "Pass": {
            "precision": 0.7196969696969697,
            "recall": 0.4148471615720524,
            "f1-score": 0.5263157894736842,
            "support": 916.0
        },
        "accuracy": 0.6266375545851528,
        "macro avg": {
            "precision": 0.6543270124558469,
            "recall": 0.6266375545851528,
            "f1-score": 0.609103840682788,
            "support": 1832.0
        },
        "weighted avg": {
            "precision": 0.6543270124558468,
            "recall": 0.6266375545851528,
            "f1-score": 0.609103840682788,
            "support": 1832.0
        },
        "confusion_matrix": [
            [
                768,
                148
            ],
            [
                536,
                380
            ]
        ]
    },
    "best_gcn_results": {
        "Rush": {
            "precision": 0.588957055214724,
            "recall": 0.8384279475982532,
            "f1-score": 0.6918918918918919,
            "support": 916.0
        },
        "Pass": {
            "precision": 0.7196969696969697,
            "recall": 0.4148471615720524,
            "f1-score": 0.5263157894736842,
            "support": 916.0
        },
        "accuracy": 0.6266375545851528,
        "macro avg": {
            "precision": 0.6543270124558469,
            "recall": 0.6266375545851528,
            "f1-score": 0.609103840682788,
            "support": 1832.0
        },
        "weighted avg": {
            "precision": 0.6543270124558468,
            "recall": 0.6266375545851528,
            "f1-score": 0.609103840682788,
            "support": 1832.0
        },
        "confusion_matrix": [
            [
                768,
                148
            ],
            [
                536,
                380
            ]
        ]
    },
    "rf_results": {
        "Rush": {
            "precision": 0.6853281853281853,
            "recall": 0.7751091703056768,
            "f1-score": 0.7274590163934426,
            "support": 916.0
        },
        "Pass": {
            "precision": 0.7412060301507538,
            "recall": 0.6441048034934498,
            "f1-score": 0.6892523364485982,
            "support": 916.0
        },
        "accuracy": 0.7096069868995634,
        "macro avg": {
            "precision": 0.7132671077394696,
            "recall": 0.7096069868995634,
            "f1-score": 0.7083556764210204,
            "support": 1832.0
        },
        "weighted avg": {
            "precision": 0.7132671077394696,
            "recall": 0.7096069868995634,
            "f1-score": 0.7083556764210203,
            "support": 1832.0
        },
        "confusion_matrix": [
            [
                710,
                206
            ],
            [
                326,
                590
            ]
        ]
    },
    "mlp_results": {
        "Rush": {
            "precision": 0.6636363636363637,
            "recall": 0.7172489082969432,
            "f1-score": 0.689401888772298,
            "support": 916.0
        },
        "Pass": {
            "precision": 0.6923990498812351,
            "recall": 0.6364628820960698,
            "f1-score": 0.6632536973833902,
            "support": 916.0
        },
        "accuracy": 0.6768558951965066,
        "macro avg": {
            "precision": 0.6780177067587994,
            "recall": 0.6768558951965065,
            "f1-score": 0.6763277930778442,
            "support": 1832.0
        },
        "weighted avg": {
            "precision": 0.6780177067587995,
            "recall": 0.6768558951965066,
            "f1-score": 0.6763277930778441,
            "support": 1832.0
        },
        "confusion_matrix": [
            [
                657,
                259
            ],
            [
                333,
                583
            ]
        ]
    },