{
    "last_gcn_results": {
        "Rush": {
            "precision": 0.6575875486381323,
            "recall": 0.7379912663755459,
            "f1-score": 0.6954732510288066,
            "support": 916.0
        },
        "Pass": {
            "precision": 0.7014925373134329,
            "recall": 0.6157205240174672,
            "f1-score": 0.6558139534883721,
            "support": 916.0
        },
        "accuracy": 0.6768558951965066,
        "macro avg": {
            "precision": 0.6795400429757825,
            "recall": 0.6768558951965066,
            "f1-score": 0.6756436022585894,
            "support": 1832.0
        },
        "weighted avg": {
            "precision": 0.6795400429757825,
            "recall": 0.6768558951965066,
            "f1-score": 0.6756436022585894,
            "support": 1832.0
        },
        "confusion_matrix": [
            [
                676,
                240
            ],
            [
                352,
                564
            ]
        ]
    },
    "best_gcn_results": {
        "Rush": {
            "precision": 0.6575875486381323,
            "recall": 0.7379912663755459,
            "f1-score": 0.6954732510288066,
            "support": 916.0
        },
        "Pass": {
            "precision": 0.7014925373134329,
            "recall": 0.6157205240174672,
            "f1-score": 0.6558139534883721,
            "support": 916.0
        },
        "accuracy": 0.6768558951965066,
        "macro avg": {
            "precision": 0.6795400429757825,
            "recall": 0.6768558951965066,
            "f1-score": 0.6756436022585894,
            "support": 1832.0
        },
        "weighted avg": {
            "precision": 0.6795400429757825,
            "recall": 0.6768558951965066,
            "f1-score": 0.6756436022585894,
            "support": 1832.0
        },
        "confusion_matrix": [
            [
                676,
                240
            ],
            [
                352,
                564
            ]
        ]
    },
    "rf_results": {
        "Rush": {
            "precision": 0.6848659003831418,
            "recall": 0.7805676855895196,
            "f1-score": 0.7295918367346939,
            "support": 916.0
        },
        "Pass": {
            "precision": 0.7449238578680203,
            "recall": 0.6408296943231441,
            "f1-score": 0.6889671361502347,
            "support": 916.0
        },
        "accuracy": 0.7106986899563319,
        "macro avg": {
            "precision": 0.714894879125581,
            "recall": 0.7106986899563319,
            "f1-score": 0.7092794864424643,
            "support": 1832.0
        },
        "weighted avg": {
            "precision": 0.7148948791255811,
            "recall": 0.7106986899563319,
            "f1-score": 0.7092794864424643,
            "support": 1832.0
        },
        "confusion_matrix": [
            [
                715,
                201
            ],
            [
                329,
                587
            ]
        ]
    },
    "mlp_results": {
        "Rush": {
            "precision": 0.6547131147540983,
            "recall": 0.6975982532751092,
            "f1-score": 0.6754756871035941,
            "support": 916.0
        },
        "Pass": {
            "precision": 0.6764018691588785,
            "recall": 0.6320960698689956,
            "f1-score": 0.6534988713318285,
            "support": 916.0
        },
        "accuracy": 0.6648471615720524,
        "macro avg": {
            "precision": 0.6655574919564884,
            "recall": 0.6648471615720524,
            "f1-score": 0.6644872792177112,
            "support": 1832.0
        },
        "weighted avg": {
            "precision": 0.6655574919564884,
            "recall": 0.6648471615720524,
            "f1-score": 0.6644872792177112,
            "support": 1832.0
        },
        "confusion_matrix": [
            [
                639,
                277
            ],
            [
                337,
                579
            ]
        ]
    },