{
    "last_gcn_results": {
        "Rush": {
            "precision": 0.5850796311818944,
            "recall": 0.7620087336244541,
            "f1-score": 0.6619250829777146,
            "support": 916.0
        },
        "Pass": {
            "precision": 0.8055307760927743,
            "recall": 0.6459227467811158,
            "f1-score": 0.7169511710996427,
            "support": 1398.0
        },
        "accuracy": 0.691875540190147,
        "macro avg": {
            "precision": 0.6953052036373344,
            "recall": 0.703965740202785,
            "f1-score": 0.6894381270386787,
            "support": 2314.0
        },
        "weighted avg": {
            "precision": 0.7182648950476724,
            "recall": 0.691875540190147,
            "f1-score": 0.6951690203996919,
            "support": 2314.0
        },
        "confusion_matrix": [
            [
                698,
                218
            ],
            [
                495,
                903
            ]
        ]
    },
    "best_gcn_results": {
        "Rush": {
            "precision": 0.5850796311818944,
            "recall": 0.7620087336244541,
            "f1-score": 0.6619250829777146,
            "support": 916.0
        },
        "Pass": {
            "precision": 0.8055307760927743,
            "recall": 0.6459227467811158,
            "f1-score": 0.7169511710996427,
            "support": 1398.0
        },
        "accuracy": 0.691875540190147,
        "macro avg": {
            "precision": 0.6953052036373344,
            "recall": 0.703965740202785,
            "f1-score": 0.6894381270386787,
            "support": 2314.0
        },
        "weighted avg": {
            "precision": 0.7182648950476724,
            "recall": 0.691875540190147,
            "f1-score": 0.6951690203996919,
            "support": 2314.0
        },
        "confusion_matrix": [
            [
                698,
                218
            ],
            [
                495,
                903
            ]
        ]
    },
    "rf_results": {
        "Rush": {
            "precision": 0.6601941747572816,
            "recall": 0.5938864628820961,
            "f1-score": 0.6252873563218391,
            "support": 916.0
        },
        "Pass": {
            "precision": 0.7503355704697987,
            "recall": 0.7997138769670958,
            "f1-score": 0.7742382271468145,
            "support": 1398.0
        },
        "accuracy": 0.7182368193604148,
        "macro avg": {
            "precision": 0.7052648726135402,
            "recall": 0.696800169924596,
            "f1-score": 0.6997627917343268,
            "support": 2314.0
        },
        "weighted avg": {
            "precision": 0.7146529782171341,
            "recall": 0.7182368193604148,
            "f1-score": 0.7152758253855017,
            "support": 2314.0
        },
        "confusion_matrix": [
            [
                544,
                372
            ],
            [
                280,
                1118
            ]
        ]
    },
    "mlp_results": {
        "Rush": {
            "precision": 0.5956416464891041,
            "recall": 0.537117903930131,
            "f1-score": 0.5648679678530425,
            "support": 916.0
        },
        "Pass": {
            "precision": 0.7150537634408602,
            "recall": 0.7610872675250357,
            "f1-score": 0.7373527373527373,
            "support": 1398.0
        },
        "accuracy": 0.672428694900605,
        "macro avg": {
            "precision": 0.6553477049649822,
            "recall": 0.6491025857275834,
            "f1-score": 0.6511103526028899,
            "support": 2314.0
        },
        "weighted avg": {
            "precision": 0.6677843169724901,
            "recall": 0.672428694900605,
            "f1-score": 0.6690744102733421,
            "support": 2314.0
        },
        "confusion_matrix": [
            [
                492,
                424
            ],
            [
                334,
                1064
            ]
        ]
    },