{
    "last_gcn_results": {
        "Rush": {
            "precision": 0.6867052023121387,
            "recall": 0.648471615720524,
            "f1-score": 0.6670409882088714,
            "support": 916.0
        },
        "Pass": {
            "precision": 0.7777777777777778,
            "recall": 0.8061516452074392,
            "f1-score": 0.7917105725324903,
            "support": 1398.0
        },
        "accuracy": 0.743733794295592,
        "macro avg": {
            "precision": 0.7322414900449583,
            "recall": 0.7273116304639816,
            "f1-score": 0.7293757803706808,
            "support": 2314.0
        },
        "weighted avg": {
            "precision": 0.7417265767723649,
            "recall": 0.743733794295592,
            "f1-score": 0.7423599505616887,
            "support": 2314.0
        },
        "confusion_matrix": [
            [
                594,
                322
            ],
            [
                271,
                1127
            ]
        ]
    },
    "best_gcn_results": {
        "Rush": {
            "precision": 0.6867052023121387,
            "recall": 0.648471615720524,
            "f1-score": 0.6670409882088714,
            "support": 916.0
        },
        "Pass": {
            "precision": 0.7777777777777778,
            "recall": 0.8061516452074392,
            "f1-score": 0.7917105725324903,
            "support": 1398.0
        },
        "accuracy": 0.743733794295592,
        "macro avg": {
            "precision": 0.7322414900449583,
            "recall": 0.7273116304639816,
            "f1-score": 0.7293757803706808,
            "support": 2314.0
        },
        "weighted avg": {
            "precision": 0.7417265767723649,
            "recall": 0.743733794295592,
            "f1-score": 0.7423599505616887,
            "support": 2314.0
        },
        "confusion_matrix": [
            [
                594,
                322
            ],
            [
                271,
                1127
            ]
        ]
    },
    "rf_results": {
        "Rush": {
            "precision": 0.681551116333725,
            "recall": 0.6331877729257642,
            "f1-score": 0.656479909451047,
            "support": 916.0
        },
        "Pass": {
            "precision": 0.7703349282296651,
            "recall": 0.8061516452074392,
            "f1-score": 0.787836420831877,
            "support": 1398.0
        },
        "accuracy": 0.7376836646499568,
        "macro avg": {
            "precision": 0.725943022281695,
            "recall": 0.7196697090666018,
            "f1-score": 0.7221581651414619,
            "support": 2314.0
        },
        "weighted avg": {
            "precision": 0.7351897373495091,
            "recall": 0.7376836646499568,
            "f1-score": 0.7358387698271923,
            "support": 2314.0
        },
        "confusion_matrix": [
            [
                580,
                336
            ],
            [
                271,
                1127
            ]
        ]
    },
    "mlp_results": {
        "Rush": {
            "precision": 0.6319365798414496,
            "recall": 0.6091703056768559,
            "f1-score": 0.6203446359088383,
            "support": 916.0
        },
        "Pass": {
            "precision": 0.7498252969951084,
            "recall": 0.7675250357653791,
            "f1-score": 0.7585719335454224,
            "support": 1398.0
        },
        "accuracy": 0.7048401037165082,
        "macro avg": {
            "precision": 0.690880938418279,
            "recall": 0.6883476707211176,
            "f1-score": 0.6894582847271303,
            "support": 2314.0
        },
        "weighted avg": {
            "precision": 0.7031588903776703,
            "recall": 0.7048401037165082,
            "f1-score": 0.7038544725968005,
            "support": 2314.0
        },
        "confusion_matrix": [
            [
                558,
                358
            ],
            [
                325,
                1073
            ]
        ]
    },