{
    "last_gcn_results": {
        "Rush": {
            "precision": 0.6541811846689896,
            "recall": 0.8198689956331878,
            "f1-score": 0.7277131782945736,
            "support": 916.0
        },
        "Pass": {
            "precision": 0.7587719298245614,
            "recall": 0.5665938864628821,
            "f1-score": 0.64875,
            "support": 916.0
        },
        "accuracy": 0.6932314410480349,
        "macro avg": {
            "precision": 0.7064765572467755,
            "recall": 0.6932314410480349,
            "f1-score": 0.6882315891472868,
            "support": 1832.0
        },
        "weighted avg": {
            "precision": 0.7064765572467755,
            "recall": 0.6932314410480349,
            "f1-score": 0.6882315891472868,
            "support": 1832.0
        },
        "confusion_matrix": [
            [
                751,
                165
            ],
            [
                397,
                519
            ]
        ]
    },
    "best_gcn_results": {
        "Rush": {
            "precision": 0.6541811846689896,
            "recall": 0.8198689956331878,
            "f1-score": 0.7277131782945736,
            "support": 916.0
        },
        "Pass": {
            "precision": 0.7587719298245614,
            "recall": 0.5665938864628821,
            "f1-score": 0.64875,
            "support": 916.0
        },
        "accuracy": 0.6932314410480349,
        "macro avg": {
            "precision": 0.7064765572467755,
            "recall": 0.6932314410480349,
            "f1-score": 0.6882315891472868,
            "support": 1832.0
        },
        "weighted avg": {
            "precision": 0.7064765572467755,
            "recall": 0.6932314410480349,
            "f1-score": 0.6882315891472868,
            "support": 1832.0
        },
        "confusion_matrix": [
            [
                751,
                165
            ],
            [
                397,
                519
            ]
        ]
    },
    "rf_results": {
        "Rush": {
            "precision": 0.6943105110896818,
            "recall": 0.7860262008733624,
            "f1-score": 0.7373271889400922,
            "support": 916.0
        },
        "Pass": {
            "precision": 0.7534591194968554,
            "recall": 0.6539301310043668,
            "f1-score": 0.7001753360607832,
            "support": 916.0
        },
        "accuracy": 0.7199781659388647,
        "macro avg": {
            "precision": 0.7238848152932686,
            "recall": 0.7199781659388647,
            "f1-score": 0.7187512625004377,
            "support": 1832.0
        },
        "weighted avg": {
            "precision": 0.7238848152932685,
            "recall": 0.7199781659388647,
            "f1-score": 0.7187512625004376,
            "support": 1832.0
        },
        "confusion_matrix": [
            [
                720,
                196
            ],
            [
                317,
                599
            ]
        ]
    },
    "mlp_results": {
        "Rush": {
            "precision": 0.6302851524090463,
            "recall": 0.6997816593886463,
            "f1-score": 0.6632177961717538,
            "support": 916.0
        },
        "Pass": {
            "precision": 0.6625766871165644,
            "recall": 0.5895196506550219,
            "f1-score": 0.6239168110918544,
            "support": 916.0
        },
        "accuracy": 0.644650655021834,
        "macro avg": {
            "precision": 0.6464309197628053,
            "recall": 0.644650655021834,
            "f1-score": 0.6435673036318041,
            "support": 1832.0
        },
        "weighted avg": {
            "precision": 0.6464309197628053,
            "recall": 0.644650655021834,
            "f1-score": 0.6435673036318041,
            "support": 1832.0
        },
        "confusion_matrix": [
            [
                641,
                275
            ],
            [
                376,
                540
            ]
        ]
    },