{
    "last_gcn_results": {
        "Rush": {
            "precision": 0.6468330134357005,
            "recall": 0.7358078602620087,
            "f1-score": 0.6884576098059244,
            "support": 916.0
        },
        "Pass": {
            "precision": 0.809748427672956,
            "recall": 0.7367668097281831,
            "f1-score": 0.7715355805243446,
            "support": 1398.0
        },
        "accuracy": 0.7363872082973206,
        "macro avg": {
            "precision": 0.7282907205543283,
            "recall": 0.7362873349950959,
            "f1-score": 0.7299965951651345,
            "support": 2314.0
        },
        "weighted avg": {
            "precision": 0.7452581426939906,
            "recall": 0.7363872082973206,
            "f1-score": 0.7386490545182629,
            "support": 2314.0
        },
        "confusion_matrix": [
            [
                674,
                242
            ],
            [
                368,
                1030
            ]
        ]
    },
    "best_gcn_results": {
        "Rush": {
            "precision": 0.6468330134357005,
            "recall": 0.7358078602620087,
            "f1-score": 0.6884576098059244,
            "support": 916.0
        },
        "Pass": {
            "precision": 0.809748427672956,
            "recall": 0.7367668097281831,
            "f1-score": 0.7715355805243446,
            "support": 1398.0
        },
        "accuracy": 0.7363872082973206,
        "macro avg": {
            "precision": 0.7282907205543283,
            "recall": 0.7362873349950959,
            "f1-score": 0.7299965951651345,
            "support": 2314.0
        },
        "weighted avg": {
            "precision": 0.7452581426939906,
            "recall": 0.7363872082973206,
            "f1-score": 0.7386490545182629,
            "support": 2314.0
        },
        "confusion_matrix": [
            [
                674,
                242
            ],
            [
                368,
                1030
            ]
        ]
    },
    "rf_results": {
        "Rush": {
            "precision": 0.6765402843601895,
            "recall": 0.6233624454148472,
            "f1-score": 0.6488636363636363,
            "support": 916.0
        },
        "Pass": {
            "precision": 0.7653061224489796,
            "recall": 0.8047210300429185,
            "f1-score": 0.7845188284518828,
            "support": 1398.0
        },
        "accuracy": 0.7329299913569577,
        "macro avg": {
            "precision": 0.7209232034045845,
            "recall": 0.7140417377288828,
            "f1-score": 0.7166912324077596,
            "support": 2314.0
        },
        "weighted avg": {
            "precision": 0.7301680465244629,
            "recall": 0.7329299913569577,
            "f1-score": 0.730819538930347,
            "support": 2314.0
        },
        "confusion_matrix": [
            [
                571,
                345
            ],
            [
                273,
                1125
            ]
        ]
    },
    "mlp_results": {
        "Rush": {
            "precision": 0.5922651933701657,
            "recall": 0.5851528384279476,
            "f1-score": 0.5886875343218012,
            "support": 916.0
        },
        "Pass": {
            "precision": 0.730305180979418,
            "recall": 0.7360515021459227,
            "f1-score": 0.7331670822942643,
            "support": 1398.0
        },
        "accuracy": 0.6763180639585133,
        "macro avg": {
            "precision": 0.6612851871747918,
            "recall": 0.6606021702869351,
            "f1-score": 0.6609273083080327,
            "support": 2314.0
        },
        "weighted avg": {
            "precision": 0.6756618669560492,
            "recall": 0.6763180639585133,
            "f1-score": 0.6759746596742228,
            "support": 2314.0
        },
        "confusion_matrix": [
            [
                536,
                380
            ],
            [
                369,
                1029
            ]
        ]
    },