{
    "last_gcn_results": {
        "Rush": {
            "precision": 0.58679706601467,
            "recall": 0.5240174672489083,
            "f1-score": 0.5536332179930796,
            "support": 916.0
        },
        "Pass": {
            "precision": 0.7085561497326203,
            "recall": 0.7582260371959942,
            "f1-score": 0.7325501036627505,
            "support": 1398.0
        },
        "accuracy": 0.665514261019879,
        "macro avg": {
            "precision": 0.6476766078736451,
            "recall": 0.6411217522224513,
            "f1-score": 0.6430916608279151,
            "support": 2314.0
        },
        "weighted avg": {
            "precision": 0.6603576533256874,
            "recall": 0.665514261019879,
            "f1-score": 0.6617256147805471,
            "support": 2314.0
        },
        "confusion_matrix": [
            [
                480,
                436
            ],
            [
                338,
                1060
            ]
        ]
    },
    "best_gcn_results": {
        "Rush": {
            "precision": 0.58679706601467,
            "recall": 0.5240174672489083,
            "f1-score": 0.5536332179930796,
            "support": 916.0
        },
        "Pass": {
            "precision": 0.7085561497326203,
            "recall": 0.7582260371959942,
            "f1-score": 0.7325501036627505,
            "support": 1398.0
        },
        "accuracy": 0.665514261019879,
        "macro avg": {
            "precision": 0.6476766078736451,
            "recall": 0.6411217522224513,
            "f1-score": 0.6430916608279151,
            "support": 2314.0
        },
        "weighted avg": {
            "precision": 0.6603576533256874,
            "recall": 0.665514261019879,
            "f1-score": 0.6617256147805471,
            "support": 2314.0
        },
        "confusion_matrix": [
            [
                480,
                436
            ],
            [
                338,
                1060
            ]
        ]
    },
    "rf_results": {
        "Rush": {
            "precision": 0.6626936829558999,
            "recall": 0.6069868995633187,
            "f1-score": 0.6336182336182337,
            "support": 916.0
        },
        "Pass": {
            "precision": 0.7559322033898305,
            "recall": 0.7975679542203148,
            "f1-score": 0.7761921336581971,
            "support": 1398.0
        },
        "accuracy": 0.7221261884183232,
        "macro avg": {
            "precision": 0.7093129431728652,
            "recall": 0.7022774268918168,
            "f1-score": 0.7049051836382154,
            "support": 2314.0
        },
        "weighted avg": {
            "precision": 0.7190236101670645,
            "recall": 0.7221261884183232,
            "f1-score": 0.7197540643251779,
            "support": 2314.0
        },
        "confusion_matrix": [
            [
                556,
                360
            ],
            [
                283,
                1115
            ]
        ]
    },
    "mlp_results": {
        "Rush": {
            "precision": 0.5947916666666667,
            "recall": 0.6233624454148472,
            "f1-score": 0.6087420042643923,
            "support": 916.0
        },
        "Pass": {
            "precision": 0.7451994091580503,
            "recall": 0.7217453505007153,
            "f1-score": 0.7332848837209303,
            "support": 1398.0
        },
        "accuracy": 0.682800345721694,
        "macro avg": {
            "precision": 0.6699955379123586,
            "recall": 0.6725538979577812,
            "f1-score": 0.6710134439926613,
            "support": 2314.0
        },
        "weighted avg": {
            "precision": 0.6856603027958604,
            "recall": 0.682800345721694,
            "f1-score": 0.6839844180415054,
            "support": 2314.0
        },
        "confusion_matrix": [
            [
                571,
                345
            ],
            [
                389,
                1009
            ]
        ]
    },