{
    "last_gcn_results": {
        "Rush": {
            "precision": 0.6833976833976834,
            "recall": 0.5796943231441049,
            "f1-score": 0.6272888363851152,
            "support": 916.0
        },
        "Pass": {
            "precision": 0.7495120364346128,
            "recall": 0.8240343347639485,
            "f1-score": 0.7850085178875639,
            "support": 1398.0
        },
        "accuracy": 0.7273120138288678,
        "macro avg": {
            "precision": 0.7164548599161481,
            "recall": 0.7018643289540267,
            "f1-score": 0.7061486771363396,
            "support": 2314.0
        },
        "weighted avg": {
            "precision": 0.7233405812134255,
            "recall": 0.7273120138288678,
            "f1-score": 0.7225749706722473,
            "support": 2314.0
        },
        "confusion_matrix": [
            [
                531,
                385
            ],
            [
                246,
                1152
            ]
        ]
    },
    "best_gcn_results": {
        "Rush": {
            "precision": 0.6833976833976834,
            "recall": 0.5796943231441049,
            "f1-score": 0.6272888363851152,
            "support": 916.0
        },
        "Pass": {
            "precision": 0.7495120364346128,
            "recall": 0.8240343347639485,
            "f1-score": 0.7850085178875639,
            "support": 1398.0
        },
        "accuracy": 0.7273120138288678,
        "macro avg": {
            "precision": 0.7164548599161481,
            "recall": 0.7018643289540267,
            "f1-score": 0.7061486771363396,
            "support": 2314.0
        },
        "weighted avg": {
            "precision": 0.7233405812134255,
            "recall": 0.7273120138288678,
            "f1-score": 0.7225749706722473,
            "support": 2314.0
        },
        "confusion_matrix": [
            [
                531,
                385
            ],
            [
                246,
                1152
            ]
        ]
    },
    "rf_results": {
        "Rush": {
            "precision": 0.696,
            "recall": 0.5698689956331878,
            "f1-score": 0.6266506602641057,
            "support": 916.0
        },
        "Pass": {
            "precision": 0.7480818414322251,
            "recall": 0.8369098712446352,
            "f1-score": 0.7900067521944631,
            "support": 1398.0
        },
        "accuracy": 0.7312013828867762,
        "macro avg": {
            "precision": 0.7220409207161125,
            "recall": 0.7033894334389115,
            "f1-score": 0.7083287062292845,
            "support": 2314.0
        },
        "weighted avg": {
            "precision": 0.7274651747287169,
            "recall": 0.7312013828867762,
            "f1-score": 0.7253420243603198,
            "support": 2314.0
        },
        "confusion_matrix": [
            [
                522,
                394
            ],
            [
                228,
                1170
            ]
        ]
    },
    "mlp_results": {
        "Rush": {
            "precision": 0.6242707117852976,
            "recall": 0.584061135371179,
            "f1-score": 0.6034968979131415,
            "support": 916.0
        },
        "Pass": {
            "precision": 0.7385037748798902,
            "recall": 0.7696709585121603,
            "f1-score": 0.7537653239929948,
            "support": 1398.0
        },
        "accuracy": 0.6961970613656007,
        "macro avg": {
            "precision": 0.6813872433325938,
            "recall": 0.6768660469416696,
            "f1-score": 0.6786311109530682,
            "support": 2314.0
        },
        "weighted avg": {
            "precision": 0.6932844638191094,
            "recall": 0.6961970613656007,
            "f1-score": 0.6942813662189475,
            "support": 2314.0
        },
        "confusion_matrix": [
            [
                535,
                381
            ],
            [
                322,
                1076
            ]
        ]
    },