{
    "last_gcn_results": {
        "Rush": {
            "precision": 0.6462093862815884,
            "recall": 0.7816593886462883,
            "f1-score": 0.7075098814229249,
            "support": 916.0
        },
        "Pass": {
            "precision": 0.7237569060773481,
            "recall": 0.5720524017467249,
            "f1-score": 0.6390243902439025,
            "support": 916.0
        },
        "accuracy": 0.6768558951965066,
        "macro avg": {
            "precision": 0.6849831461794682,
            "recall": 0.6768558951965066,
            "f1-score": 0.6732671358334137,
            "support": 1832.0
        },
        "weighted avg": {
            "precision": 0.6849831461794683,
            "recall": 0.6768558951965066,
            "f1-score": 0.6732671358334137,
            "support": 1832.0
        },
        "confusion_matrix": [
            [
                716,
                200
            ],
            [
                392,
                524
            ]
        ]
    },
    "best_gcn_results": {
        "Rush": {
            "precision": 0.6462093862815884,
            "recall": 0.7816593886462883,
            "f1-score": 0.7075098814229249,
            "support": 916.0
        },
        "Pass": {
            "precision": 0.7237569060773481,
            "recall": 0.5720524017467249,
            "f1-score": 0.6390243902439025,
            "support": 916.0
        },
        "accuracy": 0.6768558951965066,
        "macro avg": {
            "precision": 0.6849831461794682,
            "recall": 0.6768558951965066,
            "f1-score": 0.6732671358334137,
            "support": 1832.0
        },
        "weighted avg": {
            "precision": 0.6849831461794683,
            "recall": 0.6768558951965066,
            "f1-score": 0.6732671358334137,
            "support": 1832.0
        },
        "confusion_matrix": [
            [
                716,
                200
            ],
            [
                392,
                524
            ]
        ]
    },
    "rf_results": {
        "Rush": {
            "precision": 0.6876847290640394,
            "recall": 0.7620087336244541,
            "f1-score": 0.7229414810978767,
            "support": 916.0
        },
        "Pass": {
            "precision": 0.7331701346389229,
            "recall": 0.6539301310043668,
            "f1-score": 0.6912867859203693,
            "support": 916.0
        },
        "accuracy": 0.7079694323144105,
        "macro avg": {
            "precision": 0.7104274318514812,
            "recall": 0.7079694323144105,
            "f1-score": 0.707114133509123,
            "support": 1832.0
        },
        "weighted avg": {
            "precision": 0.7104274318514812,
            "recall": 0.7079694323144105,
            "f1-score": 0.707114133509123,
            "support": 1832.0
        },
        "confusion_matrix": [
            [
                698,
                218
            ],
            [
                317,
                599
            ]
        ]
    },
    "mlp_results": {
        "Rush": {
            "precision": 0.6550665301944729,
            "recall": 0.6986899563318777,
            "f1-score": 0.676175382989963,
            "support": 916.0
        },
        "Pass": {
            "precision": 0.6771929824561403,
            "recall": 0.6320960698689956,
            "f1-score": 0.6538678712591756,
            "support": 916.0
        },
        "accuracy": 0.6653930131004366,
        "macro avg": {
            "precision": 0.6661297563253066,
            "recall": 0.6653930131004366,
            "f1-score": 0.6650216271245692,
            "support": 1832.0
        },
        "weighted avg": {
            "precision": 0.6661297563253066,
            "recall": 0.6653930131004366,
            "f1-score": 0.6650216271245692,
            "support": 1832.0
        },
        "confusion_matrix": [
            [
                640,
                276
            ],
            [
                337,
                579
            ]
        ]
    },