{
    "last_gcn_results": {
        "Rush": {
            "precision": 0.6811594202898551,
            "recall": 0.7183406113537117,
            "f1-score": 0.6992561105207227,
            "support": 916.0
        },
        "Pass": {
            "precision": 0.8086053412462908,
            "recall": 0.7796852646638054,
            "f1-score": 0.7938820101966497,
            "support": 1398.0
        },
        "accuracy": 0.7554019014693172,
        "macro avg": {
            "precision": 0.7448823807680729,
            "recall": 0.7490129380087586,
            "f1-score": 0.7465690603586862,
            "support": 2314.0
        },
        "weighted avg": {
            "precision": 0.7581557027000094,
            "recall": 0.7554019014693172,
            "f1-score": 0.7564242210423069,
            "support": 2314.0
        },
        "confusion_matrix": [
            [
                658,
                258
            ],
            [
                308,
                1090
            ]
        ]
    },
    "best_gcn_results": {
        "Rush": {
            "precision": 0.6811594202898551,
            "recall": 0.7183406113537117,
            "f1-score": 0.6992561105207227,
            "support": 916.0
        },
        "Pass": {
            "precision": 0.8086053412462908,
            "recall": 0.7796852646638054,
            "f1-score": 0.7938820101966497,
            "support": 1398.0
        },
        "accuracy": 0.7554019014693172,
        "macro avg": {
            "precision": 0.7448823807680729,
            "recall": 0.7490129380087586,
            "f1-score": 0.7465690603586862,
            "support": 2314.0
        },
        "weighted avg": {
            "precision": 0.7581557027000094,
            "recall": 0.7554019014693172,
            "f1-score": 0.7564242210423069,
            "support": 2314.0
        },
        "confusion_matrix": [
            [
                658,
                258
            ],
            [
                308,
                1090
            ]
        ]
    },
    "rf_results": {
        "Rush": {
            "precision": 0.6741706161137441,
            "recall": 0.62117903930131,
            "f1-score": 0.6465909090909091,
            "support": 916.0
        },
        "Pass": {
            "precision": 0.7639455782312925,
            "recall": 0.8032904148783977,
            "f1-score": 0.7831241283124128,
            "support": 1398.0
        },
        "accuracy": 0.7312013828867762,
        "macro avg": {
            "precision": 0.7190580971725182,
            "recall": 0.7122347270898539,
            "f1-score": 0.714857518701661,
            "support": 2314.0
        },
        "weighted avg": {
            "precision": 0.7284080392080969,
            "recall": 0.7312013828867762,
            "f1-score": 0.7290772705739091,
            "support": 2314.0
        },
        "confusion_matrix": [
            [
                569,
                347
            ],
            [
                275,
                1123
            ]
        ]
    },
    "mlp_results": {
        "Rush": {
            "precision": 0.6146288209606987,
            "recall": 0.6146288209606987,
            "f1-score": 0.6146288209606987,
            "support": 916.0
        },
        "Pass": {
            "precision": 0.7474964234620887,
            "recall": 0.7474964234620887,
            "f1-score": 0.7474964234620887,
            "support": 1398.0
        },
        "accuracy": 0.6949006050129646,
        "macro avg": {
            "precision": 0.6810626222113937,
            "recall": 0.6810626222113937,
            "f1-score": 0.6810626222113937,
            "support": 2314.0
        },
        "weighted avg": {
            "precision": 0.6949006050129646,
            "recall": 0.6949006050129646,
            "f1-score": 0.6949006050129646,
            "support": 2314.0
        },
        "confusion_matrix": [
            [
                563,
                353
            ],
            [
                353,
                1045
            ]
        ]
    },