{
    "last_gcn_results": {
        "Rush": {
            "precision": 0.6941896024464832,
            "recall": 0.7434497816593887,
            "f1-score": 0.7179757511860833,
            "support": 916.0
        },
        "Pass": {
            "precision": 0.8237059264816204,
            "recall": 0.7854077253218884,
            "f1-score": 0.8041010618820945,
            "support": 1398.0
        },
        "accuracy": 0.7687986171132238,
        "macro avg": {
            "precision": 0.7589477644640519,
            "recall": 0.7644287534906385,
            "f1-score": 0.7610384065340889,
            "support": 2314.0
        },
        "weighted avg": {
            "precision": 0.7724367161029749,
            "recall": 0.7687986171132238,
            "f1-score": 0.7700082422634488,
            "support": 2314.0
        },
        "confusion_matrix": [
            [
                681,
                235
            ],
            [
                300,
                1098
            ]
        ]
    },
    "best_gcn_results": {
        "Rush": {
            "precision": 0.6941896024464832,
            "recall": 0.7434497816593887,
            "f1-score": 0.7179757511860833,
            "support": 916.0
        },
        "Pass": {
            "precision": 0.8237059264816204,
            "recall": 0.7854077253218884,
            "f1-score": 0.8041010618820945,
            "support": 1398.0
        },
        "accuracy": 0.7687986171132238,
        "macro avg": {
            "precision": 0.7589477644640519,
            "recall": 0.7644287534906385,
            "f1-score": 0.7610384065340889,
            "support": 2314.0
        },
        "weighted avg": {
            "precision": 0.7724367161029749,
            "recall": 0.7687986171132238,
            "f1-score": 0.7700082422634488,
            "support": 2314.0
        },
        "confusion_matrix": [
            [
                681,
                235
            ],
            [
                300,
                1098
            ]
        ]
    },
    "rf_results": {
        "Rush": {
            "precision": 0.6766666666666666,
            "recall": 0.6648471615720524,
            "f1-score": 0.670704845814978,
            "support": 916.0
        },
        "Pass": {
            "precision": 0.7828854314002829,
            "recall": 0.7918454935622318,
            "f1-score": 0.7873399715504978,
            "support": 1398.0
        },
        "accuracy": 0.7415730337078652,
        "macro avg": {
            "precision": 0.7297760490334748,
            "recall": 0.728346327567142,
            "f1-score": 0.7290224086827379,
            "support": 2314.0
        },
        "weighted avg": {
            "precision": 0.7408385910822222,
            "recall": 0.7415730337078652,
            "f1-score": 0.741169800775331,
            "support": 2314.0
        },
        "confusion_matrix": [
            [
                609,
                307
            ],
            [
                291,
                1107
            ]
        ]
    },
    "mlp_results": {
        "Rush": {
            "precision": 0.5991649269311065,
            "recall": 0.6266375545851528,
            "f1-score": 0.6125933831376734,
            "support": 916.0
        },
        "Pass": {
            "precision": 0.7477876106194691,
            "recall": 0.7253218884120172,
            "f1-score": 0.7363834422657952,
            "support": 1398.0
        },
        "accuracy": 0.6862575626620571,
        "macro avg": {
            "precision": 0.6734762687752878,
            "recall": 0.675979721498585,
            "f1-score": 0.6744884127017343,
            "support": 2314.0
        },
        "weighted avg": {
            "precision": 0.6889551221758475,
            "recall": 0.6862575626620571,
            "f1-score": 0.6873809815219061,
            "support": 2314.0
        },
        "confusion_matrix": [
            [
                574,
                342
            ],
            [
                384,
                1014
            ]
        ]
    },