{
    "last_gcn_results": {
        "Rush": {
            "precision": 0.6708074534161491,
            "recall": 0.5895196506550219,
            "f1-score": 0.6275421266705404,
            "support": 916.0
        },
        "Pass": {
            "precision": 0.7508283631544069,
            "recall": 0.8104434907010014,
            "f1-score": 0.7794977640178878,
            "support": 1398.0
        },
        "accuracy": 0.722990492653414,
        "macro avg": {
            "precision": 0.710817908285278,
            "recall": 0.6999815706780117,
            "f1-score": 0.7035199453442141,
            "support": 2314.0
        },
        "weighted avg": {
            "precision": 0.7191519788327803,
            "recall": 0.722990492653414,
            "f1-score": 0.719345921403294,
            "support": 2314.0
        },
        "confusion_matrix": [
            [
                540,
                376
            ],
            [
                265,
                1133
            ]
        ]
    },
    "best_gcn_results": {
        "Rush": {
            "precision": 0.6708074534161491,
            "recall": 0.5895196506550219,
            "f1-score": 0.6275421266705404,
            "support": 916.0
        },
        "Pass": {
            "precision": 0.7508283631544069,
            "recall": 0.8104434907010014,
            "f1-score": 0.7794977640178878,
            "support": 1398.0
        },
        "accuracy": 0.722990492653414,
        "macro avg": {
            "precision": 0.710817908285278,
            "recall": 0.6999815706780117,
            "f1-score": 0.7035199453442141,
            "support": 2314.0
        },
        "weighted avg": {
            "precision": 0.7191519788327803,
            "recall": 0.722990492653414,
            "f1-score": 0.719345921403294,
            "support": 2314.0
        },
        "confusion_matrix": [
            [
                540,
                376
            ],
            [
                265,
                1133
            ]
        ]
    },
    "rf_results": {
        "Rush": {
            "precision": 0.6716791979949874,
            "recall": 0.5851528384279476,
            "f1-score": 0.6254375729288215,
            "support": 916.0
        },
        "Pass": {
            "precision": 0.7493403693931399,
            "recall": 0.8125894134477826,
            "f1-score": 0.7796842827728209,
            "support": 1398.0
        },
        "accuracy": 0.7225583405358686,
        "macro avg": {
            "precision": 0.7105097836940637,
            "recall": 0.698871125937865,
            "f1-score": 0.7025609278508211,
            "support": 2314.0
        },
        "weighted avg": {
            "precision": 0.7185980906547182,
            "recall": 0.7225583405358686,
            "f1-score": 0.7186255160411426,
            "support": 2314.0
        },
        "confusion_matrix": [
            [
                536,
                380
            ],
            [
                262,
                1136
            ]
        ]
    },
    "mlp_results": {
        "Rush": {
            "precision": 0.6363636363636364,
            "recall": 0.611353711790393,
            "f1-score": 0.623608017817372,
            "support": 916.0
        },
        "Pass": {
            "precision": 0.7517433751743375,
            "recall": 0.771101573676681,
            "f1-score": 0.7612994350282486,
            "support": 1398.0
        },
        "accuracy": 0.7078651685393258,
        "macro avg": {
            "precision": 0.694053505768987,
            "recall": 0.691227642733537,
            "f1-score": 0.6924537264228103,
            "support": 2314.0
        },
        "weighted avg": {
            "precision": 0.7060701509951662,
            "recall": 0.7078651685393258,
            "f1-score": 0.7067941030640468,
            "support": 2314.0
        },
        "confusion_matrix": [
            [
                560,
                356
            ],
            [
                320,
                1078
            ]
        ]
    },