{
    "last_gcn_results": {
        "Rush": {
            "precision": 0.6738197424892703,
            "recall": 0.6855895196506551,
            "f1-score": 0.6796536796536796,
            "support": 916.0
        },
        "Pass": {
            "precision": 0.7916063675832128,
            "recall": 0.7825464949928469,
            "f1-score": 0.7870503597122303,
            "support": 1398.0
        },
        "accuracy": 0.7441659464131374,
        "macro avg": {
            "precision": 0.7327130550362415,
            "recall": 0.7340680073217509,
            "f1-score": 0.7333520196829549,
            "support": 2314.0
        },
        "weighted avg": {
            "precision": 0.7449803742443833,
            "recall": 0.7441659464131374,
            "f1-score": 0.7445372400347746,
            "support": 2314.0
        },
        "confusion_matrix": [
            [
                628,
                288
            ],
            [
                304,
                1094
            ]
        ]
    },
    "best_gcn_results": {
        "Rush": {
            "precision": 0.6738197424892703,
            "recall": 0.6855895196506551,
            "f1-score": 0.6796536796536796,
            "support": 916.0
        },
        "Pass": {
            "precision": 0.7916063675832128,
            "recall": 0.7825464949928469,
            "f1-score": 0.7870503597122303,
            "support": 1398.0
        },
        "accuracy": 0.7441659464131374,
        "macro avg": {
            "precision": 0.7327130550362415,
            "recall": 0.7340680073217509,
            "f1-score": 0.7333520196829549,
            "support": 2314.0
        },
        "weighted avg": {
            "precision": 0.7449803742443833,
            "recall": 0.7441659464131374,
            "f1-score": 0.7445372400347746,
            "support": 2314.0
        },
        "confusion_matrix": [
            [
                628,
                288
            ],
            [
                304,
                1094
            ]
        ]
    },
    "rf_results": {
        "Rush": {
            "precision": 0.6557562076749436,
            "recall": 0.6342794759825328,
            "f1-score": 0.6448390677025527,
            "support": 916.0
        },
        "Pass": {
            "precision": 0.7654061624649859,
            "recall": 0.7818311874105865,
            "f1-score": 0.7735314932767162,
            "support": 1398.0
        },
        "accuracy": 0.7234226447709594,
        "macro avg": {
            "precision": 0.7105811850699648,
            "recall": 0.7080553316965597,
            "f1-score": 0.7091852804896345,
            "support": 2314.0
        },
        "weighted avg": {
            "precision": 0.7220010809664212,
            "recall": 0.7234226447709594,
            "f1-score": 0.7225884242076004,
            "support": 2314.0
        },
        "confusion_matrix": [
            [
                581,
                335
            ],
            [
                305,
                1093
            ]
        ]
    },
    "mlp_results": {
        "Rush": {
            "precision": 0.6164994425863991,
            "recall": 0.6037117903930131,
            "f1-score": 0.61003861003861,
            "support": 916.0
        },
        "Pass": {
            "precision": 0.7438249823570925,
            "recall": 0.753934191702432,
            "f1-score": 0.7488454706927176,
            "support": 1398.0
        },
        "accuracy": 0.6944684528954191,
        "macro avg": {
            "precision": 0.6801622124717458,
            "recall": 0.6788229910477226,
            "f1-score": 0.6794420403656638,
            "support": 2314.0
        },
        "weighted avg": {
            "precision": 0.6934229968644585,
            "recall": 0.6944684528954191,
            "f1-score": 0.693898588947185,
            "support": 2314.0
        },
        "confusion_matrix": [
            [
                553,
                363
            ],
            [
                344,
                1054
            ]
        ]
    },