{
    "last_gcn_results": {
        "Rush": {
            "precision": 0.660238751147842,
            "recall": 0.7849344978165939,
            "f1-score": 0.7172069825436409,
            "support": 916.0
        },
        "Pass": {
            "precision": 0.8391836734693877,
            "recall": 0.7353361945636624,
            "f1-score": 0.7838353030880671,
            "support": 1398.0
        },
        "accuracy": 0.7549697493517719,
        "macro avg": {
            "precision": 0.7497112123086149,
            "recall": 0.7601353461901281,
            "f1-score": 0.750521142815854,
            "support": 2314.0
        },
        "weighted avg": {
            "precision": 0.7683480862409798,
            "recall": 0.7549697493517719,
            "f1-score": 0.7574603931404896,
            "support": 2314.0
        },
        "confusion_matrix": [
            [
                719,
                197
            ],
            [
                370,
                1028
            ]
        ]
    },
    "best_gcn_results": {
        "Rush": {
            "precision": 0.660238751147842,
            "recall": 0.7849344978165939,
            "f1-score": 0.7172069825436409,
            "support": 916.0
        },
        "Pass": {
            "precision": 0.8391836734693877,
            "recall": 0.7353361945636624,
            "f1-score": 0.7838353030880671,
            "support": 1398.0
        },
        "accuracy": 0.7549697493517719,
        "macro avg": {
            "precision": 0.7497112123086149,
            "recall": 0.7601353461901281,
            "f1-score": 0.750521142815854,
            "support": 2314.0
        },
        "weighted avg": {
            "precision": 0.7683480862409798,
            "recall": 0.7549697493517719,
            "f1-score": 0.7574603931404896,
            "support": 2314.0
        },
        "confusion_matrix": [
            [
                719,
                197
            ],
            [
                370,
                1028
            ]
        ]
    },
    "rf_results": {
        "Rush": {
            "precision": 0.6731470230862697,
            "recall": 0.6048034934497817,
            "f1-score": 0.6371477860839563,
            "support": 916.0
        },
        "Pass": {
            "precision": 0.7572099262240107,
            "recall": 0.8075822603719599,
            "f1-score": 0.7815853236413984,
            "support": 1398.0
        },
        "accuracy": 0.7273120138288678,
        "macro avg": {
            "precision": 0.7151784746551402,
            "recall": 0.7061928769108707,
            "f1-score": 0.7093665548626773,
            "support": 2314.0
        },
        "weighted avg": {
            "precision": 0.723933513400255,
            "recall": 0.7273120138288678,
            "f1-score": 0.724409530900423,
            "support": 2314.0
        },
        "confusion_matrix": [
            [
                554,
                362
            ],
            [
                269,
                1129
            ]
        ]
    },
    "mlp_results": {
        "Rush": {
            "precision": 0.6270270270270271,
            "recall": 0.6331877729257642,
            "f1-score": 0.6300923411189571,
            "support": 916.0
        },
        "Pass": {
            "precision": 0.7580993520518359,
            "recall": 0.7532188841201717,
            "f1-score": 0.7556512378902045,
            "support": 1398.0
        },
        "accuracy": 0.7057044079515989,
        "macro avg": {
            "precision": 0.6925631895394315,
            "recall": 0.693203328522968,
            "f1-score": 0.6928717895045808,
            "support": 2314.0
        },
        "weighted avg": {
            "precision": 0.7062141965968985,
            "recall": 0.7057044079515989,
            "f1-score": 0.7059485803956226,
            "support": 2314.0
        },
        "confusion_matrix": [
            [
                580,
                336
            ],
            [
                345,
                1053
            ]
        ]
    },