{
    "last_gcn_results": {
        "Rush": {
            "precision": 0.5653465346534653,
            "recall": 0.6233624454148472,
            "f1-score": 0.592938733125649,
            "support": 916.0
        },
        "Pass": {
            "precision": 0.7354294478527608,
            "recall": 0.6859799713876967,
            "f1-score": 0.7098445595854922,
            "support": 1398.0
        },
        "accuracy": 0.6611927398444253,
        "macro avg": {
            "precision": 0.650387991253113,
            "recall": 0.654671208401272,
            "f1-score": 0.6513916463555707,
            "support": 2314.0
        },
        "weighted avg": {
            "precision": 0.6681018988075773,
            "recall": 0.6611927398444253,
            "f1-score": 0.6635672315659519,
            "support": 2314.0
        },
        "confusion_matrix": [
            [
                571,
                345
            ],
            [
                439,
                959
            ]
        ]
    },
    "best_gcn_results": {
        "Rush": {
            "precision": 0.5653465346534653,
            "recall": 0.6233624454148472,
            "f1-score": 0.592938733125649,
            "support": 916.0
        },
        "Pass": {
            "precision": 0.7354294478527608,
            "recall": 0.6859799713876967,
            "f1-score": 0.7098445595854922,
            "support": 1398.0
        },
        "accuracy": 0.6611927398444253,
        "macro avg": {
            "precision": 0.650387991253113,
            "recall": 0.654671208401272,
            "f1-score": 0.6513916463555707,
            "support": 2314.0
        },
        "weighted avg": {
            "precision": 0.6681018988075773,
            "recall": 0.6611927398444253,
            "f1-score": 0.6635672315659519,
            "support": 2314.0
        },
        "confusion_matrix": [
            [
                571,
                345
            ],
            [
                439,
                959
            ]
        ]
    },
    "rf_results": {
        "Rush": {
            "precision": 0.66507747318236,
            "recall": 0.6091703056768559,
            "f1-score": 0.6358974358974359,
            "support": 916.0
        },
        "Pass": {
            "precision": 0.7572881355932204,
            "recall": 0.7989985693848355,
            "f1-score": 0.7775844065436825,
            "support": 1398.0
        },
        "accuracy": 0.7238547968885047,
        "macro avg": {
            "precision": 0.7111828043877901,
            "recall": 0.7040844375308457,
            "f1-score": 0.7067409212205592,
            "support": 2314.0
        },
        "weighted avg": {
            "precision": 0.720786421345879,
            "recall": 0.7238547968885047,
            "f1-score": 0.7214974293993601,
            "support": 2314.0
        },
        "confusion_matrix": [
            [
                558,
                358
            ],
            [
                281,
                1117
            ]
        ]
    },
    "mlp_results": {
        "Rush": {
            "precision": 0.5833333333333334,
            "recall": 0.6342794759825328,
            "f1-score": 0.6077405857740585,
            "support": 916.0
        },
        "Pass": {
            "precision": 0.7458270106221547,
            "recall": 0.7031473533619457,
            "f1-score": 0.7238586156111929,
            "support": 1398.0
        },
        "accuracy": 0.675885911840968,
        "macro avg": {
            "precision": 0.664580171977744,
            "recall": 0.6687134146722392,
            "f1-score": 0.6657996006926257,
            "support": 2314.0
        },
        "weighted avg": {
            "precision": 0.6815036707792159,
            "recall": 0.675885911840968,
            "f1-score": 0.6778931379401406,
            "support": 2314.0
        },
        "confusion_matrix": [
            [
                581,
                335
            ],
            [
                415,
                983
            ]
        ]
    },