{
    "last_gcn_results": {
        "Rush": {
            "precision": 0.5276946107784432,
            "recall": 0.769650655021834,
            "f1-score": 0.6261101243339254,
            "support": 916.0
        },
        "Pass": {
            "precision": 0.7842535787321063,
            "recall": 0.5486409155937053,
            "f1-score": 0.6456228956228957,
            "support": 1398.0
        },
        "accuracy": 0.6361279170267934,
        "macro avg": {
            "precision": 0.6559740947552748,
            "recall": 0.6591457853077697,
            "f1-score": 0.6358665099784105,
            "support": 2314.0
        },
        "weighted avg": {
            "precision": 0.6826943675628948,
            "recall": 0.6361279170267934,
            "f1-score": 0.637898738967452,
            "support": 2314.0
        },
        "confusion_matrix": [
            [
                705,
                211
            ],
            [
                631,
                767
            ]
        ]
    },
    "best_gcn_results": {
        "Rush": {
            "precision": 0.5276946107784432,
            "recall": 0.769650655021834,
            "f1-score": 0.6261101243339254,
            "support": 916.0
        },
        "Pass": {
            "precision": 0.7842535787321063,
            "recall": 0.5486409155937053,
            "f1-score": 0.6456228956228957,
            "support": 1398.0
        },
        "accuracy": 0.6361279170267934,
        "macro avg": {
            "precision": 0.6559740947552748,
            "recall": 0.6591457853077697,
            "f1-score": 0.6358665099784105,
            "support": 2314.0
        },
        "weighted avg": {
            "precision": 0.6826943675628948,
            "recall": 0.6361279170267934,
            "f1-score": 0.637898738967452,
            "support": 2314.0
        },
        "confusion_matrix": [
            [
                705,
                211
            ],
            [
                631,
                767
            ]
        ]
    },
    "rf_results": {
        "Rush": {
            "precision": 0.6498855835240275,
            "recall": 0.6200873362445415,
            "f1-score": 0.6346368715083799,
            "support": 916.0
        },
        "Pass": {
            "precision": 0.7583333333333333,
            "recall": 0.7811158798283262,
            "f1-score": 0.7695560253699789,
            "support": 1398.0
        },
        "accuracy": 0.7173725151253241,
        "macro avg": {
            "precision": 0.7041094584286804,
            "recall": 0.7006016080364339,
            "f1-score": 0.7020964484391794,
            "support": 2314.0
        },
        "weighted avg": {
            "precision": 0.7154041462869529,
            "recall": 0.7173725151253241,
            "f1-score": 0.716148097566511,
            "support": 2314.0
        },
        "confusion_matrix": [
            [
                568,
                348
            ],
            [
                306,
                1092
            ]
        ]
    },
    "mlp_results": {
        "Rush": {
            "precision": 0.5849802371541502,
            "recall": 0.6462882096069869,
            "f1-score": 0.6141078838174274,
            "support": 916.0
        },
        "Pass": {
            "precision": 0.7511520737327189,
            "recall": 0.6995708154506438,
            "f1-score": 0.7244444444444444,
            "support": 1398.0
        },
        "accuracy": 0.6784788245462403,
        "macro avg": {
            "precision": 0.6680661554434345,
            "recall": 0.6729295125288153,
            "f1-score": 0.6692761641309359,
            "support": 2314.0
        },
        "weighted avg": {
            "precision": 0.6853727296074081,
            "recall": 0.6784788245462403,
            "f1-score": 0.680767569105487,
            "support": 2314.0
        },
        "confusion_matrix": [
            [
                592,
                324
            ],
            [
                420,
                978
            ]
        ]
    },