{
    "last_gcn_results": {
        "Rush": {
            "precision": 0.6628930817610063,
            "recall": 0.5753275109170306,
            "f1-score": 0.6160140268848626,
            "support": 916.0
        },
        "Pass": {
            "precision": 0.7439104674127716,
            "recall": 0.8082975679542204,
            "f1-score": 0.7747685978745287,
            "support": 1398.0
        },
        "accuracy": 0.716076058772688,
        "macro avg": {
            "precision": 0.7034017745868889,
            "recall": 0.6918125394356255,
            "f1-score": 0.6953913123796956,
            "support": 2314.0
        },
        "weighted avg": {
            "precision": 0.7118396267658326,
            "recall": 0.716076058772688,
            "f1-score": 0.7119253882692849,
            "support": 2314.0
        },
        "confusion_matrix": [
            [
                527,
                389
            ],
            [
                268,
                1130
            ]
        ]
    },
    "best_gcn_results": {
        "Rush": {
            "precision": 0.6628930817610063,
            "recall": 0.5753275109170306,
            "f1-score": 0.6160140268848626,
            "support": 916.0
        },
        "Pass": {
            "precision": 0.7439104674127716,
            "recall": 0.8082975679542204,
            "f1-score": 0.7747685978745287,
            "support": 1398.0
        },
        "accuracy": 0.716076058772688,
        "macro avg": {
            "precision": 0.7034017745868889,
            "recall": 0.6918125394356255,
            "f1-score": 0.6953913123796956,
            "support": 2314.0
        },
        "weighted avg": {
            "precision": 0.7118396267658326,
            "recall": 0.716076058772688,
            "f1-score": 0.7119253882692849,
            "support": 2314.0
        },
        "confusion_matrix": [
            [
                527,
                389
            ],
            [
                268,
                1130
            ]
        ]
    },
    "rf_results": {
        "Rush": {
            "precision": 0.6674285714285715,
            "recall": 0.6375545851528385,
            "f1-score": 0.6521496370742602,
            "support": 916.0
        },
        "Pass": {
            "precision": 0.7692842251563586,
            "recall": 0.7918454935622318,
            "f1-score": 0.7804018329221009,
            "support": 1398.0
        },
        "accuracy": 0.7307692307692307,
        "macro avg": {
            "precision": 0.718356398292465,
            "recall": 0.7147000393575351,
            "f1-score": 0.7162757349981805,
            "support": 2314.0
        },
        "weighted avg": {
            "precision": 0.728964528175091,
            "recall": 0.7307692307692307,
            "f1-score": 0.7296330293799133,
            "support": 2314.0
        },
        "confusion_matrix": [
            [
                584,
                332
            ],
            [
                291,
                1107
            ]
        ]
    },
    "mlp_results": {
        "Rush": {
            "precision": 0.5966562173458725,
            "recall": 0.6233624454148472,
            "f1-score": 0.6097170315002669,
            "support": 916.0
        },
        "Pass": {
            "precision": 0.7457627118644068,
            "recall": 0.7238912732474965,
            "f1-score": 0.7346642468239565,
            "support": 1398.0
        },
        "accuracy": 0.6840968020743302,
        "macro avg": {
            "precision": 0.6712094646051396,
            "recall": 0.6736268593311718,
            "f1-score": 0.6721906391621117,
            "support": 2314.0
        },
        "weighted avg": {
            "precision": 0.6867387062555143,
            "recall": 0.6840968020743302,
            "f1-score": 0.6852037242498425,
            "support": 2314.0
        },
        "confusion_matrix": [
            [
                571,
                345
            ],
            [
                386,
                1012
            ]
        ]
    },