{
    "last_gcn_results": {
        "Rush": {
            "precision": 0.6971279373368147,
            "recall": 0.4369885433715221,
            "f1-score": 0.5372233400402414,
            "support": 611.0
        },
        "Pass": {
            "precision": 0.5899880810488677,
            "recall": 0.8101472995090017,
            "f1-score": 0.6827586206896552,
            "support": 611.0
        },
        "accuracy": 0.6235679214402619,
        "macro avg": {
            "precision": 0.6435580091928412,
            "recall": 0.6235679214402619,
            "f1-score": 0.6099909803649484,
            "support": 1222.0
        },
        "weighted avg": {
            "precision": 0.6435580091928412,
            "recall": 0.6235679214402619,
            "f1-score": 0.6099909803649484,
            "support": 1222.0
        },
        "confusion_matrix": [
            [
                267,
                344
            ],
            [
                116,
                495
            ]
        ]
    },
    "best_gcn_results": {
        "Rush": {
            "precision": 0.6971279373368147,
            "recall": 0.4369885433715221,
            "f1-score": 0.5372233400402414,
            "support": 611.0
        },
        "Pass": {
            "precision": 0.5899880810488677,
            "recall": 0.8101472995090017,
            "f1-score": 0.6827586206896552,
            "support": 611.0
        },
        "accuracy": 0.6235679214402619,
        "macro avg": {
            "precision": 0.6435580091928412,
            "recall": 0.6235679214402619,
            "f1-score": 0.6099909803649484,
            "support": 1222.0
        },
        "weighted avg": {
            "precision": 0.6435580091928412,
            "recall": 0.6235679214402619,
            "f1-score": 0.6099909803649484,
            "support": 1222.0
        },
        "confusion_matrix": [
            [
                267,
                344
            ],
            [
                116,
                495
            ]
        ]
    },
    "rf_results": {
        "Rush": {
            "precision": 0.7197640117994101,
            "recall": 0.7986906710310966,
            "f1-score": 0.7571761055081458,
            "support": 611.0
        },
        "Pass": {
            "precision": 0.7738970588235294,
            "recall": 0.6890343698854338,
            "f1-score": 0.729004329004329,
            "support": 611.0
        },
        "accuracy": 0.7438625204582652,
        "macro avg": {
            "precision": 0.7468305353114697,
            "recall": 0.7438625204582652,
            "f1-score": 0.7430902172562375,
            "support": 1222.0
        },
        "weighted avg": {
            "precision": 0.7468305353114697,
            "recall": 0.7438625204582652,
            "f1-score": 0.7430902172562375,
            "support": 1222.0
        },
        "confusion_matrix": [
            [
                488,
                123
            ],
            [
                190,
                421
            ]
        ]
    },
    "mlp_results": {
        "Rush": {
            "precision": 0.7350689127105666,
            "recall": 0.7855973813420621,
            "f1-score": 0.759493670886076,
            "support": 611.0
        },
        "Pass": {
            "precision": 0.7697715289982425,
            "recall": 0.7168576104746317,
            "f1-score": 0.7423728813559322,
            "support": 611.0
        },
        "accuracy": 0.7512274959083469,
        "macro avg": {
            "precision": 0.7524202208544046,
            "recall": 0.7512274959083469,
            "f1-score": 0.7509332761210041,
            "support": 1222.0
        },
        "weighted avg": {
            "precision": 0.7524202208544045,
            "recall": 0.7512274959083469,
            "f1-score": 0.7509332761210041,
            "support": 1222.0
        },
        "confusion_matrix": [
            [
                480,
                131
            ],
            [
                173,
                438
            ]
        ]
    },
    "config": {
        "RANDOM_SEED": 6,
        "GNN_EPOCHS": 500,
        "GNN_HIDDEN_CHANNELS": 128,
        "GNN_HIDDEN_LAYERS": 1,
        "GNN_LEARNING_RATE": 0.001,
        "GNN_DROPOUT": 0.5,
        "GNN_WEIGHT_DECAY": 0.0005,
        "RF_ESTIMATORS": 50,
        "MLP_HIDDEN_CHANNELS": 32,
        "MLP_HIDDEN_LAYERS": 1,
        "MLP_MAX_ITER": 3000,
        "MLP_LEARNING_RATE": 0.0001,
        "MLP_ALPHA": 5e-05,
        "VALIDATION_SPLIT": 0.8,
        "TEST_SPLIT": 0.9,
        "SHOW_INFO": true
    }
}