{
    "last_gcn_results": {
        "Rush": {
            "precision": 0.7151424287856072,
            "recall": 0.7806873977086743,
            "f1-score": 0.7464788732394366,
            "support": 611.0
        },
        "Pass": {
            "precision": 0.7585585585585586,
            "recall": 0.6890343698854338,
            "f1-score": 0.7221269296740995,
            "support": 611.0
        },
        "accuracy": 0.734860883797054,
        "macro avg": {
            "precision": 0.7368504936720829,
            "recall": 0.734860883797054,
            "f1-score": 0.7343029014567681,
            "support": 1222.0
        },
        "weighted avg": {
            "precision": 0.7368504936720829,
            "recall": 0.734860883797054,
            "f1-score": 0.7343029014567681,
            "support": 1222.0
        },
        "confusion_matrix": [
            [
                477,
                134
            ],
            [
                190,
                421
            ]
        ]
    },
    "best_gcn_results": {
        "Rush": {
            "precision": 0.7151424287856072,
            "recall": 0.7806873977086743,
            "f1-score": 0.7464788732394366,
            "support": 611.0
        },
        "Pass": {
            "precision": 0.7585585585585586,
            "recall": 0.6890343698854338,
            "f1-score": 0.7221269296740995,
            "support": 611.0
        },
        "accuracy": 0.734860883797054,
        "macro avg": {
            "precision": 0.7368504936720829,
            "recall": 0.734860883797054,
            "f1-score": 0.7343029014567681,
            "support": 1222.0
        },
        "weighted avg": {
            "precision": 0.7368504936720829,
            "recall": 0.734860883797054,
            "f1-score": 0.7343029014567681,
            "support": 1222.0
        },
        "confusion_matrix": [
            [
                477,
                134
            ],
            [
                190,
                421
            ]
        ]
    },
    "rf_results": {
        "Rush": {
            "precision": 0.7085201793721974,
            "recall": 0.7757774140752864,
            "f1-score": 0.740625,
            "support": 611.0
        },
        "Pass": {
            "precision": 0.7522603978300181,
            "recall": 0.6808510638297872,
            "f1-score": 0.7147766323024055,
            "support": 611.0
        },
        "accuracy": 0.7283142389525368,
        "macro avg": {
            "precision": 0.7303902886011078,
            "recall": 0.7283142389525368,
            "f1-score": 0.7277008161512027,
            "support": 1222.0
        },
        "weighted avg": {
            "precision": 0.7303902886011077,
            "recall": 0.7283142389525368,
            "f1-score": 0.7277008161512027,
            "support": 1222.0
        },
        "confusion_matrix": [
            [
                474,
                137
            ],
            [
                195,
                416
            ]
        ]
    },
    "mlp_results": {
        "Rush": {
            "precision": 0.6836065573770492,
            "recall": 0.6824877250409165,
            "f1-score": 0.683046683046683,
            "support": 611.0
        },
        "Pass": {
            "precision": 0.6830065359477124,
            "recall": 0.6841243862520459,
            "f1-score": 0.6835650040883074,
            "support": 611.0
        },
        "accuracy": 0.6833060556464812,
        "macro avg": {
            "precision": 0.6833065466623809,
            "recall": 0.6833060556464812,
            "f1-score": 0.6833058435674952,
            "support": 1222.0
        },
        "weighted avg": {
            "precision": 0.6833065466623808,
            "recall": 0.6833060556464812,
            "f1-score": 0.6833058435674952,
            "support": 1222.0
        },
        "confusion_matrix": [
            [
                417,
                194
            ],
            [
                193,
                418
            ]
        ]
    },
    "config": {
        "RANDOM_SEED": 5,
        "GNN_EPOCHS": 500,
        "GNN_HIDDEN_CHANNELS": 128,
        "GNN_HIDDEN_LAYERS": 2,
        "GNN_LEARNING_RATE": 1e-05,
        "GNN_DROPOUT": 0.4,
        "GNN_WEIGHT_DECAY": 5e-05,
        "RF_ESTIMATORS": 150,
        "MLP_HIDDEN_CHANNELS": 128,
        "MLP_HIDDEN_LAYERS": 3,
        "MLP_MAX_ITER": 3000,
        "MLP_LEARNING_RATE": 0.01,
        "MLP_ALPHA": 0.0005,
        "VALIDATION_SPLIT": 0.8,
        "TEST_SPLIT": 0.9,
        "SHOW_INFO": true
    }
}