{
    "last_gcn_results": {
        "Rush": {
            "precision": 0.7105263157894737,
            "recall": 0.5895196506550219,
            "f1-score": 0.6443914081145584,
            "support": 916.0
        },
        "Pass": {
            "precision": 0.758043758043758,
            "recall": 0.8426323319027181,
            "f1-score": 0.7981029810298103,
            "support": 1398.0
        },
        "accuracy": 0.742437337942956,
        "macro avg": {
            "precision": 0.7342850369166158,
            "recall": 0.71607599127887,
            "f1-score": 0.7212471945721843,
            "support": 2314.0
        },
        "weighted avg": {
            "precision": 0.7392339148696333,
            "recall": 0.742437337942956,
            "f1-score": 0.7372560489682846,
            "support": 2314.0
        },
        "confusion_matrix": [
            [
                540,
                376
            ],
            [
                220,
                1178
            ]
        ]
    },
    "best_gcn_results": {
        "Rush": {
            "precision": 0.7105263157894737,
            "recall": 0.5895196506550219,
            "f1-score": 0.6443914081145584,
            "support": 916.0
        },
        "Pass": {
            "precision": 0.758043758043758,
            "recall": 0.8426323319027181,
            "f1-score": 0.7981029810298103,
            "support": 1398.0
        },
        "accuracy": 0.742437337942956,
        "macro avg": {
            "precision": 0.7342850369166158,
            "recall": 0.71607599127887,
            "f1-score": 0.7212471945721843,
            "support": 2314.0
        },
        "weighted avg": {
            "precision": 0.7392339148696333,
            "recall": 0.742437337942956,
            "f1-score": 0.7372560489682846,
            "support": 2314.0
        },
        "confusion_matrix": [
            [
                540,
                376
            ],
            [
                220,
                1178
            ]
        ]
    },
    "rf_results": {
        "Rush": {
            "precision": 0.6674285714285715,
            "recall": 0.6375545851528385,
            "f1-score": 0.6521496370742602,
            "support": 916.0
        },
        "Pass": {
            "precision": 0.7692842251563586,
            "recall": 0.7918454935622318,
            "f1-score": 0.7804018329221009,
            "support": 1398.0
        },
        "accuracy": 0.7307692307692307,
        "macro avg": {
            "precision": 0.718356398292465,
            "recall": 0.7147000393575351,
            "f1-score": 0.7162757349981805,
            "support": 2314.0
        },
        "weighted avg": {
            "precision": 0.728964528175091,
            "recall": 0.7307692307692307,
            "f1-score": 0.7296330293799133,
            "support": 2314.0
        },
        "confusion_matrix": [
            [
                584,
                332
            ],
            [
                291,
                1107
            ]
        ]
    },
    "mlp_results": {
        "Rush": {
            "precision": 0.5966562173458725,
            "recall": 0.6233624454148472,
            "f1-score": 0.6097170315002669,
            "support": 916.0
        },
        "Pass": {
            "precision": 0.7457627118644068,
            "recall": 0.7238912732474965,
            "f1-score": 0.7346642468239565,
            "support": 1398.0
        },
        "accuracy": 0.6840968020743302,
        "macro avg": {
            "precision": 0.6712094646051396,
            "recall": 0.6736268593311718,
            "f1-score": 0.6721906391621117,
            "support": 2314.0
        },
        "weighted avg": {
            "precision": 0.6867387062555143,
            "recall": 0.6840968020743302,
            "f1-score": 0.6852037242498425,
            "support": 2314.0
        },
        "confusion_matrix": [
            [
                571,
                345
            ],
            [
                386,
                1012
            ]
        ]
    },