{
    "last_gcn_results": {
        "Rush": {
            "precision": 0.7034090909090909,
            "recall": 0.675764192139738,
            "f1-score": 0.6893095768374164,
            "support": 916.0
        },
        "Pass": {
            "precision": 0.7928870292887029,
            "recall": 0.8133047210300429,
            "f1-score": 0.8029661016949152,
            "support": 1398.0
        },
        "accuracy": 0.7588591184096802,
        "macro avg": {
            "precision": 0.7481480600988969,
            "recall": 0.7445344565848905,
            "f1-score": 0.7461378392661658,
            "support": 2314.0
        },
        "weighted avg": {
            "precision": 0.7574670675100837,
            "recall": 0.7588591184096802,
            "f1-score": 0.7579750140676598,
            "support": 2314.0
        },
        "confusion_matrix": [
            [
                619,
                297
            ],
            [
                261,
                1137
            ]
        ]
    },
    "best_gcn_results": {
        "Rush": {
            "precision": 0.7034090909090909,
            "recall": 0.675764192139738,
            "f1-score": 0.6893095768374164,
            "support": 916.0
        },
        "Pass": {
            "precision": 0.7928870292887029,
            "recall": 0.8133047210300429,
            "f1-score": 0.8029661016949152,
            "support": 1398.0
        },
        "accuracy": 0.7588591184096802,
        "macro avg": {
            "precision": 0.7481480600988969,
            "recall": 0.7445344565848905,
            "f1-score": 0.7461378392661658,
            "support": 2314.0
        },
        "weighted avg": {
            "precision": 0.7574670675100837,
            "recall": 0.7588591184096802,
            "f1-score": 0.7579750140676598,
            "support": 2314.0
        },
        "confusion_matrix": [
            [
                619,
                297
            ],
            [
                261,
                1137
            ]
        ]
    },
    "rf_results": {
        "Rush": {
            "precision": 0.6746698679471789,
            "recall": 0.6135371179039302,
            "f1-score": 0.642652944539737,
            "support": 916.0
        },
        "Pass": {
            "precision": 0.7609723160027009,
            "recall": 0.8061516452074392,
            "f1-score": 0.7829107328933658,
            "support": 1398.0
        },
        "accuracy": 0.72990492653414,
        "macro avg": {
            "precision": 0.7178210919749399,
            "recall": 0.7098443815556847,
            "f1-score": 0.7127818387165514,
            "support": 2314.0
        },
        "weighted avg": {
            "precision": 0.7268093763229869,
            "recall": 0.72990492653414,
            "f1-score": 0.727389499474211,
            "support": 2314.0
        },
        "confusion_matrix": [
            [
                562,
                354
            ],
            [
                271,
                1127
            ]
        ]
    },
    "mlp_results": {
        "Rush": {
            "precision": 0.6126526082130965,
            "recall": 0.6026200873362445,
            "f1-score": 0.6075949367088608,
            "support": 916.0
        },
        "Pass": {
            "precision": 0.7423920736022647,
            "recall": 0.7503576537911302,
            "f1-score": 0.7463536108146567,
            "support": 1398.0
        },
        "accuracy": 0.691875540190147,
        "macro avg": {
            "precision": 0.6775223409076806,
            "recall": 0.6764888705636873,
            "f1-score": 0.6769742737617588,
            "support": 2314.0
        },
        "weighted avg": {
            "precision": 0.6910345324196899,
            "recall": 0.691875540190147,
            "f1-score": 0.6914258037788272,
            "support": 2314.0
        },
        "confusion_matrix": [
            [
                552,
                364
            ],
            [
                349,
                1049
            ]
        ]
    },