{
    "last_gcn_results": {
        "Rush": {
            "precision": 0.5642076502732241,
            "recall": 0.6759410801963993,
            "f1-score": 0.6150409530900968,
            "support": 611.0
        },
        "Pass": {
            "precision": 0.5959183673469388,
            "recall": 0.4779050736497545,
            "f1-score": 0.5304268846503178,
            "support": 611.0
        },
        "accuracy": 0.5769230769230769,
        "macro avg": {
            "precision": 0.5800630088100814,
            "recall": 0.5769230769230769,
            "f1-score": 0.5727339188702073,
            "support": 1222.0
        },
        "weighted avg": {
            "precision": 0.5800630088100814,
            "recall": 0.5769230769230769,
            "f1-score": 0.5727339188702073,
            "support": 1222.0
        },
        "confusion_matrix": [
            [
                413,
                198
            ],
            [
                319,
                292
            ]
        ]
    },
    "best_gcn_results": {
        "Rush": {
            "precision": 0.5642076502732241,
            "recall": 0.6759410801963993,
            "f1-score": 0.6150409530900968,
            "support": 611.0
        },
        "Pass": {
            "precision": 0.5959183673469388,
            "recall": 0.4779050736497545,
            "f1-score": 0.5304268846503178,
            "support": 611.0
        },
        "accuracy": 0.5769230769230769,
        "macro avg": {
            "precision": 0.5800630088100814,
            "recall": 0.5769230769230769,
            "f1-score": 0.5727339188702073,
            "support": 1222.0
        },
        "weighted avg": {
            "precision": 0.5800630088100814,
            "recall": 0.5769230769230769,
            "f1-score": 0.5727339188702073,
            "support": 1222.0
        },
        "confusion_matrix": [
            [
                413,
                198
            ],
            [
                319,
                292
            ]
        ]
    },
    "rf_results": {
        "Rush": {
            "precision": 0.7102526002971769,
            "recall": 0.7823240589198036,
            "f1-score": 0.7445482866043613,
            "support": 611.0
        },
        "Pass": {
            "precision": 0.7577413479052824,
            "recall": 0.6808510638297872,
            "f1-score": 0.7172413793103448,
            "support": 611.0
        },
        "accuracy": 0.7315875613747954,
        "macro avg": {
            "precision": 0.7339969741012295,
            "recall": 0.7315875613747954,
            "f1-score": 0.730894832957353,
            "support": 1222.0
        },
        "weighted avg": {
            "precision": 0.7339969741012297,
            "recall": 0.7315875613747954,
            "f1-score": 0.7308948329573531,
            "support": 1222.0
        },
        "confusion_matrix": [
            [
                478,
                133
            ],
            [
                195,
                416
            ]
        ]
    },
    "mlp_results": {
        "Rush": {
            "precision": 0.6868044515103339,
            "recall": 0.707037643207856,
            "f1-score": 0.6967741935483871,
            "support": 611.0
        },
        "Pass": {
            "precision": 0.6981450252951096,
            "recall": 0.6775777414075287,
            "f1-score": 0.6877076411960132,
            "support": 611.0
        },
        "accuracy": 0.6923076923076923,
        "macro avg": {
            "precision": 0.6924747384027217,
            "recall": 0.6923076923076923,
            "f1-score": 0.6922409173722002,
            "support": 1222.0
        },
        "weighted avg": {
            "precision": 0.6924747384027218,
            "recall": 0.6923076923076923,
            "f1-score": 0.6922409173722002,
            "support": 1222.0
        },
        "confusion_matrix": [
            [
                432,
                179
            ],
            [
                197,
                414
            ]
        ]
    },
    "config": {
        "RANDOM_SEED": 23,
        "GNN_EPOCHS": 500,
        "GNN_HIDDEN_CHANNELS": 32,
        "GNN_HIDDEN_LAYERS": 1,
        "GNN_LEARNING_RATE": 1e-05,
        "GNN_DROPOUT": 0.4,
        "GNN_WEIGHT_DECAY": 0.0005,
        "RF_ESTIMATORS": 100,
        "MLP_HIDDEN_CHANNELS": 128,
        "MLP_HIDDEN_LAYERS": 2,
        "MLP_MAX_ITER": 3000,
        "MLP_LEARNING_RATE": 0.01,
        "MLP_ALPHA": 5e-05,
        "VALIDATION_SPLIT": 0.8,
        "TEST_SPLIT": 0.9,
        "SHOW_INFO": true
    }
}