{
    "last_gcn_results": {
        "Rush": {
            "precision": 0.7808896210873146,
            "recall": 0.7757774140752864,
            "f1-score": 0.7783251231527094,
            "support": 611.0
        },
        "Pass": {
            "precision": 0.7772357723577236,
            "recall": 0.7823240589198036,
            "f1-score": 0.7797716150081566,
            "support": 611.0
        },
        "accuracy": 0.779050736497545,
        "macro avg": {
            "precision": 0.7790626967225192,
            "recall": 0.779050736497545,
            "f1-score": 0.7790483690804331,
            "support": 1222.0
        },
        "weighted avg": {
            "precision": 0.779062696722519,
            "recall": 0.779050736497545,
            "f1-score": 0.7790483690804331,
            "support": 1222.0
        },
        "confusion_matrix": [
            [
                474,
                137
            ],
            [
                133,
                478
            ]
        ]
    },
    "best_gcn_results": {
        "Rush": {
            "precision": 0.7808896210873146,
            "recall": 0.7757774140752864,
            "f1-score": 0.7783251231527094,
            "support": 611.0
        },
        "Pass": {
            "precision": 0.7772357723577236,
            "recall": 0.7823240589198036,
            "f1-score": 0.7797716150081566,
            "support": 611.0
        },
        "accuracy": 0.779050736497545,
        "macro avg": {
            "precision": 0.7790626967225192,
            "recall": 0.779050736497545,
            "f1-score": 0.7790483690804331,
            "support": 1222.0
        },
        "weighted avg": {
            "precision": 0.779062696722519,
            "recall": 0.779050736497545,
            "f1-score": 0.7790483690804331,
            "support": 1222.0
        },
        "confusion_matrix": [
            [
                474,
                137
            ],
            [
                133,
                478
            ]
        ]
    },
    "rf_results": {
        "Rush": {
            "precision": 0.7213855421686747,
            "recall": 0.7839607201309329,
            "f1-score": 0.7513725490196078,
            "support": 611.0
        },
        "Pass": {
            "precision": 0.7634408602150538,
            "recall": 0.6972176759410802,
            "f1-score": 0.7288280581693756,
            "support": 611.0
        },
        "accuracy": 0.7405891980360065,
        "macro avg": {
            "precision": 0.7424132011918643,
            "recall": 0.7405891980360065,
            "f1-score": 0.7401003035944917,
            "support": 1222.0
        },
        "weighted avg": {
            "precision": 0.7424132011918643,
            "recall": 0.7405891980360065,
            "f1-score": 0.7401003035944916,
            "support": 1222.0
        },
        "confusion_matrix": [
            [
                479,
                132
            ],
            [
                185,
                426
            ]
        ]
    },
    "mlp_results": {
        "Rush": {
            "precision": 0.7184942716857611,
            "recall": 0.7184942716857611,
            "f1-score": 0.7184942716857611,
            "support": 611.0
        },
        "Pass": {
            "precision": 0.7184942716857611,
            "recall": 0.7184942716857611,
            "f1-score": 0.7184942716857611,
            "support": 611.0
        },
        "accuracy": 0.7184942716857611,
        "macro avg": {
            "precision": 0.7184942716857611,
            "recall": 0.7184942716857611,
            "f1-score": 0.7184942716857611,
            "support": 1222.0
        },
        "weighted avg": {
            "precision": 0.7184942716857611,
            "recall": 0.7184942716857611,
            "f1-score": 0.7184942716857611,
            "support": 1222.0
        },
        "confusion_matrix": [
            [
                439,
                172
            ],
            [
                172,
                439
            ]
        ]
    },
    "config": {
        "RANDOM_SEED": 1,
        "GNN_EPOCHS": 500,
        "GNN_HIDDEN_CHANNELS": 64,
        "GNN_HIDDEN_LAYERS": 2,
        "GNN_LEARNING_RATE": 0.001,
        "GNN_DROPOUT": 0.2,
        "GNN_WEIGHT_DECAY": 0.0005,
        "RF_ESTIMATORS": 150,
        "MLP_HIDDEN_CHANNELS": 32,
        "MLP_HIDDEN_LAYERS": 2,
        "MLP_MAX_ITER": 3000,
        "MLP_LEARNING_RATE": 0.01,
        "MLP_ALPHA": 0.0005,
        "VALIDATION_SPLIT": 0.8,
        "TEST_SPLIT": 0.9,
        "SHOW_INFO": true
    }
}