{
    "last_gcn_results": {
        "Rush": {
            "precision": 0.6875,
            "recall": 0.5764192139737991,
            "f1-score": 0.6270783847980997,
            "support": 916.0
        },
        "Pass": {
            "precision": 0.7490297542043984,
            "recall": 0.8283261802575107,
            "f1-score": 0.7866847826086957,
            "support": 1398.0
        },
        "accuracy": 0.7286084701815039,
        "macro avg": {
            "precision": 0.7182648771021992,
            "recall": 0.702372697115655,
            "f1-score": 0.7068815837033977,
            "support": 2314.0
        },
        "weighted avg": {
            "precision": 0.7246731185729253,
            "recall": 0.7286084701815039,
            "f1-score": 0.7235043762152186,
            "support": 2314.0
        },
        "confusion_matrix": [
            [
                528,
                388
            ],
            [
                240,
                1158
            ]
        ]
    },
    "best_gcn_results": {
        "Rush": {
            "precision": 0.6875,
            "recall": 0.5764192139737991,
            "f1-score": 0.6270783847980997,
            "support": 916.0
        },
        "Pass": {
            "precision": 0.7490297542043984,
            "recall": 0.8283261802575107,
            "f1-score": 0.7866847826086957,
            "support": 1398.0
        },
        "accuracy": 0.7286084701815039,
        "macro avg": {
            "precision": 0.7182648771021992,
            "recall": 0.702372697115655,
            "f1-score": 0.7068815837033977,
            "support": 2314.0
        },
        "weighted avg": {
            "precision": 0.7246731185729253,
            "recall": 0.7286084701815039,
            "f1-score": 0.7235043762152186,
            "support": 2314.0
        },
        "confusion_matrix": [
            [
                528,
                388
            ],
            [
                240,
                1158
            ]
        ]
    },
    "rf_results": {
        "Rush": {
            "precision": 0.6716791979949874,
            "recall": 0.5851528384279476,
            "f1-score": 0.6254375729288215,
            "support": 916.0
        },
        "Pass": {
            "precision": 0.7493403693931399,
            "recall": 0.8125894134477826,
            "f1-score": 0.7796842827728209,
            "support": 1398.0
        },
        "accuracy": 0.7225583405358686,
        "macro avg": {
            "precision": 0.7105097836940637,
            "recall": 0.698871125937865,
            "f1-score": 0.7025609278508211,
            "support": 2314.0
        },
        "weighted avg": {
            "precision": 0.7185980906547182,
            "recall": 0.7225583405358686,
            "f1-score": 0.7186255160411426,
            "support": 2314.0
        },
        "confusion_matrix": [
            [
                536,
                380
            ],
            [
                262,
                1136
            ]
        ]
    },
    "mlp_results": {
        "Rush": {
            "precision": 0.6363636363636364,
            "recall": 0.611353711790393,
            "f1-score": 0.623608017817372,
            "support": 916.0
        },
        "Pass": {
            "precision": 0.7517433751743375,
            "recall": 0.771101573676681,
            "f1-score": 0.7612994350282486,
            "support": 1398.0
        },
        "accuracy": 0.7078651685393258,
        "macro avg": {
            "precision": 0.694053505768987,
            "recall": 0.691227642733537,
            "f1-score": 0.6924537264228103,
            "support": 2314.0
        },
        "weighted avg": {
            "precision": 0.7060701509951662,
            "recall": 0.7078651685393258,
            "f1-score": 0.7067941030640468,
            "support": 2314.0
        },
        "confusion_matrix": [
            [
                560,
                356
            ],
            [
                320,
                1078
            ]
        ]
    },