{
    "last_gcn_results": {
        "Rush": {
            "precision": 0.7041095890410959,
            "recall": 0.8417030567685589,
            "f1-score": 0.7667826951765291,
            "support": 916.0
        },
        "Pass": {
            "precision": 0.8032564450474898,
            "recall": 0.6462882096069869,
            "f1-score": 0.7162734422262553,
            "support": 916.0
        },
        "accuracy": 0.743995633187773,
        "macro avg": {
            "precision": 0.7536830170442929,
            "recall": 0.7439956331877728,
            "f1-score": 0.7415280687013922,
            "support": 1832.0
        },
        "weighted avg": {
            "precision": 0.7536830170442929,
            "recall": 0.743995633187773,
            "f1-score": 0.7415280687013922,
            "support": 1832.0
        },
        "confusion_matrix": [
            [
                771,
                145
            ],
            [
                324,
                592
            ]
        ]
    },
    "best_gcn_results": {
        "Rush": {
            "precision": 0.7041095890410959,
            "recall": 0.8417030567685589,
            "f1-score": 0.7667826951765291,
            "support": 916.0
        },
        "Pass": {
            "precision": 0.8032564450474898,
            "recall": 0.6462882096069869,
            "f1-score": 0.7162734422262553,
            "support": 916.0
        },
        "accuracy": 0.743995633187773,
        "macro avg": {
            "precision": 0.7536830170442929,
            "recall": 0.7439956331877728,
            "f1-score": 0.7415280687013922,
            "support": 1832.0
        },
        "weighted avg": {
            "precision": 0.7536830170442929,
            "recall": 0.743995633187773,
            "f1-score": 0.7415280687013922,
            "support": 1832.0
        },
        "confusion_matrix": [
            [
                771,
                145
            ],
            [
                324,
                592
            ]
        ]
    },
    "rf_results": {
        "Rush": {
            "precision": 0.7276550998948476,
            "recall": 0.7554585152838428,
            "f1-score": 0.7412961971076594,
            "support": 916.0
        },
        "Pass": {
            "precision": 0.7457434733257662,
            "recall": 0.7172489082969432,
            "f1-score": 0.7312186978297162,
            "support": 916.0
        },
        "accuracy": 0.736353711790393,
        "macro avg": {
            "precision": 0.7366992866103068,
            "recall": 0.736353711790393,
            "f1-score": 0.7362574474686878,
            "support": 1832.0
        },
        "weighted avg": {
            "precision": 0.736699286610307,
            "recall": 0.736353711790393,
            "f1-score": 0.7362574474686878,
            "support": 1832.0
        },
        "confusion_matrix": [
            [
                692,
                224
            ],
            [
                259,
                657
            ]
        ]
    },
    "mlp_results": {
        "Rush": {
            "precision": 0.6854663774403471,
            "recall": 0.6899563318777293,
            "f1-score": 0.6877040261153428,
            "support": 916.0
        },
        "Pass": {
            "precision": 0.6879120879120879,
            "recall": 0.6834061135371179,
            "f1-score": 0.6856516976998904,
            "support": 916.0
        },
        "accuracy": 0.6866812227074236,
        "macro avg": {
            "precision": 0.6866892326762175,
            "recall": 0.6866812227074236,
            "f1-score": 0.6866778619076166,
            "support": 1832.0
        },
        "weighted avg": {
            "precision": 0.6866892326762174,
            "recall": 0.6866812227074236,
            "f1-score": 0.6866778619076166,
            "support": 1832.0
        },
        "confusion_matrix": [
            [
                632,
                284
            ],
            [
                290,
                626
            ]
        ]
    },