{
    "last_gcn_results": {
        "Rush": {
            "precision": 0.6887052341597796,
            "recall": 0.5458515283842795,
            "f1-score": 0.6090133982947625,
            "support": 916.0
        },
        "Pass": {
            "precision": 0.7380352644836272,
            "recall": 0.8383404864091559,
            "f1-score": 0.7849966510381782,
            "support": 1398.0
        },
        "accuracy": 0.7225583405358686,
        "macro avg": {
            "precision": 0.7133702493217033,
            "recall": 0.6920960073967177,
            "f1-score": 0.6970050246664703,
            "support": 2314.0
        },
        "weighted avg": {
            "precision": 0.7185079058938932,
            "recall": 0.7225583405358686,
            "f1-score": 0.7153334446799376,
            "support": 2314.0
        },
        "confusion_matrix": [
            [
                500,
                416
            ],
            [
                226,
                1172
            ]
        ]
    },
    "best_gcn_results": {
        "Rush": {
            "precision": 0.6887052341597796,
            "recall": 0.5458515283842795,
            "f1-score": 0.6090133982947625,
            "support": 916.0
        },
        "Pass": {
            "precision": 0.7380352644836272,
            "recall": 0.8383404864091559,
            "f1-score": 0.7849966510381782,
            "support": 1398.0
        },
        "accuracy": 0.7225583405358686,
        "macro avg": {
            "precision": 0.7133702493217033,
            "recall": 0.6920960073967177,
            "f1-score": 0.6970050246664703,
            "support": 2314.0
        },
        "weighted avg": {
            "precision": 0.7185079058938932,
            "recall": 0.7225583405358686,
            "f1-score": 0.7153334446799376,
            "support": 2314.0
        },
        "confusion_matrix": [
            [
                500,
                416
            ],
            [
                226,
                1172
            ]
        ]
    },
    "rf_results": {
        "Rush": {
            "precision": 0.6746698679471789,
            "recall": 0.6135371179039302,
            "f1-score": 0.642652944539737,
            "support": 916.0
        },
        "Pass": {
            "precision": 0.7609723160027009,
            "recall": 0.8061516452074392,
            "f1-score": 0.7829107328933658,
            "support": 1398.0
        },
        "accuracy": 0.72990492653414,
        "macro avg": {
            "precision": 0.7178210919749399,
            "recall": 0.7098443815556847,
            "f1-score": 0.7127818387165514,
            "support": 2314.0
        },
        "weighted avg": {
            "precision": 0.7268093763229869,
            "recall": 0.72990492653414,
            "f1-score": 0.727389499474211,
            "support": 2314.0
        },
        "confusion_matrix": [
            [
                562,
                354
            ],
            [
                271,
                1127
            ]
        ]
    },
    "mlp_results": {
        "Rush": {
            "precision": 0.6126526082130965,
            "recall": 0.6026200873362445,
            "f1-score": 0.6075949367088608,
            "support": 916.0
        },
        "Pass": {
            "precision": 0.7423920736022647,
            "recall": 0.7503576537911302,
            "f1-score": 0.7463536108146567,
            "support": 1398.0
        },
        "accuracy": 0.691875540190147,
        "macro avg": {
            "precision": 0.6775223409076806,
            "recall": 0.6764888705636873,
            "f1-score": 0.6769742737617588,
            "support": 2314.0
        },
        "weighted avg": {
            "precision": 0.6910345324196899,
            "recall": 0.691875540190147,
            "f1-score": 0.6914258037788272,
            "support": 2314.0
        },
        "confusion_matrix": [
            [
                552,
                364
            ],
            [
                349,
                1049
            ]
        ]
    },