{
    "last_gcn_results": {
        "Rush": {
            "precision": 0.741014799154334,
            "recall": 0.7652838427947598,
            "f1-score": 0.7529538131041891,
            "support": 916.0
        },
        "Pass": {
            "precision": 0.7573363431151241,
            "recall": 0.732532751091703,
            "f1-score": 0.7447280799112098,
            "support": 916.0
        },
        "accuracy": 0.7489082969432315,
        "macro avg": {
            "precision": 0.749175571134729,
            "recall": 0.7489082969432315,
            "f1-score": 0.7488409465076995,
            "support": 1832.0
        },
        "weighted avg": {
            "precision": 0.7491755711347292,
            "recall": 0.7489082969432315,
            "f1-score": 0.7488409465076994,
            "support": 1832.0
        },
        "confusion_matrix": [
            [
                701,
                215
            ],
            [
                245,
                671
            ]
        ]
    },
    "best_gcn_results": {
        "Rush": {
            "precision": 0.741014799154334,
            "recall": 0.7652838427947598,
            "f1-score": 0.7529538131041891,
            "support": 916.0
        },
        "Pass": {
            "precision": 0.7573363431151241,
            "recall": 0.732532751091703,
            "f1-score": 0.7447280799112098,
            "support": 916.0
        },
        "accuracy": 0.7489082969432315,
        "macro avg": {
            "precision": 0.749175571134729,
            "recall": 0.7489082969432315,
            "f1-score": 0.7488409465076995,
            "support": 1832.0
        },
        "weighted avg": {
            "precision": 0.7491755711347292,
            "recall": 0.7489082969432315,
            "f1-score": 0.7488409465076994,
            "support": 1832.0
        },
        "confusion_matrix": [
            [
                701,
                215
            ],
            [
                245,
                671
            ]
        ]
    },
    "rf_results": {
        "Rush": {
            "precision": 0.7128205128205128,
            "recall": 0.7587336244541485,
            "f1-score": 0.7350608143839239,
            "support": 916.0
        },
        "Pass": {
            "precision": 0.7421236872812136,
            "recall": 0.6943231441048034,
            "f1-score": 0.7174280879864636,
            "support": 916.0
        },
        "accuracy": 0.726528384279476,
        "macro avg": {
            "precision": 0.7274721000508633,
            "recall": 0.726528384279476,
            "f1-score": 0.7262444511851938,
            "support": 1832.0
        },
        "weighted avg": {
            "precision": 0.7274721000508632,
            "recall": 0.726528384279476,
            "f1-score": 0.7262444511851938,
            "support": 1832.0
        },
        "confusion_matrix": [
            [
                695,
                221
            ],
            [
                280,
                636
            ]
        ]
    },
    "mlp_results": {
        "Rush": {
            "precision": 0.6681175190424374,
            "recall": 0.6703056768558951,
            "f1-score": 0.6692098092643052,
            "support": 916.0
        },
        "Pass": {
            "precision": 0.6692223439211391,
            "recall": 0.6670305676855895,
            "f1-score": 0.6681246582832149,
            "support": 916.0
        },
        "accuracy": 0.6686681222707423,
        "macro avg": {
            "precision": 0.6686699314817883,
            "recall": 0.6686681222707423,
            "f1-score": 0.66866723377376,
            "support": 1832.0
        },
        "weighted avg": {
            "precision": 0.6686699314817883,
            "recall": 0.6686681222707423,
            "f1-score": 0.66866723377376,
            "support": 1832.0
        },
        "confusion_matrix": [
            [
                614,
                302
            ],
            [
                305,
                611
            ]
        ]
    },