{
    "last_gcn_results": {
        "Rush": {
            "precision": 0.6038687973086627,
            "recall": 0.7838427947598253,
            "f1-score": 0.6821852731591449,
            "support": 916.0
        },
        "Pass": {
            "precision": 0.824,
            "recall": 0.6630901287553648,
            "f1-score": 0.7348394768133175,
            "support": 1398.0
        },
        "accuracy": 0.7108902333621435,
        "macro avg": {
            "precision": 0.7139343986543314,
            "recall": 0.723466461757595,
            "f1-score": 0.7085123749862312,
            "support": 2314.0
        },
        "weighted avg": {
            "precision": 0.7368607685111215,
            "recall": 0.7108902333621435,
            "f1-score": 0.7139962397574738,
            "support": 2314.0
        },
        "confusion_matrix": [
            [
                718,
                198
            ],
            [
                471,
                927
            ]
        ]
    },
    "best_gcn_results": {
        "Rush": {
            "precision": 0.6038687973086627,
            "recall": 0.7838427947598253,
            "f1-score": 0.6821852731591449,
            "support": 916.0
        },
        "Pass": {
            "precision": 0.824,
            "recall": 0.6630901287553648,
            "f1-score": 0.7348394768133175,
            "support": 1398.0
        },
        "accuracy": 0.7108902333621435,
        "macro avg": {
            "precision": 0.7139343986543314,
            "recall": 0.723466461757595,
            "f1-score": 0.7085123749862312,
            "support": 2314.0
        },
        "weighted avg": {
            "precision": 0.7368607685111215,
            "recall": 0.7108902333621435,
            "f1-score": 0.7139962397574738,
            "support": 2314.0
        },
        "confusion_matrix": [
            [
                718,
                198
            ],
            [
                471,
                927
            ]
        ]
    },
    "rf_results": {
        "Rush": {
            "precision": 0.671892497200448,
            "recall": 0.6550218340611353,
            "f1-score": 0.6633499170812603,
            "support": 916.0
        },
        "Pass": {
            "precision": 0.7776213933849402,
            "recall": 0.790414878397711,
            "f1-score": 0.7839659453706989,
            "support": 1398.0
        },
        "accuracy": 0.7368193604148661,
        "macro avg": {
            "precision": 0.7247569452926941,
            "recall": 0.7227183562294232,
            "f1-score": 0.7236579312259797,
            "support": 2314.0
        },
        "weighted avg": {
            "precision": 0.7357684681883132,
            "recall": 0.7368193604148661,
            "f1-score": 0.7362199289864614,
            "support": 2314.0
        },
        "confusion_matrix": [
            [
                600,
                316
            ],
            [
                293,
                1105
            ]
        ]
    },
    "mlp_results": {
        "Rush": {
            "precision": 0.6226415094339622,
            "recall": 0.6124454148471615,
            "f1-score": 0.6175013758943313,
            "support": 916.0
        },
        "Pass": {
            "precision": 0.748761500353857,
            "recall": 0.7567954220314735,
            "f1-score": 0.7527570259694059,
            "support": 1398.0
        },
        "accuracy": 0.6996542783059637,
        "macro avg": {
            "precision": 0.6857015048939097,
            "recall": 0.6846204184393175,
            "f1-score": 0.6851292009318686,
            "support": 2314.0
        },
        "weighted avg": {
            "precision": 0.6988367329888511,
            "recall": 0.6996542783059637,
            "f1-score": 0.6992158956890392,
            "support": 2314.0
        },
        "confusion_matrix": [
            [
                561,
                355
            ],
            [
                340,
                1058
            ]
        ]
    },