{
    "last_gcn_results": {
        "Rush": {
            "precision": 0.7223360655737705,
            "recall": 0.769650655021834,
            "f1-score": 0.7452431289640592,
            "support": 916.0
        },
        "Pass": {
            "precision": 0.7535046728971962,
            "recall": 0.7041484716157205,
            "f1-score": 0.7279909706546276,
            "support": 916.0
        },
        "accuracy": 0.7368995633187773,
        "macro avg": {
            "precision": 0.7379203692354834,
            "recall": 0.7368995633187773,
            "f1-score": 0.7366170498093434,
            "support": 1832.0
        },
        "weighted avg": {
            "precision": 0.7379203692354834,
            "recall": 0.7368995633187773,
            "f1-score": 0.7366170498093434,
            "support": 1832.0
        },
        "confusion_matrix": [
            [
                705,
                211
            ],
            [
                271,
                645
            ]
        ]
    },
    "best_gcn_results": {
        "Rush": {
            "precision": 0.7223360655737705,
            "recall": 0.769650655021834,
            "f1-score": 0.7452431289640592,
            "support": 916.0
        },
        "Pass": {
            "precision": 0.7535046728971962,
            "recall": 0.7041484716157205,
            "f1-score": 0.7279909706546276,
            "support": 916.0
        },
        "accuracy": 0.7368995633187773,
        "macro avg": {
            "precision": 0.7379203692354834,
            "recall": 0.7368995633187773,
            "f1-score": 0.7366170498093434,
            "support": 1832.0
        },
        "weighted avg": {
            "precision": 0.7379203692354834,
            "recall": 0.7368995633187773,
            "f1-score": 0.7366170498093434,
            "support": 1832.0
        },
        "confusion_matrix": [
            [
                705,
                211
            ],
            [
                271,
                645
            ]
        ]
    },
    "rf_results": {
        "Rush": {
            "precision": 0.7204081632653061,
            "recall": 0.7707423580786026,
            "f1-score": 0.7447257383966245,
            "support": 916.0
        },
        "Pass": {
            "precision": 0.7535211267605634,
            "recall": 0.7008733624454149,
            "f1-score": 0.7262443438914027,
            "support": 916.0
        },
        "accuracy": 0.7358078602620087,
        "macro avg": {
            "precision": 0.7369646450129348,
            "recall": 0.7358078602620087,
            "f1-score": 0.7354850411440136,
            "support": 1832.0
        },
        "weighted avg": {
            "precision": 0.7369646450129347,
            "recall": 0.7358078602620087,
            "f1-score": 0.7354850411440136,
            "support": 1832.0
        },
        "confusion_matrix": [
            [
                706,
                210
            ],
            [
                274,
                642
            ]
        ]
    },
    "mlp_results": {
        "Rush": {
            "precision": 0.6975982532751092,
            "recall": 0.6975982532751092,
            "f1-score": 0.6975982532751092,
            "support": 916.0
        },
        "Pass": {
            "precision": 0.6975982532751092,
            "recall": 0.6975982532751092,
            "f1-score": 0.6975982532751092,
            "support": 916.0
        },
        "accuracy": 0.6975982532751092,
        "macro avg": {
            "precision": 0.6975982532751092,
            "recall": 0.6975982532751092,
            "f1-score": 0.6975982532751092,
            "support": 1832.0
        },
        "weighted avg": {
            "precision": 0.6975982532751092,
            "recall": 0.6975982532751092,
            "f1-score": 0.6975982532751092,
            "support": 1832.0
        },
        "confusion_matrix": [
            [
                639,
                277
            ],
            [
                277,
                639
            ]
        ]
    },