{
    "last_gcn_results": {
        "Rush": {
            "precision": 0.6746031746031746,
            "recall": 0.8346972176759411,
            "f1-score": 0.7461594732991953,
            "support": 611.0
        },
        "Pass": {
            "precision": 0.7832618025751072,
            "recall": 0.5973813420621932,
            "f1-score": 0.6778087279480037,
            "support": 611.0
        },
        "accuracy": 0.7160392798690671,
        "macro avg": {
            "precision": 0.728932488589141,
            "recall": 0.7160392798690671,
            "f1-score": 0.7119841006235995,
            "support": 1222.0
        },
        "weighted avg": {
            "precision": 0.7289324885891408,
            "recall": 0.7160392798690671,
            "f1-score": 0.7119841006235995,
            "support": 1222.0
        },
        "confusion_matrix": [
            [
                510,
                101
            ],
            [
                246,
                365
            ]
        ]
    },
    "best_gcn_results": {
        "Rush": {
            "precision": 0.6746031746031746,
            "recall": 0.8346972176759411,
            "f1-score": 0.7461594732991953,
            "support": 611.0
        },
        "Pass": {
            "precision": 0.7832618025751072,
            "recall": 0.5973813420621932,
            "f1-score": 0.6778087279480037,
            "support": 611.0
        },
        "accuracy": 0.7160392798690671,
        "macro avg": {
            "precision": 0.728932488589141,
            "recall": 0.7160392798690671,
            "f1-score": 0.7119841006235995,
            "support": 1222.0
        },
        "weighted avg": {
            "precision": 0.7289324885891408,
            "recall": 0.7160392798690671,
            "f1-score": 0.7119841006235995,
            "support": 1222.0
        },
        "confusion_matrix": [
            [
                510,
                101
            ],
            [
                246,
                365
            ]
        ]
    },
    "rf_results": {
        "Rush": {
            "precision": 0.7114803625377644,
            "recall": 0.7708674304418985,
            "f1-score": 0.7399842890809112,
            "support": 611.0
        },
        "Pass": {
            "precision": 0.75,
            "recall": 0.6873977086743044,
            "f1-score": 0.71733561058924,
            "support": 611.0
        },
        "accuracy": 0.7291325695581015,
        "macro avg": {
            "precision": 0.7307401812688822,
            "recall": 0.7291325695581015,
            "f1-score": 0.7286599498350756,
            "support": 1222.0
        },
        "weighted avg": {
            "precision": 0.7307401812688823,
            "recall": 0.7291325695581015,
            "f1-score": 0.7286599498350756,
            "support": 1222.0
        },
        "confusion_matrix": [
            [
                471,
                140
            ],
            [
                191,
                420
            ]
        ]
    },
    "mlp_results": {
        "Rush": {
            "precision": 0.6985413290113452,
            "recall": 0.7054009819967266,
            "f1-score": 0.7019543973941368,
            "support": 611.0
        },
        "Pass": {
            "precision": 0.7024793388429752,
            "recall": 0.6955810147299509,
            "f1-score": 0.6990131578947368,
            "support": 611.0
        },
        "accuracy": 0.7004909983633388,
        "macro avg": {
            "precision": 0.7005103339271602,
            "recall": 0.7004909983633387,
            "f1-score": 0.7004837776444368,
            "support": 1222.0
        },
        "weighted avg": {
            "precision": 0.7005103339271602,
            "recall": 0.7004909983633388,
            "f1-score": 0.7004837776444368,
            "support": 1222.0
        },
        "confusion_matrix": [
            [
                431,
                180
            ],
            [
                186,
                425
            ]
        ]
    },
    "config": {
        "RANDOM_SEED": 2,
        "GNN_EPOCHS": 500,
        "GNN_HIDDEN_CHANNELS": 16,
        "GNN_HIDDEN_LAYERS": 2,
        "GNN_LEARNING_RATE": 0.0001,
        "GNN_DROPOUT": 0.2,
        "GNN_WEIGHT_DECAY": 0.005,
        "RF_ESTIMATORS": 100,
        "MLP_HIDDEN_CHANNELS": 32,
        "MLP_HIDDEN_LAYERS": 3,
        "MLP_MAX_ITER": 3000,
        "MLP_LEARNING_RATE": 0.0001,
        "MLP_ALPHA": 0.0005,
        "VALIDATION_SPLIT": 0.8,
        "TEST_SPLIT": 0.9,
        "SHOW_INFO": true
    }
}