{
    "last_gcn_results": {
        "Rush": {
            "precision": 0.6954545454545454,
            "recall": 0.7512274959083469,
            "f1-score": 0.7222659323367427,
            "support": 611.0
        },
        "Pass": {
            "precision": 0.7295373665480427,
            "recall": 0.6710310965630114,
            "f1-score": 0.6990622335890878,
            "support": 611.0
        },
        "accuracy": 0.7111292962356792,
        "macro avg": {
            "precision": 0.712495956001294,
            "recall": 0.7111292962356792,
            "f1-score": 0.7106640829629153,
            "support": 1222.0
        },
        "weighted avg": {
            "precision": 0.7124959560012941,
            "recall": 0.7111292962356791,
            "f1-score": 0.7106640829629153,
            "support": 1222.0
        },
        "confusion_matrix": [
            [
                459,
                152
            ],
            [
                201,
                410
            ]
        ]
    },
    "best_gcn_results": {
        "Rush": {
            "precision": 0.6954545454545454,
            "recall": 0.7512274959083469,
            "f1-score": 0.7222659323367427,
            "support": 611.0
        },
        "Pass": {
            "precision": 0.7295373665480427,
            "recall": 0.6710310965630114,
            "f1-score": 0.6990622335890878,
            "support": 611.0
        },
        "accuracy": 0.7111292962356792,
        "macro avg": {
            "precision": 0.712495956001294,
            "recall": 0.7111292962356792,
            "f1-score": 0.7106640829629153,
            "support": 1222.0
        },
        "weighted avg": {
            "precision": 0.7124959560012941,
            "recall": 0.7111292962356791,
            "f1-score": 0.7106640829629153,
            "support": 1222.0
        },
        "confusion_matrix": [
            [
                459,
                152
            ],
            [
                201,
                410
            ]
        ]
    },
    "rf_results": {
        "Rush": {
            "precision": 0.7177177177177178,
            "recall": 0.7823240589198036,
            "f1-score": 0.7486296006264683,
            "support": 611.0
        },
        "Pass": {
            "precision": 0.7607913669064749,
            "recall": 0.6923076923076923,
            "f1-score": 0.7249357326478149,
            "support": 611.0
        },
        "accuracy": 0.737315875613748,
        "macro avg": {
            "precision": 0.7392545423120963,
            "recall": 0.7373158756137479,
            "f1-score": 0.7367826666371415,
            "support": 1222.0
        },
        "weighted avg": {
            "precision": 0.7392545423120963,
            "recall": 0.737315875613748,
            "f1-score": 0.7367826666371416,
            "support": 1222.0
        },
        "confusion_matrix": [
            [
                478,
                133
            ],
            [
                188,
                423
            ]
        ]
    },
    "mlp_results": {
        "Rush": {
            "precision": 0.6869851729818781,
            "recall": 0.6824877250409165,
            "f1-score": 0.6847290640394089,
            "support": 611.0
        },
        "Pass": {
            "precision": 0.6845528455284553,
            "recall": 0.6890343698854338,
            "f1-score": 0.6867862969004894,
            "support": 611.0
        },
        "accuracy": 0.6857610474631751,
        "macro avg": {
            "precision": 0.6857690092551667,
            "recall": 0.6857610474631751,
            "f1-score": 0.6857576804699492,
            "support": 1222.0
        },
        "weighted avg": {
            "precision": 0.6857690092551667,
            "recall": 0.6857610474631751,
            "f1-score": 0.6857576804699492,
            "support": 1222.0
        },
        "confusion_matrix": [
            [
                417,
                194
            ],
            [
                190,
                421
            ]
        ]
    },
    "config": {
        "RANDOM_SEED": 3,
        "GNN_EPOCHS": 500,
        "GNN_HIDDEN_CHANNELS": 128,
        "GNN_HIDDEN_LAYERS": 3,
        "GNN_LEARNING_RATE": 0.001,
        "GNN_DROPOUT": 0.4,
        "GNN_WEIGHT_DECAY": 5e-05,
        "RF_ESTIMATORS": 100,
        "MLP_HIDDEN_CHANNELS": 128,
        "MLP_HIDDEN_LAYERS": 3,
        "MLP_MAX_ITER": 3000,
        "MLP_LEARNING_RATE": 0.01,
        "MLP_ALPHA": 5e-05,
        "VALIDATION_SPLIT": 0.8,
        "TEST_SPLIT": 0.9,
        "SHOW_INFO": true
    }
}