{
    "last_gcn_results": {
        "Rush": {
            "precision": 0.7147239263803681,
            "recall": 0.7631004366812227,
            "f1-score": 0.7381203801478353,
            "support": 916.0
        },
        "Pass": {
            "precision": 0.7459016393442623,
            "recall": 0.6954148471615721,
            "f1-score": 0.7197740112994351,
            "support": 916.0
        },
        "accuracy": 0.7292576419213974,
        "macro avg": {
            "precision": 0.7303127828623153,
            "recall": 0.7292576419213974,
            "f1-score": 0.7289471957236352,
            "support": 1832.0
        },
        "weighted avg": {
            "precision": 0.7303127828623153,
            "recall": 0.7292576419213974,
            "f1-score": 0.7289471957236353,
            "support": 1832.0
        },
        "confusion_matrix": [
            [
                699,
                217
            ],
            [
                279,
                637
            ]
        ]
    },
    "best_gcn_results": {
        "Rush": {
            "precision": 0.7147239263803681,
            "recall": 0.7631004366812227,
            "f1-score": 0.7381203801478353,
            "support": 916.0
        },
        "Pass": {
            "precision": 0.7459016393442623,
            "recall": 0.6954148471615721,
            "f1-score": 0.7197740112994351,
            "support": 916.0
        },
        "accuracy": 0.7292576419213974,
        "macro avg": {
            "precision": 0.7303127828623153,
            "recall": 0.7292576419213974,
            "f1-score": 0.7289471957236352,
            "support": 1832.0
        },
        "weighted avg": {
            "precision": 0.7303127828623153,
            "recall": 0.7292576419213974,
            "f1-score": 0.7289471957236353,
            "support": 1832.0
        },
        "confusion_matrix": [
            [
                699,
                217
            ],
            [
                279,
                637
            ]
        ]
    },
    "rf_results": {
        "Rush": {
            "precision": 0.7283702213279678,
            "recall": 0.7903930131004366,
            "f1-score": 0.7581151832460733,
            "support": 916.0
        },
        "Pass": {
            "precision": 0.7708830548926014,
            "recall": 0.7052401746724891,
            "f1-score": 0.7366020524515393,
            "support": 916.0
        },
        "accuracy": 0.7478165938864629,
        "macro avg": {
            "precision": 0.7496266381102846,
            "recall": 0.7478165938864629,
            "f1-score": 0.7473586178488063,
            "support": 1832.0
        },
        "weighted avg": {
            "precision": 0.7496266381102845,
            "recall": 0.7478165938864629,
            "f1-score": 0.7473586178488063,
            "support": 1832.0
        },
        "confusion_matrix": [
            [
                724,
                192
            ],
            [
                270,
                646
            ]
        ]
    },
    "mlp_results": {
        "Rush": {
            "precision": 0.6677350427350427,
            "recall": 0.6823144104803494,
            "f1-score": 0.6749460043196545,
            "support": 916.0
        },
        "Pass": {
            "precision": 0.6752232142857143,
            "recall": 0.6604803493449781,
            "f1-score": 0.6677704194260485,
            "support": 916.0
        },
        "accuracy": 0.6713973799126638,
        "macro avg": {
            "precision": 0.6714791285103785,
            "recall": 0.6713973799126638,
            "f1-score": 0.6713582118728515,
            "support": 1832.0
        },
        "weighted avg": {
            "precision": 0.6714791285103786,
            "recall": 0.6713973799126638,
            "f1-score": 0.6713582118728516,
            "support": 1832.0
        },
        "confusion_matrix": [
            [
                625,
                291
            ],
            [
                311,
                605
            ]
        ]
    },