{
    "last_gcn_results": {
        "Rush": {
            "precision": 0.7168784029038112,
            "recall": 0.43122270742358076,
            "f1-score": 0.5385139740967961,
            "support": 916.0
        },
        "Pass": {
            "precision": 0.7044809982983551,
            "recall": 0.8884120171673819,
            "f1-score": 0.7858272698513129,
            "support": 1398.0
        },
        "accuracy": 0.7074330164217805,
        "macro avg": {
            "precision": 0.7106797006010832,
            "recall": 0.6598173622954814,
            "f1-score": 0.6621706219740545,
            "support": 2314.0
        },
        "weighted avg": {
            "precision": 0.7093885275198752,
            "recall": 0.7074330164217805,
            "f1-score": 0.6879279704082977,
            "support": 2314.0
        },
        "confusion_matrix": [
            [
                395,
                521
            ],
            [
                156,
                1242
            ]
        ]
    },
    "best_gcn_results": {
        "Rush": {
            "precision": 0.7168784029038112,
            "recall": 0.43122270742358076,
            "f1-score": 0.5385139740967961,
            "support": 916.0
        },
        "Pass": {
            "precision": 0.7044809982983551,
            "recall": 0.8884120171673819,
            "f1-score": 0.7858272698513129,
            "support": 1398.0
        },
        "accuracy": 0.7074330164217805,
        "macro avg": {
            "precision": 0.7106797006010832,
            "recall": 0.6598173622954814,
            "f1-score": 0.6621706219740545,
            "support": 2314.0
        },
        "weighted avg": {
            "precision": 0.7093885275198752,
            "recall": 0.7074330164217805,
            "f1-score": 0.6879279704082977,
            "support": 2314.0
        },
        "confusion_matrix": [
            [
                395,
                521
            ],
            [
                156,
                1242
            ]
        ]
    },
    "rf_results": {
        "Rush": {
            "precision": 0.6757396449704142,
            "recall": 0.6233624454148472,
            "f1-score": 0.6484951731970471,
            "support": 916.0
        },
        "Pass": {
            "precision": 0.765146358066712,
            "recall": 0.804005722460658,
            "f1-score": 0.7840948726892222,
            "support": 1398.0
        },
        "accuracy": 0.7324978392394123,
        "macro avg": {
            "precision": 0.7204430015185631,
            "recall": 0.7136840839377526,
            "f1-score": 0.7162950229431346,
            "support": 2314.0
        },
        "weighted avg": {
            "precision": 0.7297545909119113,
            "recall": 0.7324978392394123,
            "f1-score": 0.7304175499861831,
            "support": 2314.0
        },
        "confusion_matrix": [
            [
                571,
                345
            ],
            [
                274,
                1124
            ]
        ]
    },
    "mlp_results": {
        "Rush": {
            "precision": 0.6155484558040468,
            "recall": 0.631004366812227,
            "f1-score": 0.6231805929919138,
            "support": 916.0
        },
        "Pass": {
            "precision": 0.7541818181818182,
            "recall": 0.7417739628040058,
            "f1-score": 0.7479264334655608,
            "support": 1398.0
        },
        "accuracy": 0.6979256698357822,
        "macro avg": {
            "precision": 0.6848651369929325,
            "recall": 0.6863891648081164,
            "f1-score": 0.6855535132287373,
            "support": 2314.0
        },
        "weighted avg": {
            "precision": 0.699303615961404,
            "recall": 0.6979256698357822,
            "f1-score": 0.6985456253956123,
            "support": 2314.0
        },
        "confusion_matrix": [
            [
                578,
                338
            ],
            [
                361,
                1037
            ]
        ]
    },