{
    "last_gcn_results": {
        "Rush": {
            "precision": 0.651697699890471,
            "recall": 0.6495633187772926,
            "f1-score": 0.6506287588846364,
            "support": 916.0
        },
        "Pass": {
            "precision": 0.7708779443254818,
            "recall": 0.7725321888412017,
            "f1-score": 0.7717041800643086,
            "support": 1398.0
        },
        "accuracy": 0.7238547968885047,
        "macro avg": {
            "precision": 0.7112878221079764,
            "recall": 0.7110477538092471,
            "f1-score": 0.7111664694744726,
            "support": 2314.0
        },
        "weighted avg": {
            "precision": 0.7237002849034982,
            "recall": 0.7238547968885047,
            "f1-score": 0.7237763123890365,
            "support": 2314.0
        },
        "confusion_matrix": [
            [
                595,
                321
            ],
            [
                318,
                1080
            ]
        ]
    },
    "best_gcn_results": {
        "Rush": {
            "precision": 0.651697699890471,
            "recall": 0.6495633187772926,
            "f1-score": 0.6506287588846364,
            "support": 916.0
        },
        "Pass": {
            "precision": 0.7708779443254818,
            "recall": 0.7725321888412017,
            "f1-score": 0.7717041800643086,
            "support": 1398.0
        },
        "accuracy": 0.7238547968885047,
        "macro avg": {
            "precision": 0.7112878221079764,
            "recall": 0.7110477538092471,
            "f1-score": 0.7111664694744726,
            "support": 2314.0
        },
        "weighted avg": {
            "precision": 0.7237002849034982,
            "recall": 0.7238547968885047,
            "f1-score": 0.7237763123890365,
            "support": 2314.0
        },
        "confusion_matrix": [
            [
                595,
                321
            ],
            [
                318,
                1080
            ]
        ]
    },
    "rf_results": {
        "Rush": {
            "precision": 0.6563876651982379,
            "recall": 0.6506550218340611,
            "f1-score": 0.6535087719298246,
            "support": 916.0
        },
        "Pass": {
            "precision": 0.7724039829302988,
            "recall": 0.776824034334764,
            "f1-score": 0.7746077032810271,
            "support": 1398.0
        },
        "accuracy": 0.7268798617113224,
        "macro avg": {
            "precision": 0.7143958240642683,
            "recall": 0.7137395280844125,
            "f1-score": 0.7140582376054259,
            "support": 2314.0
        },
        "weighted avg": {
            "precision": 0.7264787681323006,
            "recall": 0.7268798617113224,
            "f1-score": 0.7266705290728588,
            "support": 2314.0
        },
        "confusion_matrix": [
            [
                596,
                320
            ],
            [
                312,
                1086
            ]
        ]
    },
    "mlp_results": {
        "Rush": {
            "precision": 0.6123535676251332,
            "recall": 0.6277292576419214,
            "f1-score": 0.6199460916442049,
            "support": 916.0
        },
        "Pass": {
            "precision": 0.752,
            "recall": 0.7396280400572246,
            "f1-score": 0.7457627118644068,
            "support": 1398.0
        },
        "accuracy": 0.6953327571305099,
        "macro avg": {
            "precision": 0.6821767838125665,
            "recall": 0.683678648849573,
            "f1-score": 0.6828544017543059,
            "support": 2314.0
        },
        "weighted avg": {
            "precision": 0.6967207726640545,
            "recall": 0.6953327571305099,
            "f1-score": 0.6959580341972914,
            "support": 2314.0
        },
        "confusion_matrix": [
            [
                575,
                341
            ],
            [
                364,
                1034
            ]
        ]
    },