{
    "last_gcn_results": {
        "Rush": {
            "precision": 0.7101449275362319,
            "recall": 0.7489082969432315,
            "f1-score": 0.7290116896918172,
            "support": 916.0
        },
        "Pass": {
            "precision": 0.7344110854503464,
            "recall": 0.6943231441048034,
            "f1-score": 0.7138047138047138,
            "support": 916.0
        },
        "accuracy": 0.7216157205240175,
        "macro avg": {
            "precision": 0.7222780064932892,
            "recall": 0.7216157205240175,
            "f1-score": 0.7214082017482655,
            "support": 1832.0
        },
        "weighted avg": {
            "precision": 0.7222780064932892,
            "recall": 0.7216157205240175,
            "f1-score": 0.7214082017482655,
            "support": 1832.0
        },
        "confusion_matrix": [
            [
                686,
                230
            ],
            [
                280,
                636
            ]
        ]
    },
    "best_gcn_results": {
        "Rush": {
            "precision": 0.7101449275362319,
            "recall": 0.7489082969432315,
            "f1-score": 0.7290116896918172,
            "support": 916.0
        },
        "Pass": {
            "precision": 0.7344110854503464,
            "recall": 0.6943231441048034,
            "f1-score": 0.7138047138047138,
            "support": 916.0
        },
        "accuracy": 0.7216157205240175,
        "macro avg": {
            "precision": 0.7222780064932892,
            "recall": 0.7216157205240175,
            "f1-score": 0.7214082017482655,
            "support": 1832.0
        },
        "weighted avg": {
            "precision": 0.7222780064932892,
            "recall": 0.7216157205240175,
            "f1-score": 0.7214082017482655,
            "support": 1832.0
        },
        "confusion_matrix": [
            [
                686,
                230
            ],
            [
                280,
                636
            ]
        ]
    },
    "rf_results": {
        "Rush": {
            "precision": 0.7145748987854251,
            "recall": 0.7707423580786026,
            "f1-score": 0.7415966386554622,
            "support": 916.0
        },
        "Pass": {
            "precision": 0.7511848341232228,
            "recall": 0.6921397379912664,
            "f1-score": 0.7204545454545455,
            "support": 916.0
        },
        "accuracy": 0.7314410480349345,
        "macro avg": {
            "precision": 0.7328798664543239,
            "recall": 0.7314410480349345,
            "f1-score": 0.7310255920550038,
            "support": 1832.0
        },
        "weighted avg": {
            "precision": 0.732879866454324,
            "recall": 0.7314410480349345,
            "f1-score": 0.7310255920550038,
            "support": 1832.0
        },
        "confusion_matrix": [
            [
                706,
                210
            ],
            [
                282,
                634
            ]
        ]
    },
    "mlp_results": {
        "Rush": {
            "precision": 0.69,
            "recall": 0.6779475982532751,
            "f1-score": 0.683920704845815,
            "support": 916.0
        },
        "Pass": {
            "precision": 0.6834763948497854,
            "recall": 0.6954148471615721,
            "f1-score": 0.6893939393939394,
            "support": 916.0
        },
        "accuracy": 0.6866812227074236,
        "macro avg": {
            "precision": 0.6867381974248927,
            "recall": 0.6866812227074236,
            "f1-score": 0.6866573221198773,
            "support": 1832.0
        },
        "weighted avg": {
            "precision": 0.6867381974248927,
            "recall": 0.6866812227074236,
            "f1-score": 0.6866573221198773,
            "support": 1832.0
        },
        "confusion_matrix": [
            [
                621,
                295
            ],
            [
                279,
                637
            ]
        ]
    },