{
    "last_gcn_results": {
        "Rush": {
            "precision": 0.7236024844720497,
            "recall": 0.7631004366812227,
            "f1-score": 0.742826780021254,
            "support": 916.0
        },
        "Pass": {
            "precision": 0.7494226327944573,
            "recall": 0.7085152838427947,
            "f1-score": 0.7283950617283951,
            "support": 916.0
        },
        "accuracy": 0.7358078602620087,
        "macro avg": {
            "precision": 0.7365125586332535,
            "recall": 0.7358078602620087,
            "f1-score": 0.7356109208748245,
            "support": 1832.0
        },
        "weighted avg": {
            "precision": 0.7365125586332535,
            "recall": 0.7358078602620087,
            "f1-score": 0.7356109208748246,
            "support": 1832.0
        },
        "confusion_matrix": [
            [
                699,
                217
            ],
            [
                267,
                649
            ]
        ]
    },
    "best_gcn_results": {
        "Rush": {
            "precision": 0.7236024844720497,
            "recall": 0.7631004366812227,
            "f1-score": 0.742826780021254,
            "support": 916.0
        },
        "Pass": {
            "precision": 0.7494226327944573,
            "recall": 0.7085152838427947,
            "f1-score": 0.7283950617283951,
            "support": 916.0
        },
        "accuracy": 0.7358078602620087,
        "macro avg": {
            "precision": 0.7365125586332535,
            "recall": 0.7358078602620087,
            "f1-score": 0.7356109208748245,
            "support": 1832.0
        },
        "weighted avg": {
            "precision": 0.7365125586332535,
            "recall": 0.7358078602620087,
            "f1-score": 0.7356109208748246,
            "support": 1832.0
        },
        "confusion_matrix": [
            [
                699,
                217
            ],
            [
                267,
                649
            ]
        ]
    },
    "rf_results": {
        "Rush": {
            "precision": 0.7204081632653061,
            "recall": 0.7707423580786026,
            "f1-score": 0.7447257383966245,
            "support": 916.0
        },
        "Pass": {
            "precision": 0.7535211267605634,
            "recall": 0.7008733624454149,
            "f1-score": 0.7262443438914027,
            "support": 916.0
        },
        "accuracy": 0.7358078602620087,
        "macro avg": {
            "precision": 0.7369646450129348,
            "recall": 0.7358078602620087,
            "f1-score": 0.7354850411440136,
            "support": 1832.0
        },
        "weighted avg": {
            "precision": 0.7369646450129347,
            "recall": 0.7358078602620087,
            "f1-score": 0.7354850411440136,
            "support": 1832.0
        },
        "confusion_matrix": [
            [
                706,
                210
            ],
            [
                274,
                642
            ]
        ]
    },
    "mlp_results": {
        "Rush": {
            "precision": 0.6975982532751092,
            "recall": 0.6975982532751092,
            "f1-score": 0.6975982532751092,
            "support": 916.0
        },
        "Pass": {
            "precision": 0.6975982532751092,
            "recall": 0.6975982532751092,
            "f1-score": 0.6975982532751092,
            "support": 916.0
        },
        "accuracy": 0.6975982532751092,
        "macro avg": {
            "precision": 0.6975982532751092,
            "recall": 0.6975982532751092,
            "f1-score": 0.6975982532751092,
            "support": 1832.0
        },
        "weighted avg": {
            "precision": 0.6975982532751092,
            "recall": 0.6975982532751092,
            "f1-score": 0.6975982532751092,
            "support": 1832.0
        },
        "confusion_matrix": [
            [
                639,
                277
            ],
            [
                277,
                639
            ]
        ]
    },