{
    "last_gcn_results": {
        "Rush": {
            "precision": 0.6995475113122172,
            "recall": 0.8438864628820961,
            "f1-score": 0.7649678377041069,
            "support": 916.0
        },
        "Pass": {
            "precision": 0.8033012379642366,
            "recall": 0.6375545851528385,
            "f1-score": 0.7108947048082775,
            "support": 916.0
        },
        "accuracy": 0.7407205240174672,
        "macro avg": {
            "precision": 0.7514243746382269,
            "recall": 0.7407205240174672,
            "f1-score": 0.7379312712561923,
            "support": 1832.0
        },
        "weighted avg": {
            "precision": 0.7514243746382269,
            "recall": 0.7407205240174672,
            "f1-score": 0.7379312712561923,
            "support": 1832.0
        },
        "confusion_matrix": [
            [
                773,
                143
            ],
            [
                332,
                584
            ]
        ]
    },
    "best_gcn_results": {
        "Rush": {
            "precision": 0.6995475113122172,
            "recall": 0.8438864628820961,
            "f1-score": 0.7649678377041069,
            "support": 916.0
        },
        "Pass": {
            "precision": 0.8033012379642366,
            "recall": 0.6375545851528385,
            "f1-score": 0.7108947048082775,
            "support": 916.0
        },
        "accuracy": 0.7407205240174672,
        "macro avg": {
            "precision": 0.7514243746382269,
            "recall": 0.7407205240174672,
            "f1-score": 0.7379312712561923,
            "support": 1832.0
        },
        "weighted avg": {
            "precision": 0.7514243746382269,
            "recall": 0.7407205240174672,
            "f1-score": 0.7379312712561923,
            "support": 1832.0
        },
        "confusion_matrix": [
            [
                773,
                143
            ],
            [
                332,
                584
            ]
        ]
    },
    "rf_results": {
        "Rush": {
            "precision": 0.6828571428571428,
            "recall": 0.7827510917030568,
            "f1-score": 0.7293997965412004,
            "support": 916.0
        },
        "Pass": {
            "precision": 0.7455242966751918,
            "recall": 0.6364628820960698,
            "f1-score": 0.6866902237926973,
            "support": 916.0
        },
        "accuracy": 0.7096069868995634,
        "macro avg": {
            "precision": 0.7141907197661673,
            "recall": 0.7096069868995634,
            "f1-score": 0.7080450101669489,
            "support": 1832.0
        },
        "weighted avg": {
            "precision": 0.7141907197661672,
            "recall": 0.7096069868995634,
            "f1-score": 0.7080450101669488,
            "support": 1832.0
        },
        "confusion_matrix": [
            [
                717,
                199
            ],
            [
                333,
                583
            ]
        ]
    },
    "mlp_results": {
        "Rush": {
            "precision": 0.6695005313496281,
            "recall": 0.6877729257641921,
            "f1-score": 0.678513731825525,
            "support": 916.0
        },
        "Pass": {
            "precision": 0.6790123456790124,
            "recall": 0.6604803493449781,
            "f1-score": 0.6696181516325401,
            "support": 916.0
        },
        "accuracy": 0.6741266375545851,
        "macro avg": {
            "precision": 0.6742564385143202,
            "recall": 0.6741266375545851,
            "f1-score": 0.6740659417290326,
            "support": 1832.0
        },
        "weighted avg": {
            "precision": 0.6742564385143202,
            "recall": 0.6741266375545851,
            "f1-score": 0.6740659417290326,
            "support": 1832.0
        },
        "confusion_matrix": [
            [
                630,
                286
            ],
            [
                311,
                605
            ]
        ]
    },