,n,mean,std
0,1,6.467671506330913,0.18076103995491566
1,2,4.456417431379542,0.12642683049713774
