{
    "last_gcn_results": {
        "Rush": {
            "precision": 0.6951219512195121,
            "recall": 0.37315875613747956,
            "f1-score": 0.48562300319488816,
            "support": 611.0
        },
        "Pass": {
            "precision": 0.5715883668903803,
            "recall": 0.8363338788870703,
            "f1-score": 0.6790697674418604,
            "support": 611.0
        },
        "accuracy": 0.6047463175122749,
        "macro avg": {
            "precision": 0.6333551590549462,
            "recall": 0.6047463175122749,
            "f1-score": 0.5823463853183743,
            "support": 1222.0
        },
        "weighted avg": {
            "precision": 0.6333551590549462,
            "recall": 0.6047463175122749,
            "f1-score": 0.5823463853183742,
            "support": 1222.0
        },
        "confusion_matrix": [
            [
                228,
                383
            ],
            [
                100,
                511
            ]
        ]
    },
    "best_gcn_results": {
        "Rush": {
            "precision": 0.6951219512195121,
            "recall": 0.37315875613747956,
            "f1-score": 0.48562300319488816,
            "support": 611.0
        },
        "Pass": {
            "precision": 0.5715883668903803,
            "recall": 0.8363338788870703,
            "f1-score": 0.6790697674418604,
            "support": 611.0
        },
        "accuracy": 0.6047463175122749,
        "macro avg": {
            "precision": 0.6333551590549462,
            "recall": 0.6047463175122749,
            "f1-score": 0.5823463853183743,
            "support": 1222.0
        },
        "weighted avg": {
            "precision": 0.6333551590549462,
            "recall": 0.6047463175122749,
            "f1-score": 0.5823463853183742,
            "support": 1222.0
        },
        "confusion_matrix": [
            [
                228,
                383
            ],
            [
                100,
                511
            ]
        ]
    },
    "rf_results": {
        "Rush": {
            "precision": 0.7066666666666667,
            "recall": 0.7806873977086743,
            "f1-score": 0.7418351477449455,
            "support": 611.0
        },
        "Pass": {
            "precision": 0.7550274223034735,
            "recall": 0.6759410801963993,
            "f1-score": 0.7132987910189983,
            "support": 611.0
        },
        "accuracy": 0.7283142389525368,
        "macro avg": {
            "precision": 0.7308470444850701,
            "recall": 0.7283142389525368,
            "f1-score": 0.727566969381972,
            "support": 1222.0
        },
        "weighted avg": {
            "precision": 0.7308470444850701,
            "recall": 0.7283142389525368,
            "f1-score": 0.7275669693819719,
            "support": 1222.0
        },
        "confusion_matrix": [
            [
                477,
                134
            ],
            [
                198,
                413
            ]
        ]
    },
    "mlp_results": {
        "Rush": {
            "precision": 0.713166144200627,
            "recall": 0.7446808510638298,
            "f1-score": 0.7285828662930345,
            "support": 611.0
        },
        "Pass": {
            "precision": 0.7328767123287672,
            "recall": 0.7004909983633388,
            "f1-score": 0.7163179916317992,
            "support": 611.0
        },
        "accuracy": 0.7225859247135843,
        "macro avg": {
            "precision": 0.7230214282646971,
            "recall": 0.7225859247135843,
            "f1-score": 0.7224504289624168,
            "support": 1222.0
        },
        "weighted avg": {
            "precision": 0.7230214282646971,
            "recall": 0.7225859247135843,
            "f1-score": 0.7224504289624168,
            "support": 1222.0
        },
        "confusion_matrix": [
            [
                455,
                156
            ],
            [
                183,
                428
            ]
        ]
    },
    "config": {
        "RANDOM_SEED": 6,
        "GNN_EPOCHS": 500,
        "GNN_HIDDEN_CHANNELS": 16,
        "GNN_HIDDEN_LAYERS": 1,
        "GNN_LEARNING_RATE": 0.01,
        "GNN_DROPOUT": 0.2,
        "GNN_WEIGHT_DECAY": 0.005,
        "RF_ESTIMATORS": 100,
        "MLP_HIDDEN_CHANNELS": 64,
        "MLP_HIDDEN_LAYERS": 1,
        "MLP_MAX_ITER": 3000,
        "MLP_LEARNING_RATE": 0.01,
        "MLP_ALPHA": 0.005,
        "VALIDATION_SPLIT": 0.8,
        "TEST_SPLIT": 0.9,
        "SHOW_INFO": true
    }
}