{
    "last_gcn_results": {
        "Rush": {
            "precision": 0.7260458839406208,
            "recall": 0.5873362445414847,
            "f1-score": 0.6493663246831624,
            "support": 916.0
        },
        "Pass": {
            "precision": 0.7596948506039415,
            "recall": 0.8547925608011445,
            "f1-score": 0.8044429485021878,
            "support": 1398.0
        },
        "accuracy": 0.7489196197061365,
        "macro avg": {
            "precision": 0.7428703672722812,
            "recall": 0.7210644026713147,
            "f1-score": 0.726904636592675,
            "support": 2314.0
        },
        "weighted avg": {
            "precision": 0.7463748620717021,
            "recall": 0.7489196197061365,
            "f1-score": 0.7430556592116834,
            "support": 2314.0
        },
        "confusion_matrix": [
            [
                538,
                378
            ],
            [
                203,
                1195
            ]
        ]
    },
    "best_gcn_results": {
        "Rush": {
            "precision": 0.7260458839406208,
            "recall": 0.5873362445414847,
            "f1-score": 0.6493663246831624,
            "support": 916.0
        },
        "Pass": {
            "precision": 0.7596948506039415,
            "recall": 0.8547925608011445,
            "f1-score": 0.8044429485021878,
            "support": 1398.0
        },
        "accuracy": 0.7489196197061365,
        "macro avg": {
            "precision": 0.7428703672722812,
            "recall": 0.7210644026713147,
            "f1-score": 0.726904636592675,
            "support": 2314.0
        },
        "weighted avg": {
            "precision": 0.7463748620717021,
            "recall": 0.7489196197061365,
            "f1-score": 0.7430556592116834,
            "support": 2314.0
        },
        "confusion_matrix": [
            [
                538,
                378
            ],
            [
                203,
                1195
            ]
        ]
    },
    "rf_results": {
        "Rush": {
            "precision": 0.672189349112426,
            "recall": 0.6200873362445415,
            "f1-score": 0.6450880181714934,
            "support": 916.0
        },
        "Pass": {
            "precision": 0.7631041524846834,
            "recall": 0.801859799713877,
            "f1-score": 0.7820020927799093,
            "support": 1398.0
        },
        "accuracy": 0.72990492653414,
        "macro avg": {
            "precision": 0.7176467507985547,
            "recall": 0.7109735679792093,
            "f1-score": 0.7135450554757014,
            "support": 2314.0
        },
        "weighted avg": {
            "precision": 0.7271154057737984,
            "recall": 0.72990492653414,
            "f1-score": 0.7278044729262755,
            "support": 2314.0
        },
        "confusion_matrix": [
            [
                568,
                348
            ],
            [
                277,
                1121
            ]
        ]
    },
    "mlp_results": {
        "Rush": {
            "precision": 0.6002120890774125,
            "recall": 0.6179039301310044,
            "f1-score": 0.608929532006455,
            "support": 916.0
        },
        "Pass": {
            "precision": 0.7447118891320205,
            "recall": 0.7303290414878397,
            "f1-score": 0.7374503430841459,
            "support": 1398.0
        },
        "accuracy": 0.6858254105445116,
        "macro avg": {
            "precision": 0.6724619891047166,
            "recall": 0.6741164858094221,
            "f1-score": 0.6731899375453005,
            "support": 2314.0
        },
        "weighted avg": {
            "precision": 0.6875114496981307,
            "recall": 0.6858254105445116,
            "f1-score": 0.686575207843366,
            "support": 2314.0
        },
        "confusion_matrix": [
            [
                566,
                350
            ],
            [
                377,
                1021
            ]
        ]
    },