{
    "last_gcn_results": {
        "Rush": {
            "precision": 0.6982758620689655,
            "recall": 0.618995633187773,
            "f1-score": 0.65625,
            "support": 916.0
        },
        "Pass": {
            "precision": 0.7676431424766977,
            "recall": 0.8247496423462088,
            "f1-score": 0.7951724137931034,
            "support": 1398.0
        },
        "accuracy": 0.7433016421780466,
        "macro avg": {
            "precision": 0.7329595022728317,
            "recall": 0.7218726377669908,
            "f1-score": 0.7257112068965517,
            "support": 2314.0
        },
        "weighted avg": {
            "precision": 0.7401840115979239,
            "recall": 0.7433016421780466,
            "f1-score": 0.7401797901826961,
            "support": 2314.0
        },
        "confusion_matrix": [
            [
                567,
                349
            ],
            [
                245,
                1153
            ]
        ]
    },
    "best_gcn_results": {
        "Rush": {
            "precision": 0.6982758620689655,
            "recall": 0.618995633187773,
            "f1-score": 0.65625,
            "support": 916.0
        },
        "Pass": {
            "precision": 0.7676431424766977,
            "recall": 0.8247496423462088,
            "f1-score": 0.7951724137931034,
            "support": 1398.0
        },
        "accuracy": 0.7433016421780466,
        "macro avg": {
            "precision": 0.7329595022728317,
            "recall": 0.7218726377669908,
            "f1-score": 0.7257112068965517,
            "support": 2314.0
        },
        "weighted avg": {
            "precision": 0.7401840115979239,
            "recall": 0.7433016421780466,
            "f1-score": 0.7401797901826961,
            "support": 2314.0
        },
        "confusion_matrix": [
            [
                567,
                349
            ],
            [
                245,
                1153
            ]
        ]
    },
    "rf_results": {
        "Rush": {
            "precision": 0.662528216704289,
            "recall": 0.6408296943231441,
            "f1-score": 0.6514983351831298,
            "support": 916.0
        },
        "Pass": {
            "precision": 0.7696078431372549,
            "recall": 0.7861230329041488,
            "f1-score": 0.7777777777777778,
            "support": 1398.0
        },
        "accuracy": 0.7286084701815039,
        "macro avg": {
            "precision": 0.716068029920772,
            "recall": 0.7134763636136464,
            "f1-score": 0.7146380564804538,
            "support": 2314.0
        },
        "weighted avg": {
            "precision": 0.7272202295622348,
            "recall": 0.7286084701815039,
            "f1-score": 0.727789891253708,
            "support": 2314.0
        },
        "confusion_matrix": [
            [
                587,
                329
            ],
            [
                299,
                1099
            ]
        ]
    },
    "mlp_results": {
        "Rush": {
            "precision": 0.6247240618101545,
            "recall": 0.6179039301310044,
            "f1-score": 0.6212952799121844,
            "support": 916.0
        },
        "Pass": {
            "precision": 0.7514204545454546,
            "recall": 0.7567954220314735,
            "f1-score": 0.7540983606557377,
            "support": 1398.0
        },
        "accuracy": 0.7018150388936906,
        "macro avg": {
            "precision": 0.6880722581778045,
            "recall": 0.687349676081239,
            "f1-score": 0.6876968202839611,
            "support": 2314.0
        },
        "weighted avg": {
            "precision": 0.7012675177496314,
            "recall": 0.7018150388936906,
            "f1-score": 0.7015280832308912,
            "support": 2314.0
        },
        "confusion_matrix": [
            [
                566,
                350
            ],
            [
                340,
                1058
            ]
        ]
    },