{
    "last_gcn_results": {
        "Rush": {
            "precision": 0.6730575176589304,
            "recall": 0.7281659388646288,
            "f1-score": 0.6995280545359203,
            "support": 916.0
        },
        "Pass": {
            "precision": 0.8117913832199547,
            "recall": 0.7682403433476395,
            "f1-score": 0.7894156560088202,
            "support": 1398.0
        },
        "accuracy": 0.7523768366464996,
        "macro avg": {
            "precision": 0.7424244504394426,
            "recall": 0.7482031411061341,
            "f1-score": 0.7444718552723703,
            "support": 2314.0
        },
        "weighted avg": {
            "precision": 0.7568733966798086,
            "recall": 0.7523768366464996,
            "f1-score": 0.7538335285459091,
            "support": 2314.0
        },
        "confusion_matrix": [
            [
                667,
                249
            ],
            [
                324,
                1074
            ]
        ]
    },
    "best_gcn_results": {
        "Rush": {
            "precision": 0.6730575176589304,
            "recall": 0.7281659388646288,
            "f1-score": 0.6995280545359203,
            "support": 916.0
        },
        "Pass": {
            "precision": 0.8117913832199547,
            "recall": 0.7682403433476395,
            "f1-score": 0.7894156560088202,
            "support": 1398.0
        },
        "accuracy": 0.7523768366464996,
        "macro avg": {
            "precision": 0.7424244504394426,
            "recall": 0.7482031411061341,
            "f1-score": 0.7444718552723703,
            "support": 2314.0
        },
        "weighted avg": {
            "precision": 0.7568733966798086,
            "recall": 0.7523768366464996,
            "f1-score": 0.7538335285459091,
            "support": 2314.0
        },
        "confusion_matrix": [
            [
                667,
                249
            ],
            [
                324,
                1074
            ]
        ]
    },
    "rf_results": {
        "Rush": {
            "precision": 0.6716791979949874,
            "recall": 0.5851528384279476,
            "f1-score": 0.6254375729288215,
            "support": 916.0
        },
        "Pass": {
            "precision": 0.7493403693931399,
            "recall": 0.8125894134477826,
            "f1-score": 0.7796842827728209,
            "support": 1398.0
        },
        "accuracy": 0.7225583405358686,
        "macro avg": {
            "precision": 0.7105097836940637,
            "recall": 0.698871125937865,
            "f1-score": 0.7025609278508211,
            "support": 2314.0
        },
        "weighted avg": {
            "precision": 0.7185980906547182,
            "recall": 0.7225583405358686,
            "f1-score": 0.7186255160411426,
            "support": 2314.0
        },
        "confusion_matrix": [
            [
                536,
                380
            ],
            [
                262,
                1136
            ]
        ]
    },
    "mlp_results": {
        "Rush": {
            "precision": 0.6363636363636364,
            "recall": 0.611353711790393,
            "f1-score": 0.623608017817372,
            "support": 916.0
        },
        "Pass": {
            "precision": 0.7517433751743375,
            "recall": 0.771101573676681,
            "f1-score": 0.7612994350282486,
            "support": 1398.0
        },
        "accuracy": 0.7078651685393258,
        "macro avg": {
            "precision": 0.694053505768987,
            "recall": 0.691227642733537,
            "f1-score": 0.6924537264228103,
            "support": 2314.0
        },
        "weighted avg": {
            "precision": 0.7060701509951662,
            "recall": 0.7078651685393258,
            "f1-score": 0.7067941030640468,
            "support": 2314.0
        },
        "confusion_matrix": [
            [
                560,
                356
            ],
            [
                320,
                1078
            ]
        ]
    },