{
    "last_gcn_results": {
        "Rush": {
            "precision": 0.7624242424242424,
            "recall": 0.6866812227074236,
            "f1-score": 0.7225732337736933,
            "support": 916.0
        },
        "Pass": {
            "precision": 0.7149950347567031,
            "recall": 0.7860262008733624,
            "f1-score": 0.748829953198128,
            "support": 916.0
        },
        "accuracy": 0.736353711790393,
        "macro avg": {
            "precision": 0.7387096385904728,
            "recall": 0.736353711790393,
            "f1-score": 0.7357015934859106,
            "support": 1832.0
        },
        "weighted avg": {
            "precision": 0.7387096385904728,
            "recall": 0.736353711790393,
            "f1-score": 0.7357015934859106,
            "support": 1832.0
        },
        "confusion_matrix": [
            [
                629,
                287
            ],
            [
                196,
                720
            ]
        ]
    },
    "best_gcn_results": {
        "Rush": {
            "precision": 0.7624242424242424,
            "recall": 0.6866812227074236,
            "f1-score": 0.7225732337736933,
            "support": 916.0
        },
        "Pass": {
            "precision": 0.7149950347567031,
            "recall": 0.7860262008733624,
            "f1-score": 0.748829953198128,
            "support": 916.0
        },
        "accuracy": 0.736353711790393,
        "macro avg": {
            "precision": 0.7387096385904728,
            "recall": 0.736353711790393,
            "f1-score": 0.7357015934859106,
            "support": 1832.0
        },
        "weighted avg": {
            "precision": 0.7387096385904728,
            "recall": 0.736353711790393,
            "f1-score": 0.7357015934859106,
            "support": 1832.0
        },
        "confusion_matrix": [
            [
                629,
                287
            ],
            [
                196,
                720
            ]
        ]
    },
    "rf_results": {
        "Rush": {
            "precision": 0.7106076210092688,
            "recall": 0.7532751091703057,
            "f1-score": 0.7313195548489666,
            "support": 916.0
        },
        "Pass": {
            "precision": 0.7375145180023229,
            "recall": 0.6932314410480349,
            "f1-score": 0.7146876758581879,
            "support": 916.0
        },
        "accuracy": 0.7232532751091703,
        "macro avg": {
            "precision": 0.7240610695057959,
            "recall": 0.7232532751091703,
            "f1-score": 0.7230036153535773,
            "support": 1832.0
        },
        "weighted avg": {
            "precision": 0.7240610695057959,
            "recall": 0.7232532751091703,
            "f1-score": 0.7230036153535773,
            "support": 1832.0
        },
        "confusion_matrix": [
            [
                690,
                226
            ],
            [
                281,
                635
            ]
        ]
    },
    "mlp_results": {
        "Rush": {
            "precision": 0.7019730010384216,
            "recall": 0.7379912663755459,
            "f1-score": 0.71953166577967,
            "support": 916.0
        },
        "Pass": {
            "precision": 0.7238204833141542,
            "recall": 0.6866812227074236,
            "f1-score": 0.7047619047619048,
            "support": 916.0
        },
        "accuracy": 0.7123362445414847,
        "macro avg": {
            "precision": 0.712896742176288,
            "recall": 0.7123362445414847,
            "f1-score": 0.7121467852707875,
            "support": 1832.0
        },
        "weighted avg": {
            "precision": 0.7128967421762878,
            "recall": 0.7123362445414847,
            "f1-score": 0.7121467852707873,
            "support": 1832.0
        },
        "confusion_matrix": [
            [
                676,
                240
            ],
            [
                287,
                629
            ]
        ]
    },