{
    "last_gcn_results": {
        "Rush": {
            "precision": 0.7349570200573066,
            "recall": 0.5600436681222707,
            "f1-score": 0.6356877323420075,
            "support": 916.0
        },
        "Pass": {
            "precision": 0.7506188118811881,
            "recall": 0.8676680972818311,
            "f1-score": 0.8049104180491041,
            "support": 1398.0
        },
        "accuracy": 0.7458945548833189,
        "macro avg": {
            "precision": 0.7427879159692473,
            "recall": 0.7138558827020509,
            "f1-score": 0.7202990751955558,
            "support": 2314.0
        },
        "weighted avg": {
            "precision": 0.7444190706060474,
            "recall": 0.7458945548833189,
            "f1-score": 0.7379233912091299,
            "support": 2314.0
        },
        "confusion_matrix": [
            [
                513,
                403
            ],
            [
                185,
                1213
            ]
        ]
    },
    "best_gcn_results": {
        "Rush": {
            "precision": 0.7349570200573066,
            "recall": 0.5600436681222707,
            "f1-score": 0.6356877323420075,
            "support": 916.0
        },
        "Pass": {
            "precision": 0.7506188118811881,
            "recall": 0.8676680972818311,
            "f1-score": 0.8049104180491041,
            "support": 1398.0
        },
        "accuracy": 0.7458945548833189,
        "macro avg": {
            "precision": 0.7427879159692473,
            "recall": 0.7138558827020509,
            "f1-score": 0.7202990751955558,
            "support": 2314.0
        },
        "weighted avg": {
            "precision": 0.7444190706060474,
            "recall": 0.7458945548833189,
            "f1-score": 0.7379233912091299,
            "support": 2314.0
        },
        "confusion_matrix": [
            [
                513,
                403
            ],
            [
                185,
                1213
            ]
        ]
    },
    "rf_results": {
        "Rush": {
            "precision": 0.6731470230862697,
            "recall": 0.6048034934497817,
            "f1-score": 0.6371477860839563,
            "support": 916.0
        },
        "Pass": {
            "precision": 0.7572099262240107,
            "recall": 0.8075822603719599,
            "f1-score": 0.7815853236413984,
            "support": 1398.0
        },
        "accuracy": 0.7273120138288678,
        "macro avg": {
            "precision": 0.7151784746551402,
            "recall": 0.7061928769108707,
            "f1-score": 0.7093665548626773,
            "support": 2314.0
        },
        "weighted avg": {
            "precision": 0.723933513400255,
            "recall": 0.7273120138288678,
            "f1-score": 0.724409530900423,
            "support": 2314.0
        },
        "confusion_matrix": [
            [
                554,
                362
            ],
            [
                269,
                1129
            ]
        ]
    },
    "mlp_results": {
        "Rush": {
            "precision": 0.6270270270270271,
            "recall": 0.6331877729257642,
            "f1-score": 0.6300923411189571,
            "support": 916.0
        },
        "Pass": {
            "precision": 0.7580993520518359,
            "recall": 0.7532188841201717,
            "f1-score": 0.7556512378902045,
            "support": 1398.0
        },
        "accuracy": 0.7057044079515989,
        "macro avg": {
            "precision": 0.6925631895394315,
            "recall": 0.693203328522968,
            "f1-score": 0.6928717895045808,
            "support": 2314.0
        },
        "weighted avg": {
            "precision": 0.7062141965968985,
            "recall": 0.7057044079515989,
            "f1-score": 0.7059485803956226,
            "support": 2314.0
        },
        "confusion_matrix": [
            [
                580,
                336
            ],
            [
                345,
                1053
            ]
        ]
    },