{
    "last_gcn_results": {
        "Rush": {
            "precision": 0.7405405405405405,
            "recall": 0.7478165938864629,
            "f1-score": 0.7441607821835958,
            "support": 916.0
        },
        "Pass": {
            "precision": 0.7453142227122381,
            "recall": 0.7379912663755459,
            "f1-score": 0.7416346681294569,
            "support": 916.0
        },
        "accuracy": 0.7429039301310044,
        "macro avg": {
            "precision": 0.7429273816263893,
            "recall": 0.7429039301310044,
            "f1-score": 0.7428977251565263,
            "support": 1832.0
        },
        "weighted avg": {
            "precision": 0.7429273816263893,
            "recall": 0.7429039301310044,
            "f1-score": 0.7428977251565263,
            "support": 1832.0
        },
        "confusion_matrix": [
            [
                685,
                231
            ],
            [
                240,
                676
            ]
        ]
    },
    "best_gcn_results": {
        "Rush": {
            "precision": 0.7405405405405405,
            "recall": 0.7478165938864629,
            "f1-score": 0.7441607821835958,
            "support": 916.0
        },
        "Pass": {
            "precision": 0.7453142227122381,
            "recall": 0.7379912663755459,
            "f1-score": 0.7416346681294569,
            "support": 916.0
        },
        "accuracy": 0.7429039301310044,
        "macro avg": {
            "precision": 0.7429273816263893,
            "recall": 0.7429039301310044,
            "f1-score": 0.7428977251565263,
            "support": 1832.0
        },
        "weighted avg": {
            "precision": 0.7429273816263893,
            "recall": 0.7429039301310044,
            "f1-score": 0.7428977251565263,
            "support": 1832.0
        },
        "confusion_matrix": [
            [
                685,
                231
            ],
            [
                240,
                676
            ]
        ]
    },
    "rf_results": {
        "Rush": {
            "precision": 0.7213779128672746,
            "recall": 0.777292576419214,
            "f1-score": 0.7482921702574882,
            "support": 916.0
        },
        "Pass": {
            "precision": 0.7585798816568048,
            "recall": 0.6997816593886463,
            "f1-score": 0.7279954571266326,
            "support": 916.0
        },
        "accuracy": 0.7385371179039302,
        "macro avg": {
            "precision": 0.7399788972620397,
            "recall": 0.7385371179039302,
            "f1-score": 0.7381438136920604,
            "support": 1832.0
        },
        "weighted avg": {
            "precision": 0.7399788972620397,
            "recall": 0.7385371179039302,
            "f1-score": 0.7381438136920604,
            "support": 1832.0
        },
        "confusion_matrix": [
            [
                712,
                204
            ],
            [
                275,
                641
            ]
        ]
    },
    "mlp_results": {
        "Rush": {
            "precision": 0.7065934065934066,
            "recall": 0.7019650655021834,
            "f1-score": 0.7042716319824753,
            "support": 916.0
        },
        "Pass": {
            "precision": 0.7039045553145337,
            "recall": 0.7085152838427947,
            "f1-score": 0.70620239390642,
            "support": 916.0
        },
        "accuracy": 0.7052401746724891,
        "macro avg": {
            "precision": 0.7052489809539702,
            "recall": 0.705240174672489,
            "f1-score": 0.7052370129444476,
            "support": 1832.0
        },
        "weighted avg": {
            "precision": 0.7052489809539702,
            "recall": 0.7052401746724891,
            "f1-score": 0.7052370129444477,
            "support": 1832.0
        },
        "confusion_matrix": [
            [
                643,
                273
            ],
            [
                267,
                649
            ]
        ]
    },