{
    "last_gcn_results": {
        "Rush": {
            "precision": 0.7602941176470588,
            "recall": 0.5644104803493449,
            "f1-score": 0.6478696741854637,
            "support": 916.0
        },
        "Pass": {
            "precision": 0.7558139534883721,
            "recall": 0.8834048640915594,
            "f1-score": 0.8146437994722955,
            "support": 1398.0
        },
        "accuracy": 0.7571305099394987,
        "macro avg": {
            "precision": 0.7580540355677154,
            "recall": 0.7239076722204522,
            "f1-score": 0.7312567368288796,
            "support": 2314.0
        },
        "weighted avg": {
            "precision": 0.7575874324725368,
            "recall": 0.7571305099394987,
            "f1-score": 0.7486260385549498,
            "support": 2314.0
        },
        "confusion_matrix": [
            [
                517,
                399
            ],
            [
                163,
                1235
            ]
        ]
    },
    "best_gcn_results": {
        "Rush": {
            "precision": 0.7602941176470588,
            "recall": 0.5644104803493449,
            "f1-score": 0.6478696741854637,
            "support": 916.0
        },
        "Pass": {
            "precision": 0.7558139534883721,
            "recall": 0.8834048640915594,
            "f1-score": 0.8146437994722955,
            "support": 1398.0
        },
        "accuracy": 0.7571305099394987,
        "macro avg": {
            "precision": 0.7580540355677154,
            "recall": 0.7239076722204522,
            "f1-score": 0.7312567368288796,
            "support": 2314.0
        },
        "weighted avg": {
            "precision": 0.7575874324725368,
            "recall": 0.7571305099394987,
            "f1-score": 0.7486260385549498,
            "support": 2314.0
        },
        "confusion_matrix": [
            [
                517,
                399
            ],
            [
                163,
                1235
            ]
        ]
    },
    "rf_results": {
        "Rush": {
            "precision": 0.672189349112426,
            "recall": 0.6200873362445415,
            "f1-score": 0.6450880181714934,
            "support": 916.0
        },
        "Pass": {
            "precision": 0.7631041524846834,
            "recall": 0.801859799713877,
            "f1-score": 0.7820020927799093,
            "support": 1398.0
        },
        "accuracy": 0.72990492653414,
        "macro avg": {
            "precision": 0.7176467507985547,
            "recall": 0.7109735679792093,
            "f1-score": 0.7135450554757014,
            "support": 2314.0
        },
        "weighted avg": {
            "precision": 0.7271154057737984,
            "recall": 0.72990492653414,
            "f1-score": 0.7278044729262755,
            "support": 2314.0
        },
        "confusion_matrix": [
            [
                568,
                348
            ],
            [
                277,
                1121
            ]
        ]
    },
    "mlp_results": {
        "Rush": {
            "precision": 0.6002120890774125,
            "recall": 0.6179039301310044,
            "f1-score": 0.608929532006455,
            "support": 916.0
        },
        "Pass": {
            "precision": 0.7447118891320205,
            "recall": 0.7303290414878397,
            "f1-score": 0.7374503430841459,
            "support": 1398.0
        },
        "accuracy": 0.6858254105445116,
        "macro avg": {
            "precision": 0.6724619891047166,
            "recall": 0.6741164858094221,
            "f1-score": 0.6731899375453005,
            "support": 2314.0
        },
        "weighted avg": {
            "precision": 0.6875114496981307,
            "recall": 0.6858254105445116,
            "f1-score": 0.686575207843366,
            "support": 2314.0
        },
        "confusion_matrix": [
            [
                566,
                350
            ],
            [
                377,
                1021
            ]
        ]
    },