{
    "last_gcn_results": {
        "Rush": {
            "precision": 0.7224975222993062,
            "recall": 0.7958515283842795,
            "f1-score": 0.7574025974025974,
            "support": 916.0
        },
        "Pass": {
            "precision": 0.772782503037667,
            "recall": 0.6943231441048034,
            "f1-score": 0.7314548591144335,
            "support": 916.0
        },
        "accuracy": 0.7450873362445415,
        "macro avg": {
            "precision": 0.7476400126684866,
            "recall": 0.7450873362445415,
            "f1-score": 0.7444287282585155,
            "support": 1832.0
        },
        "weighted avg": {
            "precision": 0.7476400126684866,
            "recall": 0.7450873362445415,
            "f1-score": 0.7444287282585156,
            "support": 1832.0
        },
        "confusion_matrix": [
            [
                729,
                187
            ],
            [
                280,
                636
            ]
        ]
    },
    "best_gcn_results": {
        "Rush": {
            "precision": 0.7224975222993062,
            "recall": 0.7958515283842795,
            "f1-score": 0.7574025974025974,
            "support": 916.0
        },
        "Pass": {
            "precision": 0.772782503037667,
            "recall": 0.6943231441048034,
            "f1-score": 0.7314548591144335,
            "support": 916.0
        },
        "accuracy": 0.7450873362445415,
        "macro avg": {
            "precision": 0.7476400126684866,
            "recall": 0.7450873362445415,
            "f1-score": 0.7444287282585155,
            "support": 1832.0
        },
        "weighted avg": {
            "precision": 0.7476400126684866,
            "recall": 0.7450873362445415,
            "f1-score": 0.7444287282585156,
            "support": 1832.0
        },
        "confusion_matrix": [
            [
                729,
                187
            ],
            [
                280,
                636
            ]
        ]
    },
    "rf_results": {
        "Rush": {
            "precision": 0.7276550998948476,
            "recall": 0.7554585152838428,
            "f1-score": 0.7412961971076594,
            "support": 916.0
        },
        "Pass": {
            "precision": 0.7457434733257662,
            "recall": 0.7172489082969432,
            "f1-score": 0.7312186978297162,
            "support": 916.0
        },
        "accuracy": 0.736353711790393,
        "macro avg": {
            "precision": 0.7366992866103068,
            "recall": 0.736353711790393,
            "f1-score": 0.7362574474686878,
            "support": 1832.0
        },
        "weighted avg": {
            "precision": 0.736699286610307,
            "recall": 0.736353711790393,
            "f1-score": 0.7362574474686878,
            "support": 1832.0
        },
        "confusion_matrix": [
            [
                692,
                224
            ],
            [
                259,
                657
            ]
        ]
    },
    "mlp_results": {
        "Rush": {
            "precision": 0.6854663774403471,
            "recall": 0.6899563318777293,
            "f1-score": 0.6877040261153428,
            "support": 916.0
        },
        "Pass": {
            "precision": 0.6879120879120879,
            "recall": 0.6834061135371179,
            "f1-score": 0.6856516976998904,
            "support": 916.0
        },
        "accuracy": 0.6866812227074236,
        "macro avg": {
            "precision": 0.6866892326762175,
            "recall": 0.6866812227074236,
            "f1-score": 0.6866778619076166,
            "support": 1832.0
        },
        "weighted avg": {
            "precision": 0.6866892326762174,
            "recall": 0.6866812227074236,
            "f1-score": 0.6866778619076166,
            "support": 1832.0
        },
        "confusion_matrix": [
            [
                632,
                284
            ],
            [
                290,
                626
            ]
        ]
    },