{
    "last_gcn_results": {
        "Rush": {
            "precision": 0.5615696887686062,
            "recall": 0.679214402618658,
            "f1-score": 0.6148148148148148,
            "support": 611.0
        },
        "Pass": {
            "precision": 0.5942028985507246,
            "recall": 0.469721767594108,
            "f1-score": 0.5246800731261426,
            "support": 611.0
        },
        "accuracy": 0.574468085106383,
        "macro avg": {
            "precision": 0.5778862936596654,
            "recall": 0.574468085106383,
            "f1-score": 0.5697474439704787,
            "support": 1222.0
        },
        "weighted avg": {
            "precision": 0.5778862936596655,
            "recall": 0.574468085106383,
            "f1-score": 0.5697474439704787,
            "support": 1222.0
        },
        "confusion_matrix": [
            [
                415,
                196
            ],
            [
                324,
                287
            ]
        ]
    },
    "best_gcn_results": {
        "Rush": {
            "precision": 0.5615696887686062,
            "recall": 0.679214402618658,
            "f1-score": 0.6148148148148148,
            "support": 611.0
        },
        "Pass": {
            "precision": 0.5942028985507246,
            "recall": 0.469721767594108,
            "f1-score": 0.5246800731261426,
            "support": 611.0
        },
        "accuracy": 0.574468085106383,
        "macro avg": {
            "precision": 0.5778862936596654,
            "recall": 0.574468085106383,
            "f1-score": 0.5697474439704787,
            "support": 1222.0
        },
        "weighted avg": {
            "precision": 0.5778862936596655,
            "recall": 0.574468085106383,
            "f1-score": 0.5697474439704787,
            "support": 1222.0
        },
        "confusion_matrix": [
            [
                415,
                196
            ],
            [
                324,
                287
            ]
        ]
    },
    "rf_results": {
        "Rush": {
            "precision": 0.7102526002971769,
            "recall": 0.7823240589198036,
            "f1-score": 0.7445482866043613,
            "support": 611.0
        },
        "Pass": {
            "precision": 0.7577413479052824,
            "recall": 0.6808510638297872,
            "f1-score": 0.7172413793103448,
            "support": 611.0
        },
        "accuracy": 0.7315875613747954,
        "macro avg": {
            "precision": 0.7339969741012295,
            "recall": 0.7315875613747954,
            "f1-score": 0.730894832957353,
            "support": 1222.0
        },
        "weighted avg": {
            "precision": 0.7339969741012297,
            "recall": 0.7315875613747954,
            "f1-score": 0.7308948329573531,
            "support": 1222.0
        },
        "confusion_matrix": [
            [
                478,
                133
            ],
            [
                195,
                416
            ]
        ]
    },
    "mlp_results": {
        "Rush": {
            "precision": 0.6777777777777778,
            "recall": 0.6988543371522095,
            "f1-score": 0.6881547139403706,
            "support": 611.0
        },
        "Pass": {
            "precision": 0.6891891891891891,
            "recall": 0.6677577741407529,
            "f1-score": 0.6783042394014963,
            "support": 611.0
        },
        "accuracy": 0.6833060556464812,
        "macro avg": {
            "precision": 0.6834834834834835,
            "recall": 0.6833060556464812,
            "f1-score": 0.6832294766709335,
            "support": 1222.0
        },
        "weighted avg": {
            "precision": 0.6834834834834835,
            "recall": 0.6833060556464812,
            "f1-score": 0.6832294766709335,
            "support": 1222.0
        },
        "confusion_matrix": [
            [
                427,
                184
            ],
            [
                203,
                408
            ]
        ]
    },
    "config": {
        "RANDOM_SEED": 23,
        "GNN_EPOCHS": 500,
        "GNN_HIDDEN_CHANNELS": 32,
        "GNN_HIDDEN_LAYERS": 1,
        "GNN_LEARNING_RATE": 1e-05,
        "GNN_DROPOUT": 0.4,
        "GNN_WEIGHT_DECAY": 0.0005,
        "RF_ESTIMATORS": 100,
        "MLP_HIDDEN_CHANNELS": 128,
        "MLP_HIDDEN_LAYERS": 2,
        "MLP_MAX_ITER": 3000,
        "MLP_LEARNING_RATE": 0.01,
        "MLP_ALPHA": 5e-05,
        "VALIDATION_SPLIT": 0.8,
        "TEST_SPLIT": 0.9,
        "SHOW_INFO": true
    }
}