{
    "last_gcn_results": {
        "Rush": {
            "precision": 0.6333333333333333,
            "recall": 0.7467248908296943,
            "f1-score": 0.685370741482966,
            "support": 916.0
        },
        "Pass": {
            "precision": 0.6914893617021277,
            "recall": 0.5676855895196506,
            "f1-score": 0.6235011990407674,
            "support": 916.0
        },
        "accuracy": 0.6572052401746725,
        "macro avg": {
            "precision": 0.6624113475177305,
            "recall": 0.6572052401746724,
            "f1-score": 0.6544359702618667,
            "support": 1832.0
        },
        "weighted avg": {
            "precision": 0.6624113475177306,
            "recall": 0.6572052401746725,
            "f1-score": 0.6544359702618666,
            "support": 1832.0
        },
        "confusion_matrix": [
            [
                684,
                232
            ],
            [
                396,
                520
            ]
        ]
    },
    "best_gcn_results": {
        "Rush": {
            "precision": 0.6333333333333333,
            "recall": 0.7467248908296943,
            "f1-score": 0.685370741482966,
            "support": 916.0
        },
        "Pass": {
            "precision": 0.6914893617021277,
            "recall": 0.5676855895196506,
            "f1-score": 0.6235011990407674,
            "support": 916.0
        },
        "accuracy": 0.6572052401746725,
        "macro avg": {
            "precision": 0.6624113475177305,
            "recall": 0.6572052401746724,
            "f1-score": 0.6544359702618667,
            "support": 1832.0
        },
        "weighted avg": {
            "precision": 0.6624113475177306,
            "recall": 0.6572052401746725,
            "f1-score": 0.6544359702618666,
            "support": 1832.0
        },
        "confusion_matrix": [
            [
                684,
                232
            ],
            [
                396,
                520
            ]
        ]
    },
    "rf_results": {
        "Rush": {
            "precision": 0.6935960591133005,
            "recall": 0.7685589519650655,
            "f1-score": 0.7291558777835319,
            "support": 916.0
        },
        "Pass": {
            "precision": 0.7405140758873929,
            "recall": 0.6604803493449781,
            "f1-score": 0.6982111944604732,
            "support": 916.0
        },
        "accuracy": 0.7145196506550219,
        "macro avg": {
            "precision": 0.7170550675003466,
            "recall": 0.7145196506550218,
            "f1-score": 0.7136835361220025,
            "support": 1832.0
        },
        "weighted avg": {
            "precision": 0.7170550675003466,
            "recall": 0.7145196506550219,
            "f1-score": 0.7136835361220026,
            "support": 1832.0
        },
        "confusion_matrix": [
            [
                704,
                212
            ],
            [
                311,
                605
            ]
        ]
    },
    "mlp_results": {
        "Rush": {
            "precision": 0.6490335707019329,
            "recall": 0.6965065502183406,
            "f1-score": 0.6719325961032122,
            "support": 916.0
        },
        "Pass": {
            "precision": 0.6725559481743227,
            "recall": 0.6233624454148472,
            "f1-score": 0.6470254957507082,
            "support": 916.0
        },
        "accuracy": 0.6599344978165939,
        "macro avg": {
            "precision": 0.6607947594381278,
            "recall": 0.659934497816594,
            "f1-score": 0.6594790459269602,
            "support": 1832.0
        },
        "weighted avg": {
            "precision": 0.6607947594381278,
            "recall": 0.6599344978165939,
            "f1-score": 0.6594790459269603,
            "support": 1832.0
        },
        "confusion_matrix": [
            [
                638,
                278
            ],
            [
                345,
                571
            ]
        ]
    },