{
    "last_gcn_results": {
        "Rush": {
            "precision": 0.6863679694947569,
            "recall": 0.7860262008733624,
            "f1-score": 0.732824427480916,
            "support": 916.0
        },
        "Pass": {
            "precision": 0.7496807151979565,
            "recall": 0.6408296943231441,
            "f1-score": 0.6909947027663331,
            "support": 916.0
        },
        "accuracy": 0.7134279475982532,
        "macro avg": {
            "precision": 0.7180243423463567,
            "recall": 0.7134279475982532,
            "f1-score": 0.7119095651236246,
            "support": 1832.0
        },
        "weighted avg": {
            "precision": 0.7180243423463567,
            "recall": 0.7134279475982532,
            "f1-score": 0.7119095651236246,
            "support": 1832.0
        },
        "confusion_matrix": [
            [
                720,
                196
            ],
            [
                329,
                587
            ]
        ]
    },
    "best_gcn_results": {
        "Rush": {
            "precision": 0.6863679694947569,
            "recall": 0.7860262008733624,
            "f1-score": 0.732824427480916,
            "support": 916.0
        },
        "Pass": {
            "precision": 0.7496807151979565,
            "recall": 0.6408296943231441,
            "f1-score": 0.6909947027663331,
            "support": 916.0
        },
        "accuracy": 0.7134279475982532,
        "macro avg": {
            "precision": 0.7180243423463567,
            "recall": 0.7134279475982532,
            "f1-score": 0.7119095651236246,
            "support": 1832.0
        },
        "weighted avg": {
            "precision": 0.7180243423463567,
            "recall": 0.7134279475982532,
            "f1-score": 0.7119095651236246,
            "support": 1832.0
        },
        "confusion_matrix": [
            [
                720,
                196
            ],
            [
                329,
                587
            ]
        ]
    },
    "rf_results": {
        "Rush": {
            "precision": 0.6929911154985192,
            "recall": 0.7663755458515283,
            "f1-score": 0.7278382581648523,
            "support": 916.0
        },
        "Pass": {
            "precision": 0.7387057387057387,
            "recall": 0.6604803493449781,
            "f1-score": 0.6974063400576369,
            "support": 916.0
        },
        "accuracy": 0.7134279475982532,
        "macro avg": {
            "precision": 0.715848427102129,
            "recall": 0.7134279475982532,
            "f1-score": 0.7126222991112445,
            "support": 1832.0
        },
        "weighted avg": {
            "precision": 0.715848427102129,
            "recall": 0.7134279475982532,
            "f1-score": 0.7126222991112445,
            "support": 1832.0
        },
        "confusion_matrix": [
            [
                702,
                214
            ],
            [
                311,
                605
            ]
        ]
    },
    "mlp_results": {
        "Rush": {
            "precision": 0.6508097165991903,
            "recall": 0.7019650655021834,
            "f1-score": 0.6754201680672269,
            "support": 916.0
        },
        "Pass": {
            "precision": 0.6765402843601895,
            "recall": 0.6233624454148472,
            "f1-score": 0.6488636363636363,
            "support": 916.0
        },
        "accuracy": 0.6626637554585153,
        "macro avg": {
            "precision": 0.6636750004796899,
            "recall": 0.6626637554585153,
            "f1-score": 0.6621419022154316,
            "support": 1832.0
        },
        "weighted avg": {
            "precision": 0.6636750004796899,
            "recall": 0.6626637554585153,
            "f1-score": 0.6621419022154317,
            "support": 1832.0
        },
        "confusion_matrix": [
            [
                643,
                273
            ],
            [
                345,
                571
            ]
        ]
    },