{
    "last_gcn_results": {
        "Rush": {
            "precision": 0.727076591154261,
            "recall": 0.7358078602620087,
            "f1-score": 0.7314161692892024,
            "support": 916.0
        },
        "Pass": {
            "precision": 0.8255227108868061,
            "recall": 0.8190271816881259,
            "f1-score": 0.822262118491921,
            "support": 1398.0
        },
        "accuracy": 0.7860847018150389,
        "macro avg": {
            "precision": 0.7762996510205336,
            "recall": 0.7774175209750673,
            "f1-score": 0.7768391438905617,
            "support": 2314.0
        },
        "weighted avg": {
            "precision": 0.7865526825052109,
            "recall": 0.7860847018150389,
            "f1-score": 0.78630062779629,
            "support": 2314.0
        },
        "confusion_matrix": [
            [
                674,
                242
            ],
            [
                253,
                1145
            ]
        ]
    },
    "best_gcn_results": {
        "Rush": {
            "precision": 0.727076591154261,
            "recall": 0.7358078602620087,
            "f1-score": 0.7314161692892024,
            "support": 916.0
        },
        "Pass": {
            "precision": 0.8255227108868061,
            "recall": 0.8190271816881259,
            "f1-score": 0.822262118491921,
            "support": 1398.0
        },
        "accuracy": 0.7860847018150389,
        "macro avg": {
            "precision": 0.7762996510205336,
            "recall": 0.7774175209750673,
            "f1-score": 0.7768391438905617,
            "support": 2314.0
        },
        "weighted avg": {
            "precision": 0.7865526825052109,
            "recall": 0.7860847018150389,
            "f1-score": 0.78630062779629,
            "support": 2314.0
        },
        "confusion_matrix": [
            [
                674,
                242
            ],
            [
                253,
                1145
            ]
        ]
    },
    "rf_results": {
        "Rush": {
            "precision": 0.671892497200448,
            "recall": 0.6550218340611353,
            "f1-score": 0.6633499170812603,
            "support": 916.0
        },
        "Pass": {
            "precision": 0.7776213933849402,
            "recall": 0.790414878397711,
            "f1-score": 0.7839659453706989,
            "support": 1398.0
        },
        "accuracy": 0.7368193604148661,
        "macro avg": {
            "precision": 0.7247569452926941,
            "recall": 0.7227183562294232,
            "f1-score": 0.7236579312259797,
            "support": 2314.0
        },
        "weighted avg": {
            "precision": 0.7357684681883132,
            "recall": 0.7368193604148661,
            "f1-score": 0.7362199289864614,
            "support": 2314.0
        },
        "confusion_matrix": [
            [
                600,
                316
            ],
            [
                293,
                1105
            ]
        ]
    },
    "mlp_results": {
        "Rush": {
            "precision": 0.6070252469813392,
            "recall": 0.6037117903930131,
            "f1-score": 0.6053639846743295,
            "support": 916.0
        },
        "Pass": {
            "precision": 0.7412687099073414,
            "recall": 0.7439198855507868,
            "f1-score": 0.7425919314530525,
            "support": 1398.0
        },
        "accuracy": 0.6884183232497839,
        "macro avg": {
            "precision": 0.6741469784443404,
            "recall": 0.6738158379718999,
            "f1-score": 0.673977958063691,
            "support": 2314.0
        },
        "weighted avg": {
            "precision": 0.6881282552659334,
            "recall": 0.6884183232497839,
            "f1-score": 0.6882700648803168,
            "support": 2314.0
        },
        "confusion_matrix": [
            [
                553,
                363
            ],
            [
                358,
                1040
            ]
        ]
    },