{
    "last_gcn_results": {
        "Rush": {
            "precision": 0.6596461668070767,
            "recall": 0.8548034934497817,
            "f1-score": 0.7446504992867332,
            "support": 916.0
        },
        "Pass": {
            "precision": 0.7937984496124031,
            "recall": 0.5589519650655022,
            "f1-score": 0.6559897501601537,
            "support": 916.0
        },
        "accuracy": 0.7068777292576419,
        "macro avg": {
            "precision": 0.7267223082097398,
            "recall": 0.7068777292576419,
            "f1-score": 0.7003201247234434,
            "support": 1832.0
        },
        "weighted avg": {
            "precision": 0.7267223082097399,
            "recall": 0.7068777292576419,
            "f1-score": 0.7003201247234434,
            "support": 1832.0
        },
        "confusion_matrix": [
            [
                783,
                133
            ],
            [
                404,
                512
            ]
        ]
    },
    "best_gcn_results": {
        "Rush": {
            "precision": 0.6596461668070767,
            "recall": 0.8548034934497817,
            "f1-score": 0.7446504992867332,
            "support": 916.0
        },
        "Pass": {
            "precision": 0.7937984496124031,
            "recall": 0.5589519650655022,
            "f1-score": 0.6559897501601537,
            "support": 916.0
        },
        "accuracy": 0.7068777292576419,
        "macro avg": {
            "precision": 0.7267223082097398,
            "recall": 0.7068777292576419,
            "f1-score": 0.7003201247234434,
            "support": 1832.0
        },
        "weighted avg": {
            "precision": 0.7267223082097399,
            "recall": 0.7068777292576419,
            "f1-score": 0.7003201247234434,
            "support": 1832.0
        },
        "confusion_matrix": [
            [
                783,
                133
            ],
            [
                404,
                512
            ]
        ]
    },
    "rf_results": {
        "Rush": {
            "precision": 0.6873184898354308,
            "recall": 0.7751091703056768,
            "f1-score": 0.728578758337609,
            "support": 916.0
        },
        "Pass": {
            "precision": 0.7421777221526908,
            "recall": 0.6473799126637555,
            "f1-score": 0.6915451895043732,
            "support": 916.0
        },
        "accuracy": 0.7112445414847162,
        "macro avg": {
            "precision": 0.7147481059940608,
            "recall": 0.7112445414847162,
            "f1-score": 0.710061973920991,
            "support": 1832.0
        },
        "weighted avg": {
            "precision": 0.7147481059940608,
            "recall": 0.7112445414847162,
            "f1-score": 0.710061973920991,
            "support": 1832.0
        },
        "confusion_matrix": [
            [
                710,
                206
            ],
            [
                323,
                593
            ]
        ]
    },
    "mlp_results": {
        "Rush": {
            "precision": 0.6529774127310062,
            "recall": 0.6943231441048034,
            "f1-score": 0.6730158730158731,
            "support": 916.0
        },
        "Pass": {
            "precision": 0.6736596736596736,
            "recall": 0.631004366812227,
            "f1-score": 0.6516347237880497,
            "support": 916.0
        },
        "accuracy": 0.6626637554585153,
        "macro avg": {
            "precision": 0.6633185431953399,
            "recall": 0.6626637554585153,
            "f1-score": 0.6623252984019614,
            "support": 1832.0
        },
        "weighted avg": {
            "precision": 0.6633185431953399,
            "recall": 0.6626637554585153,
            "f1-score": 0.6623252984019613,
            "support": 1832.0
        },
        "confusion_matrix": [
            [
                636,
                280
            ],
            [
                338,
                578
            ]
        ]
    },
    "train_losses": [
        0.4544324302608198,
        0.4209028176271199,
        0.3256139168973829,
        0.2330961577879275,
        0.16166349226008347,
        0.10175613712091915,
        0.05748455153136957,
        0.0380740344850092,
        0.02814535179424807,
        0.024345339451982674,
        0.023032992068535645,
        0.02233000179457534,
        0.02250143006199696,
        0.02192707547073156,
        0.022040850868642003,
        0.021841328033332615,
        0.021912305407185372,
        0.021681374539443053,
        0.021482296198443638,
        0.02148449170133455,
        0.021201709906260174,
        0.02120574185105621,
        0.02084937608632885,
        0.021106006310937182,
        0.020974777663340334,
        0.020947712659835815,
        0.0210777887229711,
        0.020753325204380224,
        0.02058040037181208,
        0.020923472493072675,
        0.020285076098363906,
        0.020491605150243623,
        0.020603181039049324,
        0.02039944203824945,
        0.02038457416445831,
        0.020214573965697993,
        0.020342165557413153,
        0.019927019271694244,
        0.020194938111174954,
        0.01958719853494988,
        0.019865070633549507,
        0.019417680987243443,
        0.019745106758967124,
        0.019613517258988054,
        0.01971168586465179,
        0.019273000271593937,
        0.019013486208160065,
        0.0191782574673168,
        0.019151482034902103,
        0.01930106998792763,
        0.01884273438831496,
        0.01889306761202265,
        0.018967525571421846,
        0.018550446792378453,
        0.018485747888439992,
        0.018449483266293677,
        0.018345545908141005,
        0.018015385911764343,
        0.01814165688603302,
        0.01783146661161725,
        0.017865770338662986,
        0.017681806937592928,
        0.01788648953203295,
        0.018062050599869484,
        0.017608796133369697,
        0.017491071243755152,
        0.01783235374369908,
        0.017190363677473015,
        0.017611540471269786,
        0.01765453869202098,
        0.017399707583130385,
        0.017893284917529163,
        0.016814255657417527,
        0.01729340871663693,
        0.017845901179183377,
        0.017123990005157033,
        0.017007082342450085,
        0.01733650022842845,
        0.017154434209312897,
        0.017021026213963827,
        0.016925225166675172,
        0.016710131831182157,
        0.01638073124846474,
        0.01680040286212671,
        0.016780483364407482,
        0.016618842684506068,
        0.01636656912786713,
        0.016383762991493515,
        0.016695304385951307,
        0.01643637682570786,
        0.01593934585813616,
        0.01678908446121737,
        0.016216676759589564,
        0.016191684841458262,
        0.016665038645593194,
        0.016090500110485514,
        0.016376250021444643,
        0.015977556278796795,
        0.015948037249468715,
        0.016241729959764115,
        0.01569492141080033,
        0.015994451337499046,
        0.01592704998990877,
        0.01585617604477158,
        0.015884548588528658,
        0.016080696498109996,
        0.015502790951989387,
        0.015895315874469736,
        0.016023472537759875,
        0.01599966735462022,
        0.015950938033275918,
        0.01568737311767099,
        0.01574141601395737,
        0.015430311785369622,
        0.015541192074942459,
        0.015417159825074868,
        0.01519939599792814,
        0.015255385165006085,
        0.015185349349115716,
        0.015534197551305176,
        0.01540369168331063,
        0.015424138877561184,
        0.015370277628872563,
        0.015352454130115404,
        0.015600959793791745,
        0.015415367923799108,
        0.014689833308503927
    ],