{
    "last_gcn_results": {
        "Rush": {
            "precision": 0.5636200716845878,
            "recall": 0.6866812227074236,
            "f1-score": 0.6190944881889764,
            "support": 916.0
        },
        "Pass": {
            "precision": 0.7604340567612687,
            "recall": 0.6516452074391988,
            "f1-score": 0.7018489984591679,
            "support": 1398.0
        },
        "accuracy": 0.665514261019879,
        "macro avg": {
            "precision": 0.6620270642229282,
            "recall": 0.6691632150733112,
            "f1-score": 0.6604717433240721,
            "support": 2314.0
        },
        "weighted avg": {
            "precision": 0.6825249771025653,
            "recall": 0.665514261019879,
            "f1-score": 0.6690905147048484,
            "support": 2314.0
        },
        "confusion_matrix": [
            [
                629,
                287
            ],
            [
                487,
                911
            ]
        ]
    },
    "best_gcn_results": {
        "Rush": {
            "precision": 0.5636200716845878,
            "recall": 0.6866812227074236,
            "f1-score": 0.6190944881889764,
            "support": 916.0
        },
        "Pass": {
            "precision": 0.7604340567612687,
            "recall": 0.6516452074391988,
            "f1-score": 0.7018489984591679,
            "support": 1398.0
        },
        "accuracy": 0.665514261019879,
        "macro avg": {
            "precision": 0.6620270642229282,
            "recall": 0.6691632150733112,
            "f1-score": 0.6604717433240721,
            "support": 2314.0
        },
        "weighted avg": {
            "precision": 0.6825249771025653,
            "recall": 0.665514261019879,
            "f1-score": 0.6690905147048484,
            "support": 2314.0
        },
        "confusion_matrix": [
            [
                629,
                287
            ],
            [
                487,
                911
            ]
        ]
    },
    "rf_results": {
        "Rush": {
            "precision": 0.6519666269368296,
            "recall": 0.5971615720524017,
            "f1-score": 0.6233618233618233,
            "support": 916.0
        },
        "Pass": {
            "precision": 0.7498305084745762,
            "recall": 0.7911301859799714,
            "f1-score": 0.769926905673512,
            "support": 1398.0
        },
        "accuracy": 0.7143474503025065,
        "macro avg": {
            "precision": 0.7008985677057029,
            "recall": 0.6941458790161865,
            "f1-score": 0.6966443645176676,
            "support": 2314.0
        },
        "weighted avg": {
            "precision": 0.7110909598624,
            "recall": 0.7143474503025065,
            "f1-score": 0.711908921491357,
            "support": 2314.0
        },
        "confusion_matrix": [
            [
                547,
                369
            ],
            [
                292,
                1106
            ]
        ]
    },
    "mlp_results": {
        "Rush": {
            "precision": 0.5925925925925926,
            "recall": 0.62882096069869,
            "f1-score": 0.6101694915254238,
            "support": 916.0
        },
        "Pass": {
            "precision": 0.7466467958271237,
            "recall": 0.7167381974248928,
            "f1-score": 0.7313868613138687,
            "support": 1398.0
        },
        "accuracy": 0.6819360414866033,
        "macro avg": {
            "precision": 0.6696196942098581,
            "recall": 0.6727795790617914,
            "f1-score": 0.6707781764196462,
            "support": 2314.0
        },
        "weighted avg": {
            "precision": 0.6856642330946991,
            "recall": 0.6819360414866033,
            "f1-score": 0.6834028030916494,
            "support": 2314.0
        },
        "confusion_matrix": [
            [
                576,
                340
            ],
            [
                396,
                1002
            ]
        ]
    },