{
    "last_gcn_results": {
        "Rush": {
            "precision": 0.7145877378435518,
            "recall": 0.7379912663755459,
            "f1-score": 0.7261009667024705,
            "support": 916.0
        },
        "Pass": {
            "precision": 0.8245614035087719,
            "recall": 0.8068669527896996,
            "f1-score": 0.8156182212581344,
            "support": 1398.0
        },
        "accuracy": 0.7796024200518582,
        "macro avg": {
            "precision": 0.7695745706761619,
            "recall": 0.7724291095826228,
            "f1-score": 0.7708595939803025,
            "support": 2314.0
        },
        "weighted avg": {
            "precision": 0.7810281806266018,
            "recall": 0.7796024200518582,
            "f1-score": 0.7801826961185544,
            "support": 2314.0
        },
        "confusion_matrix": [
            [
                676,
                240
            ],
            [
                270,
                1128
            ]
        ]
    },
    "best_gcn_results": {
        "Rush": {
            "precision": 0.7145877378435518,
            "recall": 0.7379912663755459,
            "f1-score": 0.7261009667024705,
            "support": 916.0
        },
        "Pass": {
            "precision": 0.8245614035087719,
            "recall": 0.8068669527896996,
            "f1-score": 0.8156182212581344,
            "support": 1398.0
        },
        "accuracy": 0.7796024200518582,
        "macro avg": {
            "precision": 0.7695745706761619,
            "recall": 0.7724291095826228,
            "f1-score": 0.7708595939803025,
            "support": 2314.0
        },
        "weighted avg": {
            "precision": 0.7810281806266018,
            "recall": 0.7796024200518582,
            "f1-score": 0.7801826961185544,
            "support": 2314.0
        },
        "confusion_matrix": [
            [
                676,
                240
            ],
            [
                270,
                1128
            ]
        ]
    },
    "rf_results": {
        "Rush": {
            "precision": 0.6924882629107981,
            "recall": 0.6441048034934498,
            "f1-score": 0.667420814479638,
            "support": 916.0
        },
        "Pass": {
            "precision": 0.7770177838577291,
            "recall": 0.8125894134477826,
            "f1-score": 0.7944055944055944,
            "support": 1398.0
        },
        "accuracy": 0.7458945548833189,
        "macro avg": {
            "precision": 0.7347530233842636,
            "recall": 0.7283471084706161,
            "f1-score": 0.7309132044426162,
            "support": 2314.0
        },
        "weighted avg": {
            "precision": 0.7435566597490909,
            "recall": 0.7458945548833189,
            "f1-score": 0.7441384991540058,
            "support": 2314.0
        },
        "confusion_matrix": [
            [
                590,
                326
            ],
            [
                262,
                1136
            ]
        ]
    },
    "mlp_results": {
        "Rush": {
            "precision": 0.625,
            "recall": 0.6058951965065502,
            "f1-score": 0.61529933481153,
            "support": 916.0
        },
        "Pass": {
            "precision": 0.7468443197755961,
            "recall": 0.7618025751072961,
            "f1-score": 0.7542492917847026,
            "support": 1398.0
        },
        "accuracy": 0.700086430423509,
        "macro avg": {
            "precision": 0.685922159887798,
            "recall": 0.6838488858069232,
            "f1-score": 0.6847743132981163,
            "support": 2314.0
        },
        "weighted avg": {
            "precision": 0.6986120825610559,
            "recall": 0.700086430423509,
            "f1-score": 0.699245765169566,
            "support": 2314.0
        },
        "confusion_matrix": [
            [
                555,
                361
            ],
            [
                333,
                1065
            ]
        ]
    },