{
    "last_gcn_results": {
        "Rush": {
            "precision": 0.648023143683703,
            "recall": 0.7336244541484717,
            "f1-score": 0.6881720430107527,
            "support": 916.0
        },
        "Pass": {
            "precision": 0.8089271730618638,
            "recall": 0.7389127324749643,
            "f1-score": 0.7723364485981309,
            "support": 1398.0
        },
        "accuracy": 0.7368193604148661,
        "macro avg": {
            "precision": 0.7284751583727833,
            "recall": 0.7362685933117179,
            "f1-score": 0.7302542458044419,
            "support": 2314.0
        },
        "weighted avg": {
            "precision": 0.745233097473966,
            "recall": 0.7368193604148661,
            "f1-score": 0.7390198558937064,
            "support": 2314.0
        },
        "confusion_matrix": [
            [
                672,
                244
            ],
            [
                365,
                1033
            ]
        ]
    },
    "best_gcn_results": {
        "Rush": {
            "precision": 0.648023143683703,
            "recall": 0.7336244541484717,
            "f1-score": 0.6881720430107527,
            "support": 916.0
        },
        "Pass": {
            "precision": 0.8089271730618638,
            "recall": 0.7389127324749643,
            "f1-score": 0.7723364485981309,
            "support": 1398.0
        },
        "accuracy": 0.7368193604148661,
        "macro avg": {
            "precision": 0.7284751583727833,
            "recall": 0.7362685933117179,
            "f1-score": 0.7302542458044419,
            "support": 2314.0
        },
        "weighted avg": {
            "precision": 0.745233097473966,
            "recall": 0.7368193604148661,
            "f1-score": 0.7390198558937064,
            "support": 2314.0
        },
        "confusion_matrix": [
            [
                672,
                244
            ],
            [
                365,
                1033
            ]
        ]
    },
    "rf_results": {
        "Rush": {
            "precision": 0.6991676575505351,
            "recall": 0.6419213973799127,
            "f1-score": 0.6693227091633466,
            "support": 916.0
        },
        "Pass": {
            "precision": 0.7773251866938221,
            "recall": 0.8190271816881259,
            "f1-score": 0.7976314872866597,
            "support": 1398.0
        },
        "accuracy": 0.7489196197061365,
        "macro avg": {
            "precision": 0.7382464221221786,
            "recall": 0.7304742895340193,
            "f1-score": 0.7334770982250032,
            "support": 2314.0
        },
        "weighted avg": {
            "precision": 0.7463864240770326,
            "recall": 0.7489196197061365,
            "f1-score": 0.7468402855749247,
            "support": 2314.0
        },
        "confusion_matrix": [
            [
                588,
                328
            ],
            [
                253,
                1145
            ]
        ]
    },
    "mlp_results": {
        "Rush": {
            "precision": 0.6267441860465116,
            "recall": 0.5884279475982532,
            "f1-score": 0.6069819819819819,
            "support": 916.0
        },
        "Pass": {
            "precision": 0.7407152682255846,
            "recall": 0.7703862660944206,
            "f1-score": 0.7552594670406733,
            "support": 1398.0
        },
        "accuracy": 0.6983578219533275,
        "macro avg": {
            "precision": 0.6837297271360481,
            "recall": 0.679407106846337,
            "f1-score": 0.6811207245113275,
            "support": 2314.0
        },
        "weighted avg": {
            "precision": 0.6955996626611807,
            "recall": 0.6983578219533275,
            "f1-score": 0.6965636259370599,
            "support": 2314.0
        },
        "confusion_matrix": [
            [
                539,
                377
            ],
            [
                321,
                1077
            ]
        ]
    },