{
    "last_gcn_results": {
        "Rush": {
            "precision": 0.726962457337884,
            "recall": 0.6975982532751092,
            "f1-score": 0.7119777158774373,
            "support": 916.0
        },
        "Pass": {
            "precision": 0.8069686411149826,
            "recall": 0.8283261802575107,
            "f1-score": 0.8175079421108365,
            "support": 1398.0
        },
        "accuracy": 0.7765773552290406,
        "macro avg": {
            "precision": 0.7669655492264333,
            "recall": 0.7629622167663099,
            "f1-score": 0.7647428289941369,
            "support": 2314.0
        },
        "weighted avg": {
            "precision": 0.7752980860848087,
            "recall": 0.7765773552290406,
            "f1-score": 0.7757336606805022,
            "support": 2314.0
        },
        "confusion_matrix": [
            [
                639,
                277
            ],
            [
                240,
                1158
            ]
        ]
    },
    "best_gcn_results": {
        "Rush": {
            "precision": 0.726962457337884,
            "recall": 0.6975982532751092,
            "f1-score": 0.7119777158774373,
            "support": 916.0
        },
        "Pass": {
            "precision": 0.8069686411149826,
            "recall": 0.8283261802575107,
            "f1-score": 0.8175079421108365,
            "support": 1398.0
        },
        "accuracy": 0.7765773552290406,
        "macro avg": {
            "precision": 0.7669655492264333,
            "recall": 0.7629622167663099,
            "f1-score": 0.7647428289941369,
            "support": 2314.0
        },
        "weighted avg": {
            "precision": 0.7752980860848087,
            "recall": 0.7765773552290406,
            "f1-score": 0.7757336606805022,
            "support": 2314.0
        },
        "confusion_matrix": [
            [
                639,
                277
            ],
            [
                240,
                1158
            ]
        ]
    },
    "rf_results": {
        "Rush": {
            "precision": 0.6845039018952063,
            "recall": 0.6703056768558951,
            "f1-score": 0.6773303916161059,
            "support": 916.0
        },
        "Pass": {
            "precision": 0.7868736767819337,
            "recall": 0.7975679542203148,
            "f1-score": 0.7921847246891652,
            "support": 1398.0
        },
        "accuracy": 0.7471910112359551,
        "macro avg": {
            "precision": 0.73568878933857,
            "recall": 0.733936815538105,
            "f1-score": 0.7347575581526355,
            "support": 2314.0
        },
        "weighted avg": {
            "precision": 0.7463504642511462,
            "recall": 0.7471910112359551,
            "f1-score": 0.7467194830751106,
            "support": 2314.0
        },
        "confusion_matrix": [
            [
                614,
                302
            ],
            [
                283,
                1115
            ]
        ]
    },
    "mlp_results": {
        "Rush": {
            "precision": 0.6363636363636364,
            "recall": 0.611353711790393,
            "f1-score": 0.623608017817372,
            "support": 916.0
        },
        "Pass": {
            "precision": 0.7517433751743375,
            "recall": 0.771101573676681,
            "f1-score": 0.7612994350282486,
            "support": 1398.0
        },
        "accuracy": 0.7078651685393258,
        "macro avg": {
            "precision": 0.694053505768987,
            "recall": 0.691227642733537,
            "f1-score": 0.6924537264228103,
            "support": 2314.0
        },
        "weighted avg": {
            "precision": 0.7060701509951662,
            "recall": 0.7078651685393258,
            "f1-score": 0.7067941030640468,
            "support": 2314.0
        },
        "confusion_matrix": [
            [
                560,
                356
            ],
            [
                320,
                1078
            ]
        ]
    },