{
    "last_gcn_results": {
        "Rush": {
            "precision": 0.6963350785340314,
            "recall": 0.7259825327510917,
            "f1-score": 0.7108498129342598,
            "support": 916.0
        },
        "Pass": {
            "precision": 0.8153053715967623,
            "recall": 0.7925608011444921,
            "f1-score": 0.803772216177004,
            "support": 1398.0
        },
        "accuracy": 0.7662057044079515,
        "macro avg": {
            "precision": 0.7558202250653969,
            "recall": 0.7592716669477919,
            "f1-score": 0.7573110145556319,
            "support": 2314.0
        },
        "weighted avg": {
            "precision": 0.7682108217067617,
            "recall": 0.7662057044079515,
            "f1-score": 0.7669887583678623,
            "support": 2314.0
        },
        "confusion_matrix": [
            [
                665,
                251
            ],
            [
                290,
                1108
            ]
        ]
    },
    "best_gcn_results": {
        "Rush": {
            "precision": 0.6963350785340314,
            "recall": 0.7259825327510917,
            "f1-score": 0.7108498129342598,
            "support": 916.0
        },
        "Pass": {
            "precision": 0.8153053715967623,
            "recall": 0.7925608011444921,
            "f1-score": 0.803772216177004,
            "support": 1398.0
        },
        "accuracy": 0.7662057044079515,
        "macro avg": {
            "precision": 0.7558202250653969,
            "recall": 0.7592716669477919,
            "f1-score": 0.7573110145556319,
            "support": 2314.0
        },
        "weighted avg": {
            "precision": 0.7682108217067617,
            "recall": 0.7662057044079515,
            "f1-score": 0.7669887583678623,
            "support": 2314.0
        },
        "confusion_matrix": [
            [
                665,
                251
            ],
            [
                290,
                1108
            ]
        ]
    },
    "rf_results": {
        "Rush": {
            "precision": 0.6607773851590106,
            "recall": 0.6124454148471615,
            "f1-score": 0.6356940509915014,
            "support": 916.0
        },
        "Pass": {
            "precision": 0.757679180887372,
            "recall": 0.7939914163090128,
            "f1-score": 0.7754104086622424,
            "support": 1398.0
        },
        "accuracy": 0.7221261884183232,
        "macro avg": {
            "precision": 0.7092282830231913,
            "recall": 0.7032184155780872,
            "f1-score": 0.7055522298268719,
            "support": 2314.0
        },
        "weighted avg": {
            "precision": 0.7193204752317198,
            "recall": 0.7221261884183232,
            "f1-score": 0.7201035013042482,
            "support": 2314.0
        },
        "confusion_matrix": [
            [
                561,
                355
            ],
            [
                288,
                1110
            ]
        ]
    },
    "mlp_results": {
        "Rush": {
            "precision": 0.6209223847019123,
            "recall": 0.6026200873362445,
            "f1-score": 0.6116343490304709,
            "support": 916.0
        },
        "Pass": {
            "precision": 0.744561403508772,
            "recall": 0.7589413447782547,
            "f1-score": 0.7516826071555083,
            "support": 1398.0
        },
        "accuracy": 0.6970613656006914,
        "macro avg": {
            "precision": 0.6827418941053421,
            "recall": 0.6807807160572497,
            "f1-score": 0.6816584780929895,
            "support": 2314.0
        },
        "weighted avg": {
            "precision": 0.6956187322783989,
            "recall": 0.6970613656006914,
            "f1-score": 0.6962443165580432,
            "support": 2314.0
        },
        "confusion_matrix": [
            [
                552,
                364
            ],
            [
                337,
                1061
            ]
        ]
    },