{
    "last_gcn_results": {
        "Rush": {
            "precision": 0.5729537366548043,
            "recall": 0.7030567685589519,
            "f1-score": 0.6313725490196078,
            "support": 916.0
        },
        "Pass": {
            "precision": 0.7714285714285715,
            "recall": 0.6566523605150214,
            "f1-score": 0.7094281298299846,
            "support": 1398.0
        },
        "accuracy": 0.6750216076058773,
        "macro avg": {
            "precision": 0.6721911540416878,
            "recall": 0.6798545645369867,
            "f1-score": 0.6704003394247962,
            "support": 2314.0
        },
        "weighted avg": {
            "precision": 0.6928620421922833,
            "recall": 0.6750216076058773,
            "f1-score": 0.678529723597355,
            "support": 2314.0
        },
        "confusion_matrix": [
            [
                644,
                272
            ],
            [
                480,
                918
            ]
        ]
    },
    "best_gcn_results": {
        "Rush": {
            "precision": 0.5729537366548043,
            "recall": 0.7030567685589519,
            "f1-score": 0.6313725490196078,
            "support": 916.0
        },
        "Pass": {
            "precision": 0.7714285714285715,
            "recall": 0.6566523605150214,
            "f1-score": 0.7094281298299846,
            "support": 1398.0
        },
        "accuracy": 0.6750216076058773,
        "macro avg": {
            "precision": 0.6721911540416878,
            "recall": 0.6798545645369867,
            "f1-score": 0.6704003394247962,
            "support": 2314.0
        },
        "weighted avg": {
            "precision": 0.6928620421922833,
            "recall": 0.6750216076058773,
            "f1-score": 0.678529723597355,
            "support": 2314.0
        },
        "confusion_matrix": [
            [
                644,
                272
            ],
            [
                480,
                918
            ]
        ]
    },
    "rf_results": {
        "Rush": {
            "precision": 0.6519208381839348,
            "recall": 0.611353711790393,
            "f1-score": 0.6309859154929578,
            "support": 916.0
        },
        "Pass": {
            "precision": 0.7553264604810996,
            "recall": 0.7861230329041488,
            "f1-score": 0.7704171048019628,
            "support": 1398.0
        },
        "accuracy": 0.7169403630077787,
        "macro avg": {
            "precision": 0.7036236493325172,
            "recall": 0.6987383723472709,
            "f1-score": 0.7007015101474603,
            "support": 2314.0
        },
        "weighted avg": {
            "precision": 0.7143932063651951,
            "recall": 0.7169403630077787,
            "f1-score": 0.7152230817219937,
            "support": 2314.0
        },
        "confusion_matrix": [
            [
                560,
                356
            ],
            [
                299,
                1099
            ]
        ]
    },
    "mlp_results": {
        "Rush": {
            "precision": 0.6015037593984962,
            "recall": 0.611353711790393,
            "f1-score": 0.6063887384948565,
            "support": 916.0
        },
        "Pass": {
            "precision": 0.7425885755603759,
            "recall": 0.734620886981402,
            "f1-score": 0.7385832434376124,
            "support": 1398.0
        },
        "accuracy": 0.6858254105445116,
        "macro avg": {
            "precision": 0.672046167479436,
            "recall": 0.6729872993858975,
            "f1-score": 0.6724859909662344,
            "support": 2314.0
        },
        "weighted avg": {
            "precision": 0.6867399620753796,
            "recall": 0.6858254105445116,
            "f1-score": 0.6862538715588032,
            "support": 2314.0
        },
        "confusion_matrix": [
            [
                560,
                356
            ],
            [
                371,
                1027
            ]
        ]
    },