{
    "last_gcn_results": {
        "Rush": {
            "precision": 0.7230273752012882,
            "recall": 0.490174672489083,
            "f1-score": 0.5842550422901757,
            "support": 916.0
        },
        "Pass": {
            "precision": 0.7241582988777319,
            "recall": 0.876967095851216,
            "f1-score": 0.7932707861533485,
            "support": 1398.0
        },
        "accuracy": 0.7238547968885047,
        "macro avg": {
            "precision": 0.72359283703951,
            "recall": 0.6835708841701496,
            "f1-score": 0.6887629142217621,
            "support": 2314.0
        },
        "weighted avg": {
            "precision": 0.7237106212253455,
            "recall": 0.7238547968885047,
            "f1-score": 0.7105316239326629,
            "support": 2314.0
        },
        "confusion_matrix": [
            [
                449,
                467
            ],
            [
                172,
                1226
            ]
        ]
    },
    "best_gcn_results": {
        "Rush": {
            "precision": 0.7230273752012882,
            "recall": 0.490174672489083,
            "f1-score": 0.5842550422901757,
            "support": 916.0
        },
        "Pass": {
            "precision": 0.7241582988777319,
            "recall": 0.876967095851216,
            "f1-score": 0.7932707861533485,
            "support": 1398.0
        },
        "accuracy": 0.7238547968885047,
        "macro avg": {
            "precision": 0.72359283703951,
            "recall": 0.6835708841701496,
            "f1-score": 0.6887629142217621,
            "support": 2314.0
        },
        "weighted avg": {
            "precision": 0.7237106212253455,
            "recall": 0.7238547968885047,
            "f1-score": 0.7105316239326629,
            "support": 2314.0
        },
        "confusion_matrix": [
            [
                449,
                467
            ],
            [
                172,
                1226
            ]
        ]
    },
    "rf_results": {
        "Rush": {
            "precision": 0.6539379474940334,
            "recall": 0.5982532751091703,
            "f1-score": 0.6248574686431014,
            "support": 916.0
        },
        "Pass": {
            "precision": 0.7506775067750677,
            "recall": 0.7925608011444921,
            "f1-score": 0.7710508002783577,
            "support": 1398.0
        },
        "accuracy": 0.7156439066551427,
        "macro avg": {
            "precision": 0.7023077271345506,
            "recall": 0.6954070381268311,
            "f1-score": 0.6979541344607296,
            "support": 2314.0
        },
        "weighted avg": {
            "precision": 0.7123830226344335,
            "recall": 0.7156439066551427,
            "f1-score": 0.7131799740994922,
            "support": 2314.0
        },
        "confusion_matrix": [
            [
                548,
                368
            ],
            [
                290,
                1108
            ]
        ]
    },
    "mlp_results": {
        "Rush": {
            "precision": 0.5860271115745568,
            "recall": 0.6135371179039302,
            "f1-score": 0.5994666666666667,
            "support": 916.0
        },
        "Pass": {
            "precision": 0.7387453874538745,
            "recall": 0.7160228898426323,
            "f1-score": 0.7272066836178714,
            "support": 1398.0
        },
        "accuracy": 0.6754537597234227,
        "macro avg": {
            "precision": 0.6623862495142157,
            "recall": 0.6647800038732812,
            "f1-score": 0.6633366751422691,
            "support": 2314.0
        },
        "weighted avg": {
            "precision": 0.678291653354715,
            "recall": 0.6754537597234227,
            "f1-score": 0.6766406267780688,
            "support": 2314.0
        },
        "confusion_matrix": [
            [
                562,
                354
            ],
            [
                397,
                1001
            ]
        ]
    },
    "train_losses": [
        0.8032046470328462,
        0.5649951474071323,
        0.38031761164481587,
        0.2391816330698856,
        0.1351852587217482,
        0.06384189283110166,
        0.03330625997947336,
        0.02458848534389679,
        0.02234964425405967,
        0.02192745333572117,
        0.021445239792134224,
        0.02107066491216563,
        0.021029711878696906,
        0.020883583290037373,
        0.020852024719757417,
        0.020961843260125852,
        0.02071732610193283,
        0.020614981187055348,
        0.02056818075997135,
        0.020496104739538678,
        0.020386137239141726,
        0.020575611584117432,
        0.020296392245810563,
        0.02023900570110138,
        0.020374217470813655,
        0.020078258886320772,
        0.01992070859306976,
        0.019579287797328662,
        0.019932252331143176,
        0.019851448163486878,
        0.019854210958703676,
        0.01964673187143614,
        0.01948165565999954,
        0.019442401926324564,
        0.01930029457495461,
        0.01931719599942117,
        0.019368021880739543,
        0.01933531734603971,
        0.019097461464703213,
        0.018770965494051068,
        0.019124645128852615,
        0.01932532842259343,
        0.01873439660014553,
        0.018652291782280936,
        0.01866285097335954,
        0.018653645305497363,
        0.01844881366001791,
        0.018426420329092696,
        0.01822738143748816,
        0.018439347366913217,
        0.01804604567990371,
        0.01817788155963028,
        0.018186221141827566,
        0.018051350454601153,
        0.017752496943954574,
        0.017826034877270344,
        0.01812879859188943,
        0.017713697544169703,
        0.017852206990503224,
        0.017638056528924192,
        0.017740922578224006,
        0.017713982490995962,
        0.017912212980097892,
        0.017651033654248027,
        0.01753071076887503,
        0.0173191369250449,
        0.01740441269195735,
        0.017323443998974775,
        0.017331986794065262,
        0.017335948168792956,
        0.017099711194486136,
        0.017339251777507794,
        0.017820227886370797,
        0.01713326183917047,
        0.017056924254282478,
        0.01673102082240535,
        0.016975724970505177,
        0.016921723420255785,
        0.01706667285056302,
        0.016349206647538663,
        0.016400883345828846,
        0.016628566305650773,
        0.01654223977152479,
        0.016693314088468993,
        0.016434145084659242,
        0.016685429394683607,
        0.016373865341841015,
        0.01682274780558178,
        0.016419856695837915,
        0.016086087320749506,
        0.01630010379438842,
        0.016127729779556683,
        0.016347425420374026,
        0.015933549337085837,
        0.0157667129187293,
        0.016072722146233558,
        0.016076755595898433,
        0.015995890353469815,
        0.015871165377502574,
        0.01588854166606142,
        0.015814506881219492,
        0.015495135226016537,
        0.015852325731724796,
        0.015820734947597448,
        0.015697249933941858,
        0.015504512125049923,
        0.015858984158597225,
        0.015535239338204233,
        0.01555443729533101,
        0.016102158819530393,
        0.015327027263397883,
        0.01557362485839814,
        0.015689176186912766,
        0.015330981713051096,
        0.015681039585483274,
        0.015586035494575353,
        0.015271000148207014,
        0.01532549424276678,
        0.015190340246487778,
        0.015141499076040212,
        0.015168119616861315,
        0.015173408948771627,
        0.015028278286557133,
        0.015172854878333987,
        0.015078894893930155,
        0.015236179377804686,
        0.015082490613119058
    ],