{
    "last_gcn_results": {
        "Rush": {
            "precision": 0.7120853080568721,
            "recall": 0.6561135371179039,
            "f1-score": 0.6829545454545455,
            "support": 916.0
        },
        "Pass": {
            "precision": 0.6811740890688259,
            "recall": 0.7347161572052402,
            "f1-score": 0.7069327731092437,
            "support": 916.0
        },
        "accuracy": 0.6954148471615721,
        "macro avg": {
            "precision": 0.6966296985628491,
            "recall": 0.695414847161572,
            "f1-score": 0.6949436592818946,
            "support": 1832.0
        },
        "weighted avg": {
            "precision": 0.696629698562849,
            "recall": 0.6954148471615721,
            "f1-score": 0.6949436592818946,
            "support": 1832.0
        },
        "confusion_matrix": [
            [
                601,
                315
            ],
            [
                243,
                673
            ]
        ]
    },
    "best_gcn_results": {
        "Rush": {
            "precision": 0.7120853080568721,
            "recall": 0.6561135371179039,
            "f1-score": 0.6829545454545455,
            "support": 916.0
        },
        "Pass": {
            "precision": 0.6811740890688259,
            "recall": 0.7347161572052402,
            "f1-score": 0.7069327731092437,
            "support": 916.0
        },
        "accuracy": 0.6954148471615721,
        "macro avg": {
            "precision": 0.6966296985628491,
            "recall": 0.695414847161572,
            "f1-score": 0.6949436592818946,
            "support": 1832.0
        },
        "weighted avg": {
            "precision": 0.696629698562849,
            "recall": 0.6954148471615721,
            "f1-score": 0.6949436592818946,
            "support": 1832.0
        },
        "confusion_matrix": [
            [
                601,
                315
            ],
            [
                243,
                673
            ]
        ]
    },
    "rf_results": {
        "Rush": {
            "precision": 0.693359375,
            "recall": 0.7751091703056768,
            "f1-score": 0.7319587628865979,
            "support": 916.0
        },
        "Pass": {
            "precision": 0.745049504950495,
            "recall": 0.6572052401746725,
            "f1-score": 0.6983758700696056,
            "support": 916.0
        },
        "accuracy": 0.7161572052401747,
        "macro avg": {
            "precision": 0.7192044399752475,
            "recall": 0.7161572052401747,
            "f1-score": 0.7151673164781017,
            "support": 1832.0
        },
        "weighted avg": {
            "precision": 0.7192044399752475,
            "recall": 0.7161572052401747,
            "f1-score": 0.7151673164781017,
            "support": 1832.0
        },
        "confusion_matrix": [
            [
                710,
                206
            ],
            [
                314,
                602
            ]
        ]
    },
    "mlp_results": {
        "Rush": {
            "precision": 0.6366095581605049,
            "recall": 0.7707423580786026,
            "f1-score": 0.697283950617284,
            "support": 916.0
        },
        "Pass": {
            "precision": 0.7095435684647303,
            "recall": 0.5600436681222707,
            "f1-score": 0.6259914582062233,
            "support": 916.0
        },
        "accuracy": 0.6653930131004366,
        "macro avg": {
            "precision": 0.6730765633126177,
            "recall": 0.6653930131004366,
            "f1-score": 0.6616377044117536,
            "support": 1832.0
        },
        "weighted avg": {
            "precision": 0.6730765633126177,
            "recall": 0.6653930131004366,
            "f1-score": 0.6616377044117536,
            "support": 1832.0
        },
        "confusion_matrix": [
            [
                706,
                210
            ],
            [
                403,
                513
            ]
        ]
    },