{
    "last_gcn_results": {
        "Rush": {
            "precision": 0.6231028667790893,
            "recall": 0.8067685589519651,
            "f1-score": 0.70313986679353,
            "support": 916.0
        },
        "Pass": {
            "precision": 0.7260061919504643,
            "recall": 0.5120087336244541,
            "f1-score": 0.6005121638924455,
            "support": 916.0
        },
        "accuracy": 0.6593886462882096,
        "macro avg": {
            "precision": 0.6745545293647768,
            "recall": 0.6593886462882096,
            "f1-score": 0.6518260153429878,
            "support": 1832.0
        },
        "weighted avg": {
            "precision": 0.6745545293647768,
            "recall": 0.6593886462882096,
            "f1-score": 0.6518260153429878,
            "support": 1832.0
        },
        "confusion_matrix": [
            [
                739,
                177
            ],
            [
                447,
                469
            ]
        ]
    },
    "best_gcn_results": {
        "Rush": {
            "precision": 0.6231028667790893,
            "recall": 0.8067685589519651,
            "f1-score": 0.70313986679353,
            "support": 916.0
        },
        "Pass": {
            "precision": 0.7260061919504643,
            "recall": 0.5120087336244541,
            "f1-score": 0.6005121638924455,
            "support": 916.0
        },
        "accuracy": 0.6593886462882096,
        "macro avg": {
            "precision": 0.6745545293647768,
            "recall": 0.6593886462882096,
            "f1-score": 0.6518260153429878,
            "support": 1832.0
        },
        "weighted avg": {
            "precision": 0.6745545293647768,
            "recall": 0.6593886462882096,
            "f1-score": 0.6518260153429878,
            "support": 1832.0
        },
        "confusion_matrix": [
            [
                739,
                177
            ],
            [
                447,
                469
            ]
        ]
    },
    "rf_results": {
        "Rush": {
            "precision": 0.6919339164237124,
            "recall": 0.777292576419214,
            "f1-score": 0.732133676092545,
            "support": 916.0
        },
        "Pass": {
            "precision": 0.7459526774595268,
            "recall": 0.6539301310043668,
            "f1-score": 0.6969168121000582,
            "support": 916.0
        },
        "accuracy": 0.7156113537117904,
        "macro avg": {
            "precision": 0.7189432969416196,
            "recall": 0.7156113537117904,
            "f1-score": 0.7145252440963016,
            "support": 1832.0
        },
        "weighted avg": {
            "precision": 0.7189432969416196,
            "recall": 0.7156113537117904,
            "f1-score": 0.7145252440963015,
            "support": 1832.0
        },
        "confusion_matrix": [
            [
                712,
                204
            ],
            [
                317,
                599
            ]
        ]
    },
    "mlp_results": {
        "Rush": {
            "precision": 0.6361829025844931,
            "recall": 0.6986899563318777,
            "f1-score": 0.6659729448491155,
            "support": 916.0
        },
        "Pass": {
            "precision": 0.6658595641646489,
            "recall": 0.6004366812227074,
            "f1-score": 0.6314580941446614,
            "support": 916.0
        },
        "accuracy": 0.6495633187772926,
        "macro avg": {
            "precision": 0.651021233374571,
            "recall": 0.6495633187772926,
            "f1-score": 0.6487155194968884,
            "support": 1832.0
        },
        "weighted avg": {
            "precision": 0.651021233374571,
            "recall": 0.6495633187772926,
            "f1-score": 0.6487155194968884,
            "support": 1832.0
        },
        "confusion_matrix": [
            [
                640,
                276
            ],
            [
                366,
                550
            ]
        ]
    },