{
    "last_gcn_results": {
        "Rush": {
            "precision": 0.6710526315789473,
            "recall": 0.8351528384279476,
            "f1-score": 0.7441634241245136,
            "support": 916.0
        },
        "Pass": {
            "precision": 0.7817919075144508,
            "recall": 0.5906113537117904,
            "f1-score": 0.6728855721393034,
            "support": 916.0
        },
        "accuracy": 0.712882096069869,
        "macro avg": {
            "precision": 0.7264222695466991,
            "recall": 0.712882096069869,
            "f1-score": 0.7085244981319085,
            "support": 1832.0
        },
        "weighted avg": {
            "precision": 0.7264222695466991,
            "recall": 0.712882096069869,
            "f1-score": 0.7085244981319087,
            "support": 1832.0
        },
        "confusion_matrix": [
            [
                765,
                151
            ],
            [
                375,
                541
            ]
        ]
    },
    "best_gcn_results": {
        "Rush": {
            "precision": 0.6710526315789473,
            "recall": 0.8351528384279476,
            "f1-score": 0.7441634241245136,
            "support": 916.0
        },
        "Pass": {
            "precision": 0.7817919075144508,
            "recall": 0.5906113537117904,
            "f1-score": 0.6728855721393034,
            "support": 916.0
        },
        "accuracy": 0.712882096069869,
        "macro avg": {
            "precision": 0.7264222695466991,
            "recall": 0.712882096069869,
            "f1-score": 0.7085244981319085,
            "support": 1832.0
        },
        "weighted avg": {
            "precision": 0.7264222695466991,
            "recall": 0.712882096069869,
            "f1-score": 0.7085244981319087,
            "support": 1832.0
        },
        "confusion_matrix": [
            [
                765,
                151
            ],
            [
                375,
                541
            ]
        ]
    },
    "rf_results": {
        "Rush": {
            "precision": 0.6913946587537092,
            "recall": 0.7631004366812227,
            "f1-score": 0.7254800207576544,
            "support": 916.0
        },
        "Pass": {
            "precision": 0.7356881851400731,
            "recall": 0.6593886462882096,
            "f1-score": 0.6954519286125503,
            "support": 916.0
        },
        "accuracy": 0.7112445414847162,
        "macro avg": {
            "precision": 0.7135414219468912,
            "recall": 0.7112445414847162,
            "f1-score": 0.7104659746851023,
            "support": 1832.0
        },
        "weighted avg": {
            "precision": 0.7135414219468912,
            "recall": 0.7112445414847162,
            "f1-score": 0.7104659746851023,
            "support": 1832.0
        },
        "confusion_matrix": [
            [
                699,
                217
            ],
            [
                312,
                604
            ]
        ]
    },
    "mlp_results": {
        "Rush": {
            "precision": 0.6571719226856562,
            "recall": 0.7052401746724891,
            "f1-score": 0.6803580832016851,
            "support": 916.0
        },
        "Pass": {
            "precision": 0.6819787985865724,
            "recall": 0.6320960698689956,
            "f1-score": 0.6560906515580737,
            "support": 916.0
        },
        "accuracy": 0.6686681222707423,
        "macro avg": {
            "precision": 0.6695753606361143,
            "recall": 0.6686681222707423,
            "f1-score": 0.6682243673798793,
            "support": 1832.0
        },
        "weighted avg": {
            "precision": 0.6695753606361142,
            "recall": 0.6686681222707423,
            "f1-score": 0.6682243673798794,
            "support": 1832.0
        },
        "confusion_matrix": [
            [
                646,
                270
            ],
            [
                337,
                579
            ]
        ]
    },