{
    "last_gcn_results": {
        "Rush": {
            "precision": 0.5712927756653993,
            "recall": 0.6561135371179039,
            "f1-score": 0.6107723577235772,
            "support": 916.0
        },
        "Pass": {
            "precision": 0.7503961965134707,
            "recall": 0.6773962804005722,
            "f1-score": 0.7120300751879699,
            "support": 1398.0
        },
        "accuracy": 0.668971477960242,
        "macro avg": {
            "precision": 0.6608444860894349,
            "recall": 0.666754908759238,
            "f1-score": 0.6614012164557735,
            "support": 2314.0
        },
        "weighted avg": {
            "precision": 0.6794978674310015,
            "recall": 0.668971477960242,
            "f1-score": 0.6719470720776053,
            "support": 2314.0
        },
        "confusion_matrix": [
            [
                601,
                315
            ],
            [
                451,
                947
            ]
        ]
    },
    "best_gcn_results": {
        "Rush": {
            "precision": 0.5712927756653993,
            "recall": 0.6561135371179039,
            "f1-score": 0.6107723577235772,
            "support": 916.0
        },
        "Pass": {
            "precision": 0.7503961965134707,
            "recall": 0.6773962804005722,
            "f1-score": 0.7120300751879699,
            "support": 1398.0
        },
        "accuracy": 0.668971477960242,
        "macro avg": {
            "precision": 0.6608444860894349,
            "recall": 0.666754908759238,
            "f1-score": 0.6614012164557735,
            "support": 2314.0
        },
        "weighted avg": {
            "precision": 0.6794978674310015,
            "recall": 0.668971477960242,
            "f1-score": 0.6719470720776053,
            "support": 2314.0
        },
        "confusion_matrix": [
            [
                601,
                315
            ],
            [
                451,
                947
            ]
        ]
    },
    "rf_results": {
        "Rush": {
            "precision": 0.6571428571428571,
            "recall": 0.6026200873362445,
            "f1-score": 0.6287015945330297,
            "support": 916.0
        },
        "Pass": {
            "precision": 0.7530529172320217,
            "recall": 0.7939914163090128,
            "f1-score": 0.7729805013927576,
            "support": 1398.0
        },
        "accuracy": 0.7182368193604148,
        "macro avg": {
            "precision": 0.7050978871874394,
            "recall": 0.6983057518226287,
            "f1-score": 0.7008410479628937,
            "support": 2314.0
        },
        "weighted avg": {
            "precision": 0.7150867914577457,
            "recall": 0.7182368193604148,
            "f1-score": 0.7158675028259854,
            "support": 2314.0
        },
        "confusion_matrix": [
            [
                552,
                364
            ],
            [
                288,
                1110
            ]
        ]
    },
    "mlp_results": {
        "Rush": {
            "precision": 0.5925531914893617,
            "recall": 0.6080786026200873,
            "f1-score": 0.6002155172413793,
            "support": 916.0
        },
        "Pass": {
            "precision": 0.7387190684133915,
            "recall": 0.7260371959942775,
            "f1-score": 0.7323232323232324,
            "support": 1398.0
        },
        "accuracy": 0.6793431287813311,
        "macro avg": {
            "precision": 0.6656361299513767,
            "recall": 0.6670578993071824,
            "f1-score": 0.6662693747823059,
            "support": 2314.0
        },
        "weighted avg": {
            "precision": 0.6808591102187453,
            "recall": 0.6793431287813311,
            "f1-score": 0.6800282163271315,
            "support": 2314.0
        },
        "confusion_matrix": [
            [
                557,
                359
            ],
            [
                383,
                1015
            ]
        ]
    },