{
    "last_gcn_results": {
        "Rush": {
            "precision": 0.5670194003527337,
            "recall": 0.7019650655021834,
            "f1-score": 0.6273170731707317,
            "support": 916.0
        },
        "Pass": {
            "precision": 0.7686440677966102,
            "recall": 0.6487839771101573,
            "f1-score": 0.7036462373933282,
            "support": 1398.0
        },
        "accuracy": 0.6698357821953328,
        "macro avg": {
            "precision": 0.667831734074672,
            "recall": 0.6753745213061704,
            "f1-score": 0.66548165528203,
            "support": 2314.0
        },
        "weighted avg": {
            "precision": 0.6888306730781181,
            "recall": 0.6698357821953328,
            "f1-score": 0.6734312354798025,
            "support": 2314.0
        },
        "confusion_matrix": [
            [
                643,
                273
            ],
            [
                491,
                907
            ]
        ]
    },
    "best_gcn_results": {
        "Rush": {
            "precision": 0.5670194003527337,
            "recall": 0.7019650655021834,
            "f1-score": 0.6273170731707317,
            "support": 916.0
        },
        "Pass": {
            "precision": 0.7686440677966102,
            "recall": 0.6487839771101573,
            "f1-score": 0.7036462373933282,
            "support": 1398.0
        },
        "accuracy": 0.6698357821953328,
        "macro avg": {
            "precision": 0.667831734074672,
            "recall": 0.6753745213061704,
            "f1-score": 0.66548165528203,
            "support": 2314.0
        },
        "weighted avg": {
            "precision": 0.6888306730781181,
            "recall": 0.6698357821953328,
            "f1-score": 0.6734312354798025,
            "support": 2314.0
        },
        "confusion_matrix": [
            [
                643,
                273
            ],
            [
                491,
                907
            ]
        ]
    },
    "rf_results": {
        "Rush": {
            "precision": 0.6604215456674473,
            "recall": 0.6157205240174672,
            "f1-score": 0.6372881355932203,
            "support": 916.0
        },
        "Pass": {
            "precision": 0.7589041095890411,
            "recall": 0.7925608011444921,
            "f1-score": 0.7753673897830651,
            "support": 1398.0
        },
        "accuracy": 0.7225583405358686,
        "macro avg": {
            "precision": 0.7096628276282442,
            "recall": 0.7041406625809796,
            "f1-score": 0.7063277626881427,
            "support": 2314.0
        },
        "weighted avg": {
            "precision": 0.7199196547263877,
            "recall": 0.7225583405358686,
            "f1-score": 0.7207085320311646,
            "support": 2314.0
        },
        "confusion_matrix": [
            [
                564,
                352
            ],
            [
                290,
                1108
            ]
        ]
    },
    "mlp_results": {
        "Rush": {
            "precision": 0.5804046858359957,
            "recall": 0.5949781659388647,
            "f1-score": 0.5876010781671159,
            "support": 916.0
        },
        "Pass": {
            "precision": 0.7301818181818182,
            "recall": 0.7181688125894135,
            "f1-score": 0.7241254958528669,
            "support": 1398.0
        },
        "accuracy": 0.6694036300777874,
        "macro avg": {
            "precision": 0.655293252008907,
            "recall": 0.656573489264139,
            "f1-score": 0.6558632870099914,
            "support": 2314.0
        },
        "weighted avg": {
            "precision": 0.6708923396905592,
            "recall": 0.6694036300777874,
            "f1-score": 0.6700821222140821,
            "support": 2314.0
        },
        "confusion_matrix": [
            [
                545,
                371
            ],
            [
                394,
                1004
            ]
        ]
    },