{
    "last_gcn_results": {
        "Rush": {
            "precision": 0.718266253869969,
            "recall": 0.759825327510917,
            "f1-score": 0.7384615384615385,
            "support": 916.0
        },
        "Pass": {
            "precision": 0.7450753186558516,
            "recall": 0.7019650655021834,
            "f1-score": 0.7228780213603148,
            "support": 916.0
        },
        "accuracy": 0.7308951965065502,
        "macro avg": {
            "precision": 0.7316707862629104,
            "recall": 0.7308951965065502,
            "f1-score": 0.7306697799109266,
            "support": 1832.0
        },
        "weighted avg": {
            "precision": 0.7316707862629104,
            "recall": 0.7308951965065502,
            "f1-score": 0.7306697799109266,
            "support": 1832.0
        },
        "confusion_matrix": [
            [
                696,
                220
            ],
            [
                273,
                643
            ]
        ]
    },
    "best_gcn_results": {
        "Rush": {
            "precision": 0.718266253869969,
            "recall": 0.759825327510917,
            "f1-score": 0.7384615384615385,
            "support": 916.0
        },
        "Pass": {
            "precision": 0.7450753186558516,
            "recall": 0.7019650655021834,
            "f1-score": 0.7228780213603148,
            "support": 916.0
        },
        "accuracy": 0.7308951965065502,
        "macro avg": {
            "precision": 0.7316707862629104,
            "recall": 0.7308951965065502,
            "f1-score": 0.7306697799109266,
            "support": 1832.0
        },
        "weighted avg": {
            "precision": 0.7316707862629104,
            "recall": 0.7308951965065502,
            "f1-score": 0.7306697799109266,
            "support": 1832.0
        },
        "confusion_matrix": [
            [
                696,
                220
            ],
            [
                273,
                643
            ]
        ]
    },
    "rf_results": {
        "Rush": {
            "precision": 0.6964980544747081,
            "recall": 0.7816593886462883,
            "f1-score": 0.7366255144032922,
            "support": 916.0
        },
        "Pass": {
            "precision": 0.7512437810945274,
            "recall": 0.6593886462882096,
            "f1-score": 0.7023255813953488,
            "support": 916.0
        },
        "accuracy": 0.7205240174672489,
        "macro avg": {
            "precision": 0.7238709177846178,
            "recall": 0.7205240174672489,
            "f1-score": 0.7194755478993204,
            "support": 1832.0
        },
        "weighted avg": {
            "precision": 0.7238709177846178,
            "recall": 0.7205240174672489,
            "f1-score": 0.7194755478993206,
            "support": 1832.0
        },
        "confusion_matrix": [
            [
                716,
                200
            ],
            [
                312,
                604
            ]
        ]
    },
    "mlp_results": {
        "Rush": {
            "precision": 0.661,
            "recall": 0.7216157205240175,
            "f1-score": 0.6899791231732777,
            "support": 916.0
        },
        "Pass": {
            "precision": 0.6935096153846154,
            "recall": 0.6299126637554585,
            "f1-score": 0.6601830663615561,
            "support": 916.0
        },
        "accuracy": 0.675764192139738,
        "macro avg": {
            "precision": 0.6772548076923077,
            "recall": 0.6757641921397379,
            "f1-score": 0.6750810947674168,
            "support": 1832.0
        },
        "weighted avg": {
            "precision": 0.6772548076923077,
            "recall": 0.675764192139738,
            "f1-score": 0.6750810947674168,
            "support": 1832.0
        },
        "confusion_matrix": [
            [
                661,
                255
            ],
            [
                339,
                577
            ]
        ]
    },
    "train_losses": [
        0.5350427236713347,
        0.42516330760684823,
        0.28259756109102174,
        0.17330073984594294,
        0.09503602655858942,
        0.053834598735381996,
        0.03298038677439664,
        0.024963887793118835,
        0.023304755375033518,
        0.022498776287329002,
        0.022180871233914067,
        0.02201088543146686,
        0.021835620188322222,
        0.02189444593393086,
        0.021888960873494383,
        0.021947221156677913,
        0.021662610410992565,
        0.021712321499006343,
        0.0215960470379376,
        0.0215437106096028,
        0.021474230745451045,
        0.021255907693195863,
        0.02118307469321079,
        0.021342822371936236,
        0.021203588136558323,
        0.021197693856036075,
        0.021192323021549997,
        0.021223434594159568,
        0.02087894459891189,
        0.02109220523000415,
        0.02077395189655283,
        0.020875340407011937,
        0.020445143427353738,
        0.020834987150515363,
        0.020671355626622184,
        0.02057827255113529,
        0.02041873518235045,
        0.02040971312366548,
        0.020705010167887953,
        0.020218239065076485,
        0.02022917304859787,
        0.02021128502699847,
        0.02019267352552362,
        0.019790665504059505,
        0.019950823363710624,
        0.020179116139646437,
        0.019980431922146533,
        0.019485030946184378,
        0.019430025646595357,
        0.01953144347081419,
        0.019404980100569177,
        0.01918587891456208,
        0.01937398957750185,
        0.019381869230114045,
        0.019415819074938206,
        0.01892732841069581,
        0.01847782162694983,
        0.01886736755488349,
        0.018330085310128218,
        0.018634179657925673,
        0.01888418314886875,
        0.0186643087473072,
        0.018233874423907753,
        0.01828124298424017,
        0.0180809183524606,
        0.017921390282651765,
        0.01792432103977829,
        0.01814276400159617,
        0.017735144072543077,
        0.01748321452101723,
        0.017325674054401167,
        0.017485683179292524,
        0.017662764230712516,
        0.01708315114180247,
        0.017550521079308348,
        0.017539575533137296,
        0.01719822370615162,
        0.017154544038199337,
        0.01667734233082318,
        0.01716911328620598,
        0.017289729668794433,
        0.016733344884518067,
        0.017022692912914715,
        0.01660059723046308,
        0.016872812717990144,
        0.01770939361202261,
        0.016595122527555038,
        0.01664290744098809,
        0.016480740513957915,
        0.016666394472122193,
        0.016970135067981448,
        0.01682681135141133,
        0.016479811707481008,
        0.01638420717638047,
        0.016807931010188952,
        0.016283341900247043,
        0.016304074301094304,
        0.015867130010505843,
        0.016322393568812824,
        0.0163750889685636,
        0.01631601809478197,
        0.01589056720824841,
        0.015968580470710505,
        0.016106508224388288,
        0.01665860502446284,
        0.015962308010116954,
        0.015884592770878735,
        0.015674275566971367,
        0.015696898648321956,
        0.015762296807570537,
        0.01628476273818094,
        0.015832140732332658,
        0.01599379398457991,
        0.016459976731102322,
        0.01538204842252158,
        0.015353771799900493,
        0.015143208523265651,
        0.015370493720138007,
        0.015201761911475594,
        0.015133563872894953,
        0.01526038748481886,
        0.01529178874251621,
        0.015323850952210973,
        0.015070208337137608,
        0.015245334551634033,
        0.015143298630505963,
        0.01506479919933882,
        0.014881890491058267
    ],