{
    "last_gcn_results": {
        "Rush": {
            "precision": 0.6826347305389222,
            "recall": 0.6222707423580786,
            "f1-score": 0.6510565391205025,
            "support": 916.0
        },
        "Pass": {
            "precision": 0.7660581473968898,
            "recall": 0.8104434907010014,
            "f1-score": 0.7876259993048315,
            "support": 1398.0
        },
        "accuracy": 0.7359550561797753,
        "macro avg": {
            "precision": 0.724346438967906,
            "recall": 0.7163571165295399,
            "f1-score": 0.7193412692126671,
            "support": 2314.0
        },
        "weighted avg": {
            "precision": 0.733034876073684,
            "recall": 0.7359550561797753,
            "f1-score": 0.7335647955326425,
            "support": 2314.0
        },
        "confusion_matrix": [
            [
                570,
                346
            ],
            [
                265,
                1133
            ]
        ]
    },
    "best_gcn_results": {
        "Rush": {
            "precision": 0.6826347305389222,
            "recall": 0.6222707423580786,
            "f1-score": 0.6510565391205025,
            "support": 916.0
        },
        "Pass": {
            "precision": 0.7660581473968898,
            "recall": 0.8104434907010014,
            "f1-score": 0.7876259993048315,
            "support": 1398.0
        },
        "accuracy": 0.7359550561797753,
        "macro avg": {
            "precision": 0.724346438967906,
            "recall": 0.7163571165295399,
            "f1-score": 0.7193412692126671,
            "support": 2314.0
        },
        "weighted avg": {
            "precision": 0.733034876073684,
            "recall": 0.7359550561797753,
            "f1-score": 0.7335647955326425,
            "support": 2314.0
        },
        "confusion_matrix": [
            [
                570,
                346
            ],
            [
                265,
                1133
            ]
        ]
    },
    "rf_results": {
        "Rush": {
            "precision": 0.6775757575757576,
            "recall": 0.6102620087336245,
            "f1-score": 0.6421596783457783,
            "support": 916.0
        },
        "Pass": {
            "precision": 0.7602417730020148,
            "recall": 0.8097281831187411,
            "f1-score": 0.7842050571527537,
            "support": 1398.0
        },
        "accuracy": 0.7307692307692307,
        "macro avg": {
            "precision": 0.7189087652888861,
            "recall": 0.7099950959261827,
            "f1-score": 0.7131823677492659,
            "support": 2314.0
        },
        "weighted avg": {
            "precision": 0.7275183200502207,
            "recall": 0.7307692307692307,
            "f1-score": 0.7279762036578575,
            "support": 2314.0
        },
        "confusion_matrix": [
            [
                559,
                357
            ],
            [
                266,
                1132
            ]
        ]
    },
    "mlp_results": {
        "Rush": {
            "precision": 0.6093023255813953,
            "recall": 0.5720524017467249,
            "f1-score": 0.5900900900900901,
            "support": 916.0
        },
        "Pass": {
            "precision": 0.7303988995873453,
            "recall": 0.759656652360515,
            "f1-score": 0.7447405329593267,
            "support": 1398.0
        },
        "accuracy": 0.6853932584269663,
        "macro avg": {
            "precision": 0.6698506125843703,
            "recall": 0.66585452705362,
            "f1-score": 0.6674153115247083,
            "support": 2314.0
        },
        "weighted avg": {
            "precision": 0.6824626585374532,
            "recall": 0.6853932584269663,
            "f1-score": 0.6835219479687388,
            "support": 2314.0
        },
        "confusion_matrix": [
            [
                524,
                392
            ],
            [
                336,
                1062
            ]
        ]
    },