{
    "last_gcn_results": {
        "Rush": {
            "precision": 0.6118909991742362,
            "recall": 0.8089519650655022,
            "f1-score": 0.6967559943582511,
            "support": 916.0
        },
        "Pass": {
            "precision": 0.7181964573268921,
            "recall": 0.4868995633187773,
            "f1-score": 0.5803513337670787,
            "support": 916.0
        },
        "accuracy": 0.6479257641921398,
        "macro avg": {
            "precision": 0.6650437282505641,
            "recall": 0.6479257641921398,
            "f1-score": 0.6385536640626649,
            "support": 1832.0
        },
        "weighted avg": {
            "precision": 0.6650437282505641,
            "recall": 0.6479257641921398,
            "f1-score": 0.638553664062665,
            "support": 1832.0
        },
        "confusion_matrix": [
            [
                741,
                175
            ],
            [
                470,
                446
            ]
        ]
    },
    "best_gcn_results": {
        "Rush": {
            "precision": 0.6118909991742362,
            "recall": 0.8089519650655022,
            "f1-score": 0.6967559943582511,
            "support": 916.0
        },
        "Pass": {
            "precision": 0.7181964573268921,
            "recall": 0.4868995633187773,
            "f1-score": 0.5803513337670787,
            "support": 916.0
        },
        "accuracy": 0.6479257641921398,
        "macro avg": {
            "precision": 0.6650437282505641,
            "recall": 0.6479257641921398,
            "f1-score": 0.6385536640626649,
            "support": 1832.0
        },
        "weighted avg": {
            "precision": 0.6650437282505641,
            "recall": 0.6479257641921398,
            "f1-score": 0.638553664062665,
            "support": 1832.0
        },
        "confusion_matrix": [
            [
                741,
                175
            ],
            [
                470,
                446
            ]
        ]
    },
    "rf_results": {
        "Rush": {
            "precision": 0.6947162426614482,
            "recall": 0.7751091703056768,
            "f1-score": 0.7327141382868937,
            "support": 916.0
        },
        "Pass": {
            "precision": 0.745679012345679,
            "recall": 0.6593886462882096,
            "f1-score": 0.6998841251448435,
            "support": 916.0
        },
        "accuracy": 0.7172489082969432,
        "macro avg": {
            "precision": 0.7201976275035635,
            "recall": 0.7172489082969432,
            "f1-score": 0.7162991317158687,
            "support": 1832.0
        },
        "weighted avg": {
            "precision": 0.7201976275035635,
            "recall": 0.7172489082969432,
            "f1-score": 0.7162991317158686,
            "support": 1832.0
        },
        "confusion_matrix": [
            [
                710,
                206
            ],
            [
                312,
                604
            ]
        ]
    },
    "mlp_results": {
        "Rush": {
            "precision": 0.6614745586708204,
            "recall": 0.6954148471615721,
            "f1-score": 0.6780202235231506,
            "support": 916.0
        },
        "Pass": {
            "precision": 0.6789413118527042,
            "recall": 0.6441048034934498,
            "f1-score": 0.6610644257703081,
            "support": 916.0
        },
        "accuracy": 0.6697598253275109,
        "macro avg": {
            "precision": 0.6702079352617623,
            "recall": 0.669759825327511,
            "f1-score": 0.6695423246467294,
            "support": 1832.0
        },
        "weighted avg": {
            "precision": 0.6702079352617624,
            "recall": 0.6697598253275109,
            "f1-score": 0.6695423246467294,
            "support": 1832.0
        },
        "confusion_matrix": [
            [
                637,
                279
            ],
            [
                326,
                590
            ]
        ]
    },