{
    "last_gcn_results": {
        "Rush": {
            "precision": 0.5301924353019244,
            "recall": 0.8722707423580786,
            "f1-score": 0.6595130004127115,
            "support": 916.0
        },
        "Pass": {
            "precision": 0.64,
            "recall": 0.22707423580786026,
            "f1-score": 0.33521353746978244,
            "support": 916.0
        },
        "accuracy": 0.5496724890829694,
        "macro avg": {
            "precision": 0.5850962176509622,
            "recall": 0.5496724890829694,
            "f1-score": 0.497363268941247,
            "support": 1832.0
        },
        "weighted avg": {
            "precision": 0.5850962176509622,
            "recall": 0.5496724890829694,
            "f1-score": 0.497363268941247,
            "support": 1832.0
        },
        "confusion_matrix": [
            [
                799,
                117
            ],
            [
                708,
                208
            ]
        ]
    },
    "best_gcn_results": {
        "Rush": {
            "precision": 0.5301924353019244,
            "recall": 0.8722707423580786,
            "f1-score": 0.6595130004127115,
            "support": 916.0
        },
        "Pass": {
            "precision": 0.64,
            "recall": 0.22707423580786026,
            "f1-score": 0.33521353746978244,
            "support": 916.0
        },
        "accuracy": 0.5496724890829694,
        "macro avg": {
            "precision": 0.5850962176509622,
            "recall": 0.5496724890829694,
            "f1-score": 0.497363268941247,
            "support": 1832.0
        },
        "weighted avg": {
            "precision": 0.5850962176509622,
            "recall": 0.5496724890829694,
            "f1-score": 0.497363268941247,
            "support": 1832.0
        },
        "confusion_matrix": [
            [
                799,
                117
            ],
            [
                708,
                208
            ]
        ]
    },
    "rf_results": {
        "Rush": {
            "precision": 0.6852551984877127,
            "recall": 0.7914847161572053,
            "f1-score": 0.7345491388044579,
            "support": 916.0
        },
        "Pass": {
            "precision": 0.7532299741602068,
            "recall": 0.6364628820960698,
            "f1-score": 0.6899408284023668,
            "support": 916.0
        },
        "accuracy": 0.7139737991266376,
        "macro avg": {
            "precision": 0.7192425863239598,
            "recall": 0.7139737991266375,
            "f1-score": 0.7122449836034124,
            "support": 1832.0
        },
        "weighted avg": {
            "precision": 0.7192425863239598,
            "recall": 0.7139737991266376,
            "f1-score": 0.7122449836034124,
            "support": 1832.0
        },
        "confusion_matrix": [
            [
                725,
                191
            ],
            [
                333,
                583
            ]
        ]
    },
    "mlp_results": {
        "Rush": {
            "precision": 0.6512820512820513,
            "recall": 0.6932314410480349,
            "f1-score": 0.671602326811211,
            "support": 916.0
        },
        "Pass": {
            "precision": 0.6721120186697783,
            "recall": 0.62882096069869,
            "f1-score": 0.649746192893401,
            "support": 916.0
        },
        "accuracy": 0.6610262008733624,
        "macro avg": {
            "precision": 0.6616970349759148,
            "recall": 0.6610262008733625,
            "f1-score": 0.660674259852306,
            "support": 1832.0
        },
        "weighted avg": {
            "precision": 0.6616970349759148,
            "recall": 0.6610262008733624,
            "f1-score": 0.660674259852306,
            "support": 1832.0
        },
        "confusion_matrix": [
            [
                635,
                281
            ],
            [
                340,
                576
            ]
        ]
    },
    "train_losses": [
        1.279461461989606,
        0.7892672877494104,
        0.6654706574528595,
        0.489138734275526,
        0.3257826105493014,
        0.2143857433496277,
        0.12252186785955899,
        0.06048776898227754,
        0.03058581094924218,
        0.02494906170772073,
        0.022686780280754215,
        0.022933770561478828,
        0.02221214331564356,
        0.022512648796123233,
        0.022047144402571713,
        0.022022881338505145,
        0.021907678165071,
        0.02210406885772455,
        0.021914754018106095,
        0.02199512882962253,
        0.021859721668431017,
        0.021885685907686993,
        0.021845570874344456,
        0.02196540510068174,
        0.022031805065811656,
        0.02173131945354691,
        0.021678441046365623,
        0.021892768633170207,
        0.021941853481563713,
        0.021869241051335152,
        0.02191888445713481,
        0.021844103785811878,
        0.02178180966872335,
        0.022039108621618134,
        0.021762172576508237,
        0.02175958925257615,
        0.0217887757580137,
        0.021761641020331877,
        0.021689862989988484,
        0.02153771161381664,
        0.022010568484582535,
        0.02167805312761192,
        0.02177236884669528,
        0.021596179633844095,
        0.021537761496064442,
        0.021526664788605737,
        0.021657108250862915,
        0.02160426462934317,
        0.021528735773159505,
        0.0215617299079895,
        0.02172219280988141,
        0.02155100830265733,
        0.021507030692908283,
        0.02186539922255636,
        0.021400940092534966,
        0.02141802985160077,
        0.021495121798880114,
        0.021406964493579553,
        0.021219012808930026,
        0.02128313092586121,
        0.021302953215896106,
        0.021287653452711677,
        0.021260194146568007,
        0.021107857833143142,
        0.02112989858851407,
        0.021164161943998495,
        0.02124800760237897,
        0.02104933877460292,
        0.02111437183911683,
        0.021271927206894088,
        0.020964155138516034,
        0.021173772492695375,
        0.021007927779942915,
        0.02095177456980846,
        0.020960981337750543,
        0.020739036635622952,
        0.020790787733317724,
        0.021031666551131367,
        0.02079071233181354,
        0.02132574072301062,
        0.02069803000799294,
        0.020784654773649623,
        0.02062760111087007,
        0.020682674744090097
    ],