{
    "last_gcn_results": {
        "Rush": {
            "precision": 0.6423109600679694,
            "recall": 0.8253275109170306,
            "f1-score": 0.7224080267558528,
            "support": 916.0
        },
        "Pass": {
            "precision": 0.7557251908396947,
            "recall": 0.5403930131004366,
            "f1-score": 0.6301718650541057,
            "support": 916.0
        },
        "accuracy": 0.6828602620087336,
        "macro avg": {
            "precision": 0.699018075453832,
            "recall": 0.6828602620087336,
            "f1-score": 0.6762899459049793,
            "support": 1832.0
        },
        "weighted avg": {
            "precision": 0.699018075453832,
            "recall": 0.6828602620087336,
            "f1-score": 0.6762899459049793,
            "support": 1832.0
        },
        "confusion_matrix": [
            [
                756,
                160
            ],
            [
                421,
                495
            ]
        ]
    },
    "best_gcn_results": {
        "Rush": {
            "precision": 0.6423109600679694,
            "recall": 0.8253275109170306,
            "f1-score": 0.7224080267558528,
            "support": 916.0
        },
        "Pass": {
            "precision": 0.7557251908396947,
            "recall": 0.5403930131004366,
            "f1-score": 0.6301718650541057,
            "support": 916.0
        },
        "accuracy": 0.6828602620087336,
        "macro avg": {
            "precision": 0.699018075453832,
            "recall": 0.6828602620087336,
            "f1-score": 0.6762899459049793,
            "support": 1832.0
        },
        "weighted avg": {
            "precision": 0.699018075453832,
            "recall": 0.6828602620087336,
            "f1-score": 0.6762899459049793,
            "support": 1832.0
        },
        "confusion_matrix": [
            [
                756,
                160
            ],
            [
                421,
                495
            ]
        ]
    },
    "rf_results": {
        "Rush": {
            "precision": 0.6953966699314398,
            "recall": 0.7751091703056768,
            "f1-score": 0.73309241094476,
            "support": 916.0
        },
        "Pass": {
            "precision": 0.7459926017262639,
            "recall": 0.6604803493449781,
            "f1-score": 0.7006369426751592,
            "support": 916.0
        },
        "accuracy": 0.7177947598253275,
        "macro avg": {
            "precision": 0.7206946358288518,
            "recall": 0.7177947598253275,
            "f1-score": 0.7168646768099596,
            "support": 1832.0
        },
        "weighted avg": {
            "precision": 0.7206946358288518,
            "recall": 0.7177947598253275,
            "f1-score": 0.7168646768099596,
            "support": 1832.0
        },
        "confusion_matrix": [
            [
                710,
                206
            ],
            [
                311,
                605
            ]
        ]
    },
    "mlp_results": {
        "Rush": {
            "precision": 0.6547131147540983,
            "recall": 0.6975982532751092,
            "f1-score": 0.6754756871035941,
            "support": 916.0
        },
        "Pass": {
            "precision": 0.6764018691588785,
            "recall": 0.6320960698689956,
            "f1-score": 0.6534988713318285,
            "support": 916.0
        },
        "accuracy": 0.6648471615720524,
        "macro avg": {
            "precision": 0.6655574919564884,
            "recall": 0.6648471615720524,
            "f1-score": 0.6644872792177112,
            "support": 1832.0
        },
        "weighted avg": {
            "precision": 0.6655574919564884,
            "recall": 0.6648471615720524,
            "f1-score": 0.6644872792177112,
            "support": 1832.0
        },
        "confusion_matrix": [
            [
                639,
                277
            ],
            [
                337,
                579
            ]
        ]
    },