{
    "last_gcn_results": {
        "Rush": {
            "precision": 0.7064676616915423,
            "recall": 0.6972176759410802,
            "f1-score": 0.7018121911037891,
            "support": 611.0
        },
        "Pass": {
            "precision": 0.7011308562197092,
            "recall": 0.7103109656301145,
            "f1-score": 0.7056910569105691,
            "support": 611.0
        },
        "accuracy": 0.7037643207855974,
        "macro avg": {
            "precision": 0.7037992589556257,
            "recall": 0.7037643207855974,
            "f1-score": 0.703751624007179,
            "support": 1222.0
        },
        "weighted avg": {
            "precision": 0.7037992589556257,
            "recall": 0.7037643207855974,
            "f1-score": 0.7037516240071792,
            "support": 1222.0
        },
        "confusion_matrix": [
            [
                426,
                185
            ],
            [
                177,
                434
            ]
        ]
    },
    "best_gcn_results": {
        "Rush": {
            "precision": 0.7064676616915423,
            "recall": 0.6972176759410802,
            "f1-score": 0.7018121911037891,
            "support": 611.0
        },
        "Pass": {
            "precision": 0.7011308562197092,
            "recall": 0.7103109656301145,
            "f1-score": 0.7056910569105691,
            "support": 611.0
        },
        "accuracy": 0.7037643207855974,
        "macro avg": {
            "precision": 0.7037992589556257,
            "recall": 0.7037643207855974,
            "f1-score": 0.703751624007179,
            "support": 1222.0
        },
        "weighted avg": {
            "precision": 0.7037992589556257,
            "recall": 0.7037643207855974,
            "f1-score": 0.7037516240071792,
            "support": 1222.0
        },
        "confusion_matrix": [
            [
                426,
                185
            ],
            [
                177,
                434
            ]
        ]
    },
    "rf_results": {
        "Rush": {
            "precision": 0.7050898203592815,
            "recall": 0.7708674304418985,
            "f1-score": 0.7365129007036747,
            "support": 611.0
        },
        "Pass": {
            "precision": 0.7472924187725631,
            "recall": 0.6775777414075287,
            "f1-score": 0.7107296137339055,
            "support": 611.0
        },
        "accuracy": 0.7242225859247136,
        "macro avg": {
            "precision": 0.7261911195659223,
            "recall": 0.7242225859247136,
            "f1-score": 0.7236212572187901,
            "support": 1222.0
        },
        "weighted avg": {
            "precision": 0.7261911195659223,
            "recall": 0.7242225859247136,
            "f1-score": 0.7236212572187901,
            "support": 1222.0
        },
        "confusion_matrix": [
            [
                471,
                140
            ],
            [
                197,
                414
            ]
        ]
    },
    "mlp_results": {
        "Rush": {
            "precision": 0.6836248012718601,
            "recall": 0.7037643207855974,
            "f1-score": 0.6935483870967742,
            "support": 611.0
        },
        "Pass": {
            "precision": 0.6947723440134908,
            "recall": 0.67430441898527,
            "f1-score": 0.6843853820598007,
            "support": 611.0
        },
        "accuracy": 0.6890343698854338,
        "macro avg": {
            "precision": 0.6891985726426755,
            "recall": 0.6890343698854338,
            "f1-score": 0.6889668845782875,
            "support": 1222.0
        },
        "weighted avg": {
            "precision": 0.6891985726426755,
            "recall": 0.6890343698854338,
            "f1-score": 0.6889668845782875,
            "support": 1222.0
        },
        "confusion_matrix": [
            [
                430,
                181
            ],
            [
                199,
                412
            ]
        ]
    },
    "config": {
        "RANDOM_SEED": 21,
        "GNN_EPOCHS": 100,
        "GNN_HIDDEN_CHANNELS": 64,
        "GNN_HIDDEN_LAYERS": 3,
        "GNN_LEARNING_RATE": 0.0001,
        "GNN_DROPOUT": 0.4,
        "GNN_WEIGHT_DECAY": 0.0005,
        "RF_ESTIMATORS": 50,
        "MLP_HIDDEN_CHANNELS": 64,
        "MLP_HIDDEN_LAYERS": 3,
        "MLP_MAX_ITER": 3000,
        "MLP_LEARNING_RATE": 0.01,
        "MLP_ALPHA": 5e-05,
        "VALIDATION_SPLIT": 0.8,
        "TEST_SPLIT": 0.9,
        "SHOW_INFO": true
    }
}