{
    "last_gcn_results": {
        "Rush": {
            "precision": 0.6390284757118928,
            "recall": 0.8329694323144105,
            "f1-score": 0.7232227488151659,
            "support": 916.0
        },
        "Pass": {
            "precision": 0.7601880877742947,
            "recall": 0.5294759825327511,
            "f1-score": 0.6241956241956242,
            "support": 916.0
        },
        "accuracy": 0.6812227074235808,
        "macro avg": {
            "precision": 0.6996082817430938,
            "recall": 0.6812227074235808,
            "f1-score": 0.673709186505395,
            "support": 1832.0
        },
        "weighted avg": {
            "precision": 0.6996082817430938,
            "recall": 0.6812227074235808,
            "f1-score": 0.6737091865053951,
            "support": 1832.0
        },
        "confusion_matrix": [
            [
                763,
                153
            ],
            [
                431,
                485
            ]
        ]
    },
    "best_gcn_results": {
        "Rush": {
            "precision": 0.6390284757118928,
            "recall": 0.8329694323144105,
            "f1-score": 0.7232227488151659,
            "support": 916.0
        },
        "Pass": {
            "precision": 0.7601880877742947,
            "recall": 0.5294759825327511,
            "f1-score": 0.6241956241956242,
            "support": 916.0
        },
        "accuracy": 0.6812227074235808,
        "macro avg": {
            "precision": 0.6996082817430938,
            "recall": 0.6812227074235808,
            "f1-score": 0.673709186505395,
            "support": 1832.0
        },
        "weighted avg": {
            "precision": 0.6996082817430938,
            "recall": 0.6812227074235808,
            "f1-score": 0.6737091865053951,
            "support": 1832.0
        },
        "confusion_matrix": [
            [
                763,
                153
            ],
            [
                431,
                485
            ]
        ]
    },
    "rf_results": {
        "Rush": {
            "precision": 0.6944172380019589,
            "recall": 0.7740174672489083,
            "f1-score": 0.7320598864223026,
            "support": 916.0
        },
        "Pass": {
            "precision": 0.7447595561035758,
            "recall": 0.6593886462882096,
            "f1-score": 0.6994788650839606,
            "support": 916.0
        },
        "accuracy": 0.7167030567685589,
        "macro avg": {
            "precision": 0.7195883970527673,
            "recall": 0.7167030567685589,
            "f1-score": 0.7157693757531316,
            "support": 1832.0
        },
        "weighted avg": {
            "precision": 0.7195883970527673,
            "recall": 0.7167030567685589,
            "f1-score": 0.7157693757531316,
            "support": 1832.0
        },
        "confusion_matrix": [
            [
                709,
                207
            ],
            [
                312,
                604
            ]
        ]
    },
    "mlp_results": {
        "Rush": {
            "precision": 0.6587628865979381,
            "recall": 0.6975982532751092,
            "f1-score": 0.6776246023329798,
            "support": 916.0
        },
        "Pass": {
            "precision": 0.6786542923433875,
            "recall": 0.638646288209607,
            "f1-score": 0.6580427446569179,
            "support": 916.0
        },
        "accuracy": 0.6681222707423581,
        "macro avg": {
            "precision": 0.6687085894706628,
            "recall": 0.6681222707423581,
            "f1-score": 0.6678336734949488,
            "support": 1832.0
        },
        "weighted avg": {
            "precision": 0.6687085894706629,
            "recall": 0.6681222707423581,
            "f1-score": 0.6678336734949489,
            "support": 1832.0
        },
        "confusion_matrix": [
            [
                639,
                277
            ],
            [
                331,
                585
            ]
        ]
    },