{
    "last_gcn_results": {
        "Rush": {
            "precision": 0.591715976331361,
            "recall": 0.7641921397379913,
            "f1-score": 0.6669842782277274,
            "support": 916.0
        },
        "Pass": {
            "precision": 0.8090185676392573,
            "recall": 0.6545064377682404,
            "f1-score": 0.7236061684460261,
            "support": 1398.0
        },
        "accuracy": 0.6979256698357822,
        "macro avg": {
            "precision": 0.7003672719853091,
            "recall": 0.7093492887531159,
            "f1-score": 0.6952952233368768,
            "support": 2314.0
        },
        "weighted avg": {
            "precision": 0.722999045755924,
            "recall": 0.6979256698357822,
            "f1-score": 0.7011923173483763,
            "support": 2314.0
        },
        "confusion_matrix": [
            [
                700,
                216
            ],
            [
                483,
                915
            ]
        ]
    },
    "best_gcn_results": {
        "Rush": {
            "precision": 0.591715976331361,
            "recall": 0.7641921397379913,
            "f1-score": 0.6669842782277274,
            "support": 916.0
        },
        "Pass": {
            "precision": 0.8090185676392573,
            "recall": 0.6545064377682404,
            "f1-score": 0.7236061684460261,
            "support": 1398.0
        },
        "accuracy": 0.6979256698357822,
        "macro avg": {
            "precision": 0.7003672719853091,
            "recall": 0.7093492887531159,
            "f1-score": 0.6952952233368768,
            "support": 2314.0
        },
        "weighted avg": {
            "precision": 0.722999045755924,
            "recall": 0.6979256698357822,
            "f1-score": 0.7011923173483763,
            "support": 2314.0
        },
        "confusion_matrix": [
            [
                700,
                216
            ],
            [
                483,
                915
            ]
        ]
    },
    "rf_results": {
        "Rush": {
            "precision": 0.6546091015169195,
            "recall": 0.6124454148471615,
            "f1-score": 0.6328257191201354,
            "support": 916.0
        },
        "Pass": {
            "precision": 0.7563486616334935,
            "recall": 0.7882689556509299,
            "f1-score": 0.7719789842381787,
            "support": 1398.0
        },
        "accuracy": 0.7186689714779603,
        "macro avg": {
            "precision": 0.7054788815752064,
            "recall": 0.7003571852490458,
            "f1-score": 0.7024023516791571,
            "support": 2314.0
        },
        "weighted avg": {
            "precision": 0.716074920463752,
            "recall": 0.7186689714779603,
            "f1-score": 0.7168949778215288,
            "support": 2314.0
        },
        "confusion_matrix": [
            [
                561,
                355
            ],
            [
                296,
                1102
            ]
        ]
    },
    "mlp_results": {
        "Rush": {
            "precision": 0.5847953216374269,
            "recall": 0.6550218340611353,
            "f1-score": 0.6179196704428425,
            "support": 916.0
        },
        "Pass": {
            "precision": 0.7546583850931677,
            "recall": 0.6952789699570815,
            "f1-score": 0.723752792256143,
            "support": 1398.0
        },
        "accuracy": 0.6793431287813311,
        "macro avg": {
            "precision": 0.6697268533652974,
            "recall": 0.6751504020091084,
            "f1-score": 0.6708362313494927,
            "support": 2314.0
        },
        "weighted avg": {
            "precision": 0.6874178638634968,
            "recall": 0.6793431287813311,
            "f1-score": 0.6818586092047241,
            "support": 2314.0
        },
        "confusion_matrix": [
            [
                600,
                316
            ],
            [
                426,
                972
            ]
        ]
    },