{
    "last_gcn_results": {
        "Rush": {
            "precision": 0.7026578073089701,
            "recall": 0.6923076923076923,
            "f1-score": 0.6974443528441879,
            "support": 611.0
        },
        "Pass": {
            "precision": 0.6967741935483871,
            "recall": 0.707037643207856,
            "f1-score": 0.7018683996750609,
            "support": 611.0
        },
        "accuracy": 0.6996726677577741,
        "macro avg": {
            "precision": 0.6997160004286787,
            "recall": 0.6996726677577741,
            "f1-score": 0.6996563762596244,
            "support": 1222.0
        },
        "weighted avg": {
            "precision": 0.6997160004286787,
            "recall": 0.6996726677577741,
            "f1-score": 0.6996563762596244,
            "support": 1222.0
        },
        "confusion_matrix": [
            [
                423,
                188
            ],
            [
                179,
                432
            ]
        ]
    },
    "best_gcn_results": {
        "Rush": {
            "precision": 0.7026578073089701,
            "recall": 0.6923076923076923,
            "f1-score": 0.6974443528441879,
            "support": 611.0
        },
        "Pass": {
            "precision": 0.6967741935483871,
            "recall": 0.707037643207856,
            "f1-score": 0.7018683996750609,
            "support": 611.0
        },
        "accuracy": 0.6996726677577741,
        "macro avg": {
            "precision": 0.6997160004286787,
            "recall": 0.6996726677577741,
            "f1-score": 0.6996563762596244,
            "support": 1222.0
        },
        "weighted avg": {
            "precision": 0.6997160004286787,
            "recall": 0.6996726677577741,
            "f1-score": 0.6996563762596244,
            "support": 1222.0
        },
        "confusion_matrix": [
            [
                423,
                188
            ],
            [
                179,
                432
            ]
        ]
    },
    "rf_results": {
        "Rush": {
            "precision": 0.7050898203592815,
            "recall": 0.7708674304418985,
            "f1-score": 0.7365129007036747,
            "support": 611.0
        },
        "Pass": {
            "precision": 0.7472924187725631,
            "recall": 0.6775777414075287,
            "f1-score": 0.7107296137339055,
            "support": 611.0
        },
        "accuracy": 0.7242225859247136,
        "macro avg": {
            "precision": 0.7261911195659223,
            "recall": 0.7242225859247136,
            "f1-score": 0.7236212572187901,
            "support": 1222.0
        },
        "weighted avg": {
            "precision": 0.7261911195659223,
            "recall": 0.7242225859247136,
            "f1-score": 0.7236212572187901,
            "support": 1222.0
        },
        "confusion_matrix": [
            [
                471,
                140
            ],
            [
                197,
                414
            ]
        ]
    },
    "mlp_results": {
        "Rush": {
            "precision": 0.6762820512820513,
            "recall": 0.690671031096563,
            "f1-score": 0.6834008097165992,
            "support": 611.0
        },
        "Pass": {
            "precision": 0.6839464882943144,
            "recall": 0.6693944353518821,
            "f1-score": 0.6765922249793217,
            "support": 611.0
        },
        "accuracy": 0.6800327332242226,
        "macro avg": {
            "precision": 0.6801142697881828,
            "recall": 0.6800327332242226,
            "f1-score": 0.6799965173479605,
            "support": 1222.0
        },
        "weighted avg": {
            "precision": 0.6801142697881829,
            "recall": 0.6800327332242226,
            "f1-score": 0.6799965173479604,
            "support": 1222.0
        },
        "confusion_matrix": [
            [
                422,
                189
            ],
            [
                202,
                409
            ]
        ]
    },
    "config": {
        "RANDOM_SEED": 21,
        "GNN_EPOCHS": 100,
        "GNN_HIDDEN_CHANNELS": 64,
        "GNN_HIDDEN_LAYERS": 3,
        "GNN_LEARNING_RATE": 0.0001,
        "GNN_DROPOUT": 0.4,
        "GNN_WEIGHT_DECAY": 0.0005,
        "RF_ESTIMATORS": 50,
        "MLP_HIDDEN_CHANNELS": 64,
        "MLP_HIDDEN_LAYERS": 3,
        "MLP_MAX_ITER": 3000,
        "MLP_LEARNING_RATE": 0.01,
        "MLP_ALPHA": 5e-05,
        "VALIDATION_SPLIT": 0.8,
        "TEST_SPLIT": 0.9,
        "SHOW_INFO": true
    }
}