{
    "last_gcn_results": {
        "Rush": {
            "precision": 0.679214402618658,
            "recall": 0.679214402618658,
            "f1-score": 0.679214402618658,
            "support": 611.0
        },
        "Pass": {
            "precision": 0.679214402618658,
            "recall": 0.679214402618658,
            "f1-score": 0.679214402618658,
            "support": 611.0
        },
        "accuracy": 0.679214402618658,
        "macro avg": {
            "precision": 0.679214402618658,
            "recall": 0.679214402618658,
            "f1-score": 0.679214402618658,
            "support": 1222.0
        },
        "weighted avg": {
            "precision": 0.679214402618658,
            "recall": 0.679214402618658,
            "f1-score": 0.679214402618658,
            "support": 1222.0
        },
        "confusion_matrix": [
            [
                415,
                196
            ],
            [
                196,
                415
            ]
        ]
    },
    "best_gcn_results": {
        "Rush": {
            "precision": 0.679214402618658,
            "recall": 0.679214402618658,
            "f1-score": 0.679214402618658,
            "support": 611.0
        },
        "Pass": {
            "precision": 0.679214402618658,
            "recall": 0.679214402618658,
            "f1-score": 0.679214402618658,
            "support": 611.0
        },
        "accuracy": 0.679214402618658,
        "macro avg": {
            "precision": 0.679214402618658,
            "recall": 0.679214402618658,
            "f1-score": 0.679214402618658,
            "support": 1222.0
        },
        "weighted avg": {
            "precision": 0.679214402618658,
            "recall": 0.679214402618658,
            "f1-score": 0.679214402618658,
            "support": 1222.0
        },
        "confusion_matrix": [
            [
                415,
                196
            ],
            [
                196,
                415
            ]
        ]
    },
    "rf_results": {
        "Rush": {
            "precision": 0.7065868263473054,
            "recall": 0.7725040916530278,
            "f1-score": 0.7380766223612197,
            "support": 611.0
        },
        "Pass": {
            "precision": 0.7490974729241877,
            "recall": 0.679214402618658,
            "f1-score": 0.7124463519313304,
            "support": 611.0
        },
        "accuracy": 0.7258592471358429,
        "macro avg": {
            "precision": 0.7278421496357466,
            "recall": 0.7258592471358429,
            "f1-score": 0.725261487146275,
            "support": 1222.0
        },
        "weighted avg": {
            "precision": 0.7278421496357466,
            "recall": 0.7258592471358429,
            "f1-score": 0.7252614871462751,
            "support": 1222.0
        },
        "confusion_matrix": [
            [
                472,
                139
            ],
            [
                196,
                415
            ]
        ]
    },
    "mlp_results": {
        "Rush": {
            "precision": 0.6905982905982906,
            "recall": 0.6612111292962357,
            "f1-score": 0.6755852842809364,
            "support": 611.0
        },
        "Pass": {
            "precision": 0.6750392464678179,
            "recall": 0.7037643207855974,
            "f1-score": 0.6891025641025641,
            "support": 611.0
        },
        "accuracy": 0.6824877250409165,
        "macro avg": {
            "precision": 0.6828187685330542,
            "recall": 0.6824877250409165,
            "f1-score": 0.6823439241917503,
            "support": 1222.0
        },
        "weighted avg": {
            "precision": 0.6828187685330543,
            "recall": 0.6824877250409165,
            "f1-score": 0.6823439241917503,
            "support": 1222.0
        },
        "confusion_matrix": [
            [
                404,
                207
            ],
            [
                181,
                430
            ]
        ]
    },
    "config": {
        "RANDOM_SEED": 24,
        "GNN_EPOCHS": 500,
        "GNN_HIDDEN_CHANNELS": 128,
        "GNN_HIDDEN_LAYERS": 1,
        "GNN_LEARNING_RATE": 0.001,
        "GNN_DROPOUT": 0.3,
        "GNN_WEIGHT_DECAY": 0.005,
        "RF_ESTIMATORS": 50,
        "MLP_HIDDEN_CHANNELS": 128,
        "MLP_HIDDEN_LAYERS": 3,
        "MLP_MAX_ITER": 3000,
        "MLP_LEARNING_RATE": 0.01,
        "MLP_ALPHA": 5e-05,
        "VALIDATION_SPLIT": 0.8,
        "TEST_SPLIT": 0.9,
        "SHOW_INFO": true
    }
}