{
    "last_gcn_results": {
        "Rush": {
            "precision": 0.6959459459459459,
            "recall": 0.8428805237315876,
            "f1-score": 0.7623982235381199,
            "support": 611.0
        },
        "Pass": {
            "precision": 0.8008298755186722,
            "recall": 0.6317512274959084,
            "f1-score": 0.7063129002744739,
            "support": 611.0
        },
        "accuracy": 0.737315875613748,
        "macro avg": {
            "precision": 0.748387910732309,
            "recall": 0.737315875613748,
            "f1-score": 0.7343555619062969,
            "support": 1222.0
        },
        "weighted avg": {
            "precision": 0.7483879107323091,
            "recall": 0.737315875613748,
            "f1-score": 0.7343555619062969,
            "support": 1222.0
        },
        "confusion_matrix": [
            [
                515,
                96
            ],
            [
                225,
                386
            ]
        ]
    },
    "best_gcn_results": {
        "Rush": {
            "precision": 0.6959459459459459,
            "recall": 0.8428805237315876,
            "f1-score": 0.7623982235381199,
            "support": 611.0
        },
        "Pass": {
            "precision": 0.8008298755186722,
            "recall": 0.6317512274959084,
            "f1-score": 0.7063129002744739,
            "support": 611.0
        },
        "accuracy": 0.737315875613748,
        "macro avg": {
            "precision": 0.748387910732309,
            "recall": 0.737315875613748,
            "f1-score": 0.7343555619062969,
            "support": 1222.0
        },
        "weighted avg": {
            "precision": 0.7483879107323091,
            "recall": 0.737315875613748,
            "f1-score": 0.7343555619062969,
            "support": 1222.0
        },
        "confusion_matrix": [
            [
                515,
                96
            ],
            [
                225,
                386
            ]
        ]
    },
    "rf_results": {
        "Rush": {
            "precision": 0.7172312223858616,
            "recall": 0.7970540098199672,
            "f1-score": 0.7550387596899225,
            "support": 611.0
        },
        "Pass": {
            "precision": 0.7716390423572744,
            "recall": 0.6857610474631751,
            "f1-score": 0.7261698440207972,
            "support": 611.0
        },
        "accuracy": 0.7414075286415712,
        "macro avg": {
            "precision": 0.744435132371568,
            "recall": 0.7414075286415711,
            "f1-score": 0.7406043018553599,
            "support": 1222.0
        },
        "weighted avg": {
            "precision": 0.744435132371568,
            "recall": 0.7414075286415712,
            "f1-score": 0.74060430185536,
            "support": 1222.0
        },
        "confusion_matrix": [
            [
                487,
                124
            ],
            [
                192,
                419
            ]
        ]
    },
    "mlp_results": {
        "Rush": {
            "precision": 0.6864406779661016,
            "recall": 0.662847790507365,
            "f1-score": 0.6744379683597003,
            "support": 611.0
        },
        "Pass": {
            "precision": 0.6740506329113924,
            "recall": 0.6972176759410802,
            "f1-score": 0.6854384553499597,
            "support": 611.0
        },
        "accuracy": 0.6800327332242226,
        "macro avg": {
            "precision": 0.680245655438747,
            "recall": 0.6800327332242226,
            "f1-score": 0.67993821185483,
            "support": 1222.0
        },
        "weighted avg": {
            "precision": 0.680245655438747,
            "recall": 0.6800327332242226,
            "f1-score": 0.6799382118548299,
            "support": 1222.0
        },
        "confusion_matrix": [
            [
                405,
                206
            ],
            [
                185,
                426
            ]
        ]
    },
    "config": {
        "RANDOM_SEED": 5,
        "GNN_EPOCHS": 300,
        "GNN_HIDDEN_CHANNELS": 64,
        "GNN_HIDDEN_LAYERS": 3,
        "GNN_LEARNING_RATE": 0.0001,
        "GNN_DROPOUT": 0.2,
        "GNN_WEIGHT_DECAY": 0.0005,
        "RF_ESTIMATORS": 50,
        "MLP_HIDDEN_CHANNELS": 128,
        "MLP_HIDDEN_LAYERS": 1,
        "MLP_MAX_ITER": 3000,
        "MLP_LEARNING_RATE": 0.01,
        "MLP_ALPHA": 0.005,
        "VALIDATION_SPLIT": 0.8,
        "TEST_SPLIT": 0.9,
        "SHOW_INFO": true
    }
}