{
    "last_gcn_results": {
        "Rush": {
            "precision": 0.678763440860215,
            "recall": 0.8265139116202946,
            "f1-score": 0.7453874538745388,
            "support": 611.0
        },
        "Pass": {
            "precision": 0.7782426778242678,
            "recall": 0.6088379705400983,
            "f1-score": 0.6831955922865014,
            "support": 611.0
        },
        "accuracy": 0.7176759410801964,
        "macro avg": {
            "precision": 0.7285030593422415,
            "recall": 0.7176759410801965,
            "f1-score": 0.71429152308052,
            "support": 1222.0
        },
        "weighted avg": {
            "precision": 0.7285030593422414,
            "recall": 0.7176759410801964,
            "f1-score": 0.71429152308052,
            "support": 1222.0
        },
        "confusion_matrix": [
            [
                505,
                106
            ],
            [
                239,
                372
            ]
        ]
    },
    "best_gcn_results": {
        "Rush": {
            "precision": 0.678763440860215,
            "recall": 0.8265139116202946,
            "f1-score": 0.7453874538745388,
            "support": 611.0
        },
        "Pass": {
            "precision": 0.7782426778242678,
            "recall": 0.6088379705400983,
            "f1-score": 0.6831955922865014,
            "support": 611.0
        },
        "accuracy": 0.7176759410801964,
        "macro avg": {
            "precision": 0.7285030593422415,
            "recall": 0.7176759410801965,
            "f1-score": 0.71429152308052,
            "support": 1222.0
        },
        "weighted avg": {
            "precision": 0.7285030593422414,
            "recall": 0.7176759410801964,
            "f1-score": 0.71429152308052,
            "support": 1222.0
        },
        "confusion_matrix": [
            [
                505,
                106
            ],
            [
                239,
                372
            ]
        ]
    },
    "rf_results": {
        "Rush": {
            "precision": 0.7228915662650602,
            "recall": 0.7855973813420621,
            "f1-score": 0.7529411764705882,
            "support": 611.0
        },
        "Pass": {
            "precision": 0.7652329749103942,
            "recall": 0.6988543371522095,
            "f1-score": 0.7305389221556886,
            "support": 611.0
        },
        "accuracy": 0.7422258592471358,
        "macro avg": {
            "precision": 0.7440622705877272,
            "recall": 0.7422258592471358,
            "f1-score": 0.7417400493131384,
            "support": 1222.0
        },
        "weighted avg": {
            "precision": 0.7440622705877271,
            "recall": 0.7422258592471358,
            "f1-score": 0.7417400493131384,
            "support": 1222.0
        },
        "confusion_matrix": [
            [
                480,
                131
            ],
            [
                184,
                427
            ]
        ]
    },
    "mlp_results": {
        "Rush": {
            "precision": 0.6779661016949152,
            "recall": 0.6546644844517185,
            "f1-score": 0.6661115736885929,
            "support": 611.0
        },
        "Pass": {
            "precision": 0.6661392405063291,
            "recall": 0.6890343698854338,
            "f1-score": 0.6773934030571199,
            "support": 611.0
        },
        "accuracy": 0.6718494271685761,
        "macro avg": {
            "precision": 0.6720526711006222,
            "recall": 0.6718494271685762,
            "f1-score": 0.6717524883728564,
            "support": 1222.0
        },
        "weighted avg": {
            "precision": 0.6720526711006222,
            "recall": 0.6718494271685761,
            "f1-score": 0.6717524883728564,
            "support": 1222.0
        },
        "confusion_matrix": [
            [
                400,
                211
            ],
            [
                190,
                421
            ]
        ]
    },
    "config": {
        "RANDOM_SEED": 10,
        "GNN_EPOCHS": 300,
        "GNN_HIDDEN_CHANNELS": 32,
        "GNN_HIDDEN_LAYERS": 2,
        "GNN_LEARNING_RATE": 0.0001,
        "GNN_DROPOUT": 0.2,
        "GNN_WEIGHT_DECAY": 0.005,
        "RF_ESTIMATORS": 100,
        "MLP_HIDDEN_CHANNELS": 64,
        "MLP_HIDDEN_LAYERS": 2,
        "MLP_MAX_ITER": 3000,
        "MLP_LEARNING_RATE": 0.0001,
        "MLP_ALPHA": 0.005,
        "VALIDATION_SPLIT": 0.8,
        "TEST_SPLIT": 0.9,
        "SHOW_INFO": true
    }
}