{
    "last_gcn_results": {
        "Rush": {
            "precision": 0.6691842900302115,
            "recall": 0.7250409165302782,
            "f1-score": 0.6959937156323645,
            "support": 611.0
        },
        "Pass": {
            "precision": 0.7,
            "recall": 0.6415711947626841,
            "f1-score": 0.6695132365499573,
            "support": 611.0
        },
        "accuracy": 0.6833060556464812,
        "macro avg": {
            "precision": 0.6845921450151058,
            "recall": 0.6833060556464812,
            "f1-score": 0.6827534760911609,
            "support": 1222.0
        },
        "weighted avg": {
            "precision": 0.6845921450151058,
            "recall": 0.6833060556464812,
            "f1-score": 0.6827534760911609,
            "support": 1222.0
        },
        "confusion_matrix": [
            [
                443,
                168
            ],
            [
                219,
                392
            ]
        ]
    },
    "best_gcn_results": {
        "Rush": {
            "precision": 0.6691842900302115,
            "recall": 0.7250409165302782,
            "f1-score": 0.6959937156323645,
            "support": 611.0
        },
        "Pass": {
            "precision": 0.7,
            "recall": 0.6415711947626841,
            "f1-score": 0.6695132365499573,
            "support": 611.0
        },
        "accuracy": 0.6833060556464812,
        "macro avg": {
            "precision": 0.6845921450151058,
            "recall": 0.6833060556464812,
            "f1-score": 0.6827534760911609,
            "support": 1222.0
        },
        "weighted avg": {
            "precision": 0.6845921450151058,
            "recall": 0.6833060556464812,
            "f1-score": 0.6827534760911609,
            "support": 1222.0
        },
        "confusion_matrix": [
            [
                443,
                168
            ],
            [
                219,
                392
            ]
        ]
    },
    "rf_results": {
        "Rush": {
            "precision": 0.7087087087087087,
            "recall": 0.7725040916530278,
            "f1-score": 0.7392325763508223,
            "support": 611.0
        },
        "Pass": {
            "precision": 0.75,
            "recall": 0.6824877250409165,
            "f1-score": 0.7146529562982005,
            "support": 611.0
        },
        "accuracy": 0.7274959083469722,
        "macro avg": {
            "precision": 0.7293543543543544,
            "recall": 0.7274959083469721,
            "f1-score": 0.7269427663245114,
            "support": 1222.0
        },
        "weighted avg": {
            "precision": 0.7293543543543544,
            "recall": 0.7274959083469722,
            "f1-score": 0.7269427663245114,
            "support": 1222.0
        },
        "confusion_matrix": [
            [
                472,
                139
            ],
            [
                194,
                417
            ]
        ]
    },
    "mlp_results": {
        "Rush": {
            "precision": 0.7194029850746269,
            "recall": 0.7888707037643208,
            "f1-score": 0.7525370804059328,
            "support": 611.0
        },
        "Pass": {
            "precision": 0.7663043478260869,
            "recall": 0.6923076923076923,
            "f1-score": 0.7274290627687017,
            "support": 611.0
        },
        "accuracy": 0.7405891980360065,
        "macro avg": {
            "precision": 0.7428536664503569,
            "recall": 0.7405891980360065,
            "f1-score": 0.7399830715873172,
            "support": 1222.0
        },
        "weighted avg": {
            "precision": 0.7428536664503569,
            "recall": 0.7405891980360065,
            "f1-score": 0.7399830715873172,
            "support": 1222.0
        },
        "confusion_matrix": [
            [
                482,
                129
            ],
            [
                188,
                423
            ]
        ]
    },
    "config": {
        "RANDOM_SEED": 7,
        "GNN_EPOCHS": 500,
        "GNN_HIDDEN_CHANNELS": 128,
        "GNN_HIDDEN_LAYERS": 1,
        "GNN_LEARNING_RATE": 0.0001,
        "GNN_DROPOUT": 0.3,
        "GNN_WEIGHT_DECAY": 0.0005,
        "RF_ESTIMATORS": 150,
        "MLP_HIDDEN_CHANNELS": 32,
        "MLP_HIDDEN_LAYERS": 1,
        "MLP_MAX_ITER": 3000,
        "MLP_LEARNING_RATE": 0.0001,
        "MLP_ALPHA": 0.005,
        "VALIDATION_SPLIT": 0.8,
        "TEST_SPLIT": 0.9,
        "SHOW_INFO": true
    }
}