{
    "last_gcn_results": {
        "Rush": {
            "precision": 0.7130434782608696,
            "recall": 0.8052373158756138,
            "f1-score": 0.7563412759415834,
            "support": 611.0
        },
        "Pass": {
            "precision": 0.7763157894736842,
            "recall": 0.6759410801963993,
            "f1-score": 0.7226596675415573,
            "support": 611.0
        },
        "accuracy": 0.7405891980360065,
        "macro avg": {
            "precision": 0.7446796338672769,
            "recall": 0.7405891980360065,
            "f1-score": 0.7395004717415703,
            "support": 1222.0
        },
        "weighted avg": {
            "precision": 0.7446796338672769,
            "recall": 0.7405891980360065,
            "f1-score": 0.7395004717415704,
            "support": 1222.0
        },
        "confusion_matrix": [
            [
                492,
                119
            ],
            [
                198,
                413
            ]
        ]
    },
    "best_gcn_results": {
        "Rush": {
            "precision": 0.7130434782608696,
            "recall": 0.8052373158756138,
            "f1-score": 0.7563412759415834,
            "support": 611.0
        },
        "Pass": {
            "precision": 0.7763157894736842,
            "recall": 0.6759410801963993,
            "f1-score": 0.7226596675415573,
            "support": 611.0
        },
        "accuracy": 0.7405891980360065,
        "macro avg": {
            "precision": 0.7446796338672769,
            "recall": 0.7405891980360065,
            "f1-score": 0.7395004717415703,
            "support": 1222.0
        },
        "weighted avg": {
            "precision": 0.7446796338672769,
            "recall": 0.7405891980360065,
            "f1-score": 0.7395004717415704,
            "support": 1222.0
        },
        "confusion_matrix": [
            [
                492,
                119
            ],
            [
                198,
                413
            ]
        ]
    },
    "rf_results": {
        "Rush": {
            "precision": 0.7087087087087087,
            "recall": 0.7725040916530278,
            "f1-score": 0.7392325763508223,
            "support": 611.0
        },
        "Pass": {
            "precision": 0.75,
            "recall": 0.6824877250409165,
            "f1-score": 0.7146529562982005,
            "support": 611.0
        },
        "accuracy": 0.7274959083469722,
        "macro avg": {
            "precision": 0.7293543543543544,
            "recall": 0.7274959083469721,
            "f1-score": 0.7269427663245114,
            "support": 1222.0
        },
        "weighted avg": {
            "precision": 0.7293543543543544,
            "recall": 0.7274959083469722,
            "f1-score": 0.7269427663245114,
            "support": 1222.0
        },
        "confusion_matrix": [
            [
                472,
                139
            ],
            [
                194,
                417
            ]
        ]
    },
    "mlp_results": {
        "Rush": {
            "precision": 0.7194029850746269,
            "recall": 0.7888707037643208,
            "f1-score": 0.7525370804059328,
            "support": 611.0
        },
        "Pass": {
            "precision": 0.7663043478260869,
            "recall": 0.6923076923076923,
            "f1-score": 0.7274290627687017,
            "support": 611.0
        },
        "accuracy": 0.7405891980360065,
        "macro avg": {
            "precision": 0.7428536664503569,
            "recall": 0.7405891980360065,
            "f1-score": 0.7399830715873172,
            "support": 1222.0
        },
        "weighted avg": {
            "precision": 0.7428536664503569,
            "recall": 0.7405891980360065,
            "f1-score": 0.7399830715873172,
            "support": 1222.0
        },
        "confusion_matrix": [
            [
                482,
                129
            ],
            [
                188,
                423
            ]
        ]
    },
    "config": {
        "RANDOM_SEED": 7,
        "GNN_EPOCHS": 500,
        "GNN_HIDDEN_CHANNELS": 128,
        "GNN_HIDDEN_LAYERS": 2,
        "GNN_LEARNING_RATE": 1e-05,
        "GNN_DROPOUT": 0.3,
        "GNN_WEIGHT_DECAY": 0.0005,
        "RF_ESTIMATORS": 150,
        "MLP_HIDDEN_CHANNELS": 32,
        "MLP_HIDDEN_LAYERS": 1,
        "MLP_MAX_ITER": 3000,
        "MLP_LEARNING_RATE": 0.0001,
        "MLP_ALPHA": 0.005,
        "VALIDATION_SPLIT": 0.8,
        "TEST_SPLIT": 0.9,
        "SHOW_INFO": true
    }
}