{
    "last_gcn_results": {
        "Rush": {
            "precision": 0.7047075606276747,
            "recall": 0.8085106382978723,
            "f1-score": 0.7530487804878049,
            "support": 611.0
        },
        "Pass": {
            "precision": 0.7754318618042226,
            "recall": 0.6612111292962357,
            "f1-score": 0.7137809187279152,
            "support": 611.0
        },
        "accuracy": 0.734860883797054,
        "macro avg": {
            "precision": 0.7400697112159487,
            "recall": 0.734860883797054,
            "f1-score": 0.7334148496078601,
            "support": 1222.0
        },
        "weighted avg": {
            "precision": 0.7400697112159486,
            "recall": 0.734860883797054,
            "f1-score": 0.73341484960786,
            "support": 1222.0
        },
        "confusion_matrix": [
            [
                494,
                117
            ],
            [
                207,
                404
            ]
        ]
    },
    "best_gcn_results": {
        "Rush": {
            "precision": 0.7047075606276747,
            "recall": 0.8085106382978723,
            "f1-score": 0.7530487804878049,
            "support": 611.0
        },
        "Pass": {
            "precision": 0.7754318618042226,
            "recall": 0.6612111292962357,
            "f1-score": 0.7137809187279152,
            "support": 611.0
        },
        "accuracy": 0.734860883797054,
        "macro avg": {
            "precision": 0.7400697112159487,
            "recall": 0.734860883797054,
            "f1-score": 0.7334148496078601,
            "support": 1222.0
        },
        "weighted avg": {
            "precision": 0.7400697112159486,
            "recall": 0.734860883797054,
            "f1-score": 0.73341484960786,
            "support": 1222.0
        },
        "confusion_matrix": [
            [
                494,
                117
            ],
            [
                207,
                404
            ]
        ]
    },
    "rf_results": {
        "Rush": {
            "precision": 0.7168405365126677,
            "recall": 0.7872340425531915,
            "f1-score": 0.750390015600624,
            "support": 611.0
        },
        "Pass": {
            "precision": 0.764065335753176,
            "recall": 0.6890343698854338,
            "f1-score": 0.7246127366609294,
            "support": 611.0
        },
        "accuracy": 0.7381342062193126,
        "macro avg": {
            "precision": 0.7404529361329218,
            "recall": 0.7381342062193126,
            "f1-score": 0.7375013761307767,
            "support": 1222.0
        },
        "weighted avg": {
            "precision": 0.7404529361329218,
            "recall": 0.7381342062193126,
            "f1-score": 0.7375013761307767,
            "support": 1222.0
        },
        "confusion_matrix": [
            [
                481,
                130
            ],
            [
                190,
                421
            ]
        ]
    },
    "mlp_results": {
        "Rush": {
            "precision": 0.7145110410094637,
            "recall": 0.7414075286415712,
            "f1-score": 0.727710843373494,
            "support": 611.0
        },
        "Pass": {
            "precision": 0.7312925170068028,
            "recall": 0.7037643207855974,
            "f1-score": 0.7172643869891576,
            "support": 611.0
        },
        "accuracy": 0.7225859247135843,
        "macro avg": {
            "precision": 0.7229017790081332,
            "recall": 0.7225859247135843,
            "f1-score": 0.7224876151813258,
            "support": 1222.0
        },
        "weighted avg": {
            "precision": 0.7229017790081332,
            "recall": 0.7225859247135843,
            "f1-score": 0.7224876151813259,
            "support": 1222.0
        },
        "confusion_matrix": [
            [
                453,
                158
            ],
            [
                181,
                430
            ]
        ]
    },
    "config": {
        "RANDOM_SEED": 16,
        "GNN_EPOCHS": 500,
        "GNN_HIDDEN_CHANNELS": 64,
        "GNN_HIDDEN_LAYERS": 2,
        "GNN_LEARNING_RATE": 0.0001,
        "GNN_DROPOUT": 0.5,
        "GNN_WEIGHT_DECAY": 0.005,
        "RF_ESTIMATORS": 100,
        "MLP_HIDDEN_CHANNELS": 32,
        "MLP_HIDDEN_LAYERS": 2,
        "MLP_MAX_ITER": 3000,
        "MLP_LEARNING_RATE": 0.0001,
        "MLP_ALPHA": 5e-05,
        "VALIDATION_SPLIT": 0.8,
        "TEST_SPLIT": 0.9,
        "SHOW_INFO": true
    }
}