{
    "last_gcn_results": {
        "Rush": {
            "precision": 0.7215189873417721,
            "recall": 0.8089519650655022,
            "f1-score": 0.7627380339680906,
            "support": 916.0
        },
        "Pass": {
            "precision": 0.782608695652174,
            "recall": 0.6877729257641921,
            "f1-score": 0.7321324811156305,
            "support": 916.0
        },
        "accuracy": 0.7483624454148472,
        "macro avg": {
            "precision": 0.752063841496973,
            "recall": 0.7483624454148472,
            "f1-score": 0.7474352575418606,
            "support": 1832.0
        },
        "weighted avg": {
            "precision": 0.7520638414969729,
            "recall": 0.7483624454148472,
            "f1-score": 0.7474352575418605,
            "support": 1832.0
        },
        "confusion_matrix": [
            [
                741,
                175
            ],
            [
                286,
                630
            ]
        ]
    },
    "best_gcn_results": {
        "Rush": {
            "precision": 0.7215189873417721,
            "recall": 0.8089519650655022,
            "f1-score": 0.7627380339680906,
            "support": 916.0
        },
        "Pass": {
            "precision": 0.782608695652174,
            "recall": 0.6877729257641921,
            "f1-score": 0.7321324811156305,
            "support": 916.0
        },
        "accuracy": 0.7483624454148472,
        "macro avg": {
            "precision": 0.752063841496973,
            "recall": 0.7483624454148472,
            "f1-score": 0.7474352575418606,
            "support": 1832.0
        },
        "weighted avg": {
            "precision": 0.7520638414969729,
            "recall": 0.7483624454148472,
            "f1-score": 0.7474352575418605,
            "support": 1832.0
        },
        "confusion_matrix": [
            [
                741,
                175
            ],
            [
                286,
                630
            ]
        ]
    },
    "rf_results": {
        "Rush": {
            "precision": 0.7220543806646526,
            "recall": 0.7827510917030568,
            "f1-score": 0.751178627553693,
            "support": 916.0
        },
        "Pass": {
            "precision": 0.7628128724672228,
            "recall": 0.6986899563318777,
            "f1-score": 0.7293447293447294,
            "support": 916.0
        },
        "accuracy": 0.7407205240174672,
        "macro avg": {
            "precision": 0.7424336265659377,
            "recall": 0.7407205240174672,
            "f1-score": 0.7402616784492112,
            "support": 1832.0
        },
        "weighted avg": {
            "precision": 0.7424336265659377,
            "recall": 0.7407205240174672,
            "f1-score": 0.7402616784492113,
            "support": 1832.0
        },
        "confusion_matrix": [
            [
                717,
                199
            ],
            [
                276,
                640
            ]
        ]
    },
    "mlp_results": {
        "Rush": {
            "precision": 0.6659412404787813,
            "recall": 0.6681222707423581,
            "f1-score": 0.6670299727520436,
            "support": 916.0
        },
        "Pass": {
            "precision": 0.6670317634173056,
            "recall": 0.6648471615720524,
            "f1-score": 0.6659376708583926,
            "support": 916.0
        },
        "accuracy": 0.6664847161572053,
        "macro avg": {
            "precision": 0.6664865019480435,
            "recall": 0.6664847161572052,
            "f1-score": 0.666483821805218,
            "support": 1832.0
        },
        "weighted avg": {
            "precision": 0.6664865019480435,
            "recall": 0.6664847161572053,
            "f1-score": 0.6664838218052181,
            "support": 1832.0
        },
        "confusion_matrix": [
            [
                612,
                304
            ],
            [
                307,
                609
            ]
        ]
    },
    "config": {
        "RANDOM_SEED": 1,
        "GNN_EPOCHS": 500,
        "GNN_HIDDEN_CHANNELS": 64,
        "GNN_HIDDEN_LAYERS": 2,
        "GNN_LEARNING_RATE": 0.001,
        "GNN_DROPOUT": 0.2,
        "GNN_WEIGHT_DECAY": 0.0005,
        "RF_ESTIMATORS": 150,
        "MLP_HIDDEN_CHANNELS": 32,
        "MLP_HIDDEN_LAYERS": 2,
        "MLP_MAX_ITER": 3000,
        "MLP_LEARNING_RATE": 0.01,
        "MLP_ALPHA": 0.0005,
        "VALIDATION_SPLIT": 0.7,
        "TEST_SPLIT": 0.85,
        "SHOW_INFO": true
    }
}