{
    "last_gcn_results": {
        "Rush": {
            "precision": 0.6597633136094675,
            "recall": 0.7299509001636661,
            "f1-score": 0.6930846930846931,
            "support": 611.0
        },
        "Pass": {
            "precision": 0.6978021978021978,
            "recall": 0.6235679214402619,
            "f1-score": 0.658599827139153,
            "support": 611.0
        },
        "accuracy": 0.676759410801964,
        "macro avg": {
            "precision": 0.6787827557058326,
            "recall": 0.676759410801964,
            "f1-score": 0.675842260111923,
            "support": 1222.0
        },
        "weighted avg": {
            "precision": 0.6787827557058326,
            "recall": 0.676759410801964,
            "f1-score": 0.675842260111923,
            "support": 1222.0
        },
        "confusion_matrix": [
            [
                446,
                165
            ],
            [
                230,
                381
            ]
        ]
    },
    "best_gcn_results": {
        "Rush": {
            "precision": 0.6597633136094675,
            "recall": 0.7299509001636661,
            "f1-score": 0.6930846930846931,
            "support": 611.0
        },
        "Pass": {
            "precision": 0.6978021978021978,
            "recall": 0.6235679214402619,
            "f1-score": 0.658599827139153,
            "support": 611.0
        },
        "accuracy": 0.676759410801964,
        "macro avg": {
            "precision": 0.6787827557058326,
            "recall": 0.676759410801964,
            "f1-score": 0.675842260111923,
            "support": 1222.0
        },
        "weighted avg": {
            "precision": 0.6787827557058326,
            "recall": 0.676759410801964,
            "f1-score": 0.675842260111923,
            "support": 1222.0
        },
        "confusion_matrix": [
            [
                446,
                165
            ],
            [
                230,
                381
            ]
        ]
    },
    "rf_results": {
        "Rush": {
            "precision": 0.7065868263473054,
            "recall": 0.7725040916530278,
            "f1-score": 0.7380766223612197,
            "support": 611.0
        },
        "Pass": {
            "precision": 0.7490974729241877,
            "recall": 0.679214402618658,
            "f1-score": 0.7124463519313304,
            "support": 611.0
        },
        "accuracy": 0.7258592471358429,
        "macro avg": {
            "precision": 0.7278421496357466,
            "recall": 0.7258592471358429,
            "f1-score": 0.725261487146275,
            "support": 1222.0
        },
        "weighted avg": {
            "precision": 0.7278421496357466,
            "recall": 0.7258592471358429,
            "f1-score": 0.7252614871462751,
            "support": 1222.0
        },
        "confusion_matrix": [
            [
                472,
                139
            ],
            [
                196,
                415
            ]
        ]
    },
    "mlp_results": {
        "Rush": {
            "precision": 0.6774193548387096,
            "recall": 0.6873977086743044,
            "f1-score": 0.6823720552396426,
            "support": 611.0
        },
        "Pass": {
            "precision": 0.6827242524916943,
            "recall": 0.6726677577741408,
            "f1-score": 0.6776586974443528,
            "support": 611.0
        },
        "accuracy": 0.6800327332242226,
        "macro avg": {
            "precision": 0.680071803665202,
            "recall": 0.6800327332242226,
            "f1-score": 0.6800153763419977,
            "support": 1222.0
        },
        "weighted avg": {
            "precision": 0.6800718036652019,
            "recall": 0.6800327332242226,
            "f1-score": 0.6800153763419977,
            "support": 1222.0
        },
        "confusion_matrix": [
            [
                420,
                191
            ],
            [
                200,
                411
            ]
        ]
    },
    "config": {
        "RANDOM_SEED": 24,
        "GNN_EPOCHS": 500,
        "GNN_HIDDEN_CHANNELS": 128,
        "GNN_HIDDEN_LAYERS": 1,
        "GNN_LEARNING_RATE": 0.001,
        "GNN_DROPOUT": 0.3,
        "GNN_WEIGHT_DECAY": 0.005,
        "RF_ESTIMATORS": 50,
        "MLP_HIDDEN_CHANNELS": 128,
        "MLP_HIDDEN_LAYERS": 3,
        "MLP_MAX_ITER": 3000,
        "MLP_LEARNING_RATE": 0.01,
        "MLP_ALPHA": 5e-05,
        "VALIDATION_SPLIT": 0.8,
        "TEST_SPLIT": 0.9,
        "SHOW_INFO": true
    }
}