,edge_type,mean_norm,std_norm,mean_pass_distance,mean_rush_distance,mean_total_distance,percentage
0,all_edges,190.60586513023134,32.49119488356777,4969.517567081221,4354.41503844643,4728.007993047937,4.031420112032345
1,2_closest,40.340777577782376,4.85426954399721,167.22764933510695,150.3409284739069,160.59736483431143,25.119202683930723
2,3_closest,53.65738308891193,6.49565441843677,278.8973435100625,249.91796946563363,267.5190838616183,20.057403873537375
3,5_closest,77.88521520323044,9.612970829043928,548.4222362709286,488.8334711608759,525.0257184402518,14.834552378617206
4,mean_3_closest,105.40489397180272,5.726103869716602,1479.6876410052944,1646.76600909736,1545.2881281267653,6.8210511718340205
5,mean_5_closest,114.06714587401328,9.662376595769185,1585.8577395976033,1719.8054573954084,1638.4500388682272,6.961893446125833
6,5y_3_closest,73.56670296801938,10.799991107191932,495.85407362670134,510.41411647518487,501.5708274726792,14.66726112017083
