{
    "last_gcn_results": {
        "Rush": {
            "precision": 0.5128712871287129,
            "recall": 0.4238952536824877,
            "f1-score": 0.46415770609318996,
            "support": 611.0
        },
        "Pass": {
            "precision": 0.5090655509065551,
            "recall": 0.5973813420621932,
            "f1-score": 0.5496987951807228,
            "support": 611.0
        },
        "accuracy": 0.5106382978723404,
        "macro avg": {
            "precision": 0.510968419017634,
            "recall": 0.5106382978723405,
            "f1-score": 0.5069282506369563,
            "support": 1222.0
        },
        "weighted avg": {
            "precision": 0.510968419017634,
            "recall": 0.5106382978723404,
            "f1-score": 0.5069282506369565,
            "support": 1222.0
        },
        "confusion_matrix": [
            [
                259,
                352
            ],
            [
                246,
                365
            ]
        ]
    },
    "best_gcn_results": {
        "Rush": {
            "precision": 0.5128712871287129,
            "recall": 0.4238952536824877,
            "f1-score": 0.46415770609318996,
            "support": 611.0
        },
        "Pass": {
            "precision": 0.5090655509065551,
            "recall": 0.5973813420621932,
            "f1-score": 0.5496987951807228,
            "support": 611.0
        },
        "accuracy": 0.5106382978723404,
        "macro avg": {
            "precision": 0.510968419017634,
            "recall": 0.5106382978723405,
            "f1-score": 0.5069282506369563,
            "support": 1222.0
        },
        "weighted avg": {
            "precision": 0.510968419017634,
            "recall": 0.5106382978723404,
            "f1-score": 0.5069282506369565,
            "support": 1222.0
        },
        "confusion_matrix": [
            [
                259,
                352
            ],
            [
                246,
                365
            ]
        ]
    },
    "rf_results": {
        "Rush": {
            "precision": 0.7102526002971769,
            "recall": 0.7823240589198036,
            "f1-score": 0.7445482866043613,
            "support": 611.0
        },
        "Pass": {
            "precision": 0.7577413479052824,
            "recall": 0.6808510638297872,
            "f1-score": 0.7172413793103448,
            "support": 611.0
        },
        "accuracy": 0.7315875613747954,
        "macro avg": {
            "precision": 0.7339969741012295,
            "recall": 0.7315875613747954,
            "f1-score": 0.730894832957353,
            "support": 1222.0
        },
        "weighted avg": {
            "precision": 0.7339969741012297,
            "recall": 0.7315875613747954,
            "f1-score": 0.7308948329573531,
            "support": 1222.0
        },
        "confusion_matrix": [
            [
                478,
                133
            ],
            [
                195,
                416
            ]
        ]
    },
    "mlp_results": {
        "Rush": {
            "precision": 0.6869983948635634,
            "recall": 0.7004909983633388,
            "f1-score": 0.6936790923824959,
            "support": 611.0
        },
        "Pass": {
            "precision": 0.6944908180300501,
            "recall": 0.6808510638297872,
            "f1-score": 0.687603305785124,
            "support": 611.0
        },
        "accuracy": 0.690671031096563,
        "macro avg": {
            "precision": 0.6907446064468068,
            "recall": 0.690671031096563,
            "f1-score": 0.6906411990838099,
            "support": 1222.0
        },
        "weighted avg": {
            "precision": 0.6907446064468068,
            "recall": 0.690671031096563,
            "f1-score": 0.6906411990838099,
            "support": 1222.0
        },
        "confusion_matrix": [
            [
                428,
                183
            ],
            [
                195,
                416
            ]
        ]
    },
    "config": {
        "RANDOM_SEED": 23,
        "GNN_EPOCHS": 200,
        "GNN_HIDDEN_CHANNELS": 32,
        "GNN_HIDDEN_LAYERS": 1,
        "GNN_LEARNING_RATE": 1e-05,
        "GNN_DROPOUT": 0.4,
        "GNN_WEIGHT_DECAY": 0.0005,
        "RF_ESTIMATORS": 100,
        "MLP_HIDDEN_CHANNELS": 128,
        "MLP_HIDDEN_LAYERS": 2,
        "MLP_MAX_ITER": 3000,
        "MLP_LEARNING_RATE": 0.01,
        "MLP_ALPHA": 5e-05,
        "VALIDATION_SPLIT": 0.8,
        "TEST_SPLIT": 0.9,
        "SHOW_INFO": true
    }
}