{
    "last_gcn_results": {
        "Rush": {
            "precision": 0.6388888888888888,
            "recall": 0.6779475982532751,
            "f1-score": 0.6578389830508474,
            "support": 916.0
        },
        "Pass": {
            "precision": 0.6569767441860465,
            "recall": 0.6168122270742358,
            "f1-score": 0.6362612612612613,
            "support": 916.0
        },
        "accuracy": 0.6473799126637555,
        "macro avg": {
            "precision": 0.6479328165374676,
            "recall": 0.6473799126637554,
            "f1-score": 0.6470501221560543,
            "support": 1832.0
        },
        "weighted avg": {
            "precision": 0.6479328165374676,
            "recall": 0.6473799126637555,
            "f1-score": 0.6470501221560543,
            "support": 1832.0
        },
        "confusion_matrix": [
            [
                621,
                295
            ],
            [
                351,
                565
            ]
        ]
    },
    "best_gcn_results": {
        "Rush": {
            "precision": 0.6388888888888888,
            "recall": 0.6779475982532751,
            "f1-score": 0.6578389830508474,
            "support": 916.0
        },
        "Pass": {
            "precision": 0.6569767441860465,
            "recall": 0.6168122270742358,
            "f1-score": 0.6362612612612613,
            "support": 916.0
        },
        "accuracy": 0.6473799126637555,
        "macro avg": {
            "precision": 0.6479328165374676,
            "recall": 0.6473799126637554,
            "f1-score": 0.6470501221560543,
            "support": 1832.0
        },
        "weighted avg": {
            "precision": 0.6479328165374676,
            "recall": 0.6473799126637555,
            "f1-score": 0.6470501221560543,
            "support": 1832.0
        },
        "confusion_matrix": [
            [
                621,
                295
            ],
            [
                351,
                565
            ]
        ]
    },
    "rf_results": {
        "Rush": {
            "precision": 0.6956947162426614,
            "recall": 0.7762008733624454,
            "f1-score": 0.7337461300309598,
            "support": 916.0
        },
        "Pass": {
            "precision": 0.7469135802469136,
            "recall": 0.6604803493449781,
            "f1-score": 0.7010428736964078,
            "support": 916.0
        },
        "accuracy": 0.7183406113537117,
        "macro avg": {
            "precision": 0.7213041482447875,
            "recall": 0.7183406113537117,
            "f1-score": 0.7173945018636838,
            "support": 1832.0
        },
        "weighted avg": {
            "precision": 0.7213041482447875,
            "recall": 0.7183406113537117,
            "f1-score": 0.7173945018636838,
            "support": 1832.0
        },
        "confusion_matrix": [
            [
                711,
                205
            ],
            [
                311,
                605
            ]
        ]
    },
    "mlp_results": {
        "Rush": {
            "precision": 0.6478048780487805,
            "recall": 0.7248908296943232,
            "f1-score": 0.6841834106130861,
            "support": 916.0
        },
        "Pass": {
            "precision": 0.6877323420074349,
            "recall": 0.6058951965065502,
            "f1-score": 0.6442251886244922,
            "support": 916.0
        },
        "accuracy": 0.6653930131004366,
        "macro avg": {
            "precision": 0.6677686100281077,
            "recall": 0.6653930131004366,
            "f1-score": 0.6642042996187891,
            "support": 1832.0
        },
        "weighted avg": {
            "precision": 0.6677686100281076,
            "recall": 0.6653930131004366,
            "f1-score": 0.664204299618789,
            "support": 1832.0
        },
        "confusion_matrix": [
            [
                664,
                252
            ],
            [
                361,
                555
            ]
        ]
    },