{
    "last_gcn_results": {
        "Rush": {
            "precision": 0.6843118383060636,
            "recall": 0.7762008733624454,
            "f1-score": 0.7273657289002557,
            "support": 916.0
        },
        "Pass": {
            "precision": 0.8392156862745098,
            "recall": 0.765379113018598,
            "f1-score": 0.8005985783763562,
            "support": 1398.0
        },
        "accuracy": 0.7696629213483146,
        "macro avg": {
            "precision": 0.7617637622902866,
            "recall": 0.7707899931905217,
            "f1-score": 0.763982153638306,
            "support": 2314.0
        },
        "weighted avg": {
            "precision": 0.77789679053592,
            "recall": 0.7696629213483146,
            "f1-score": 0.7716092568032757,
            "support": 2314.0
        },
        "confusion_matrix": [
            [
                711,
                205
            ],
            [
                328,
                1070
            ]
        ]
    },
    "best_gcn_results": {
        "Rush": {
            "precision": 0.6843118383060636,
            "recall": 0.7762008733624454,
            "f1-score": 0.7273657289002557,
            "support": 916.0
        },
        "Pass": {
            "precision": 0.8392156862745098,
            "recall": 0.765379113018598,
            "f1-score": 0.8005985783763562,
            "support": 1398.0
        },
        "accuracy": 0.7696629213483146,
        "macro avg": {
            "precision": 0.7617637622902866,
            "recall": 0.7707899931905217,
            "f1-score": 0.763982153638306,
            "support": 2314.0
        },
        "weighted avg": {
            "precision": 0.77789679053592,
            "recall": 0.7696629213483146,
            "f1-score": 0.7716092568032757,
            "support": 2314.0
        },
        "confusion_matrix": [
            [
                711,
                205
            ],
            [
                328,
                1070
            ]
        ]
    },
    "rf_results": {
        "Rush": {
            "precision": 0.6650887573964497,
            "recall": 0.6135371179039302,
            "f1-score": 0.6382737081203862,
            "support": 916.0
        },
        "Pass": {
            "precision": 0.7590197413206263,
            "recall": 0.7975679542203148,
            "f1-score": 0.7778165329612836,
            "support": 1398.0
        },
        "accuracy": 0.7247191011235955,
        "macro avg": {
            "precision": 0.712054249358538,
            "recall": 0.7055525360621224,
            "f1-score": 0.7080451205408349,
            "support": 2314.0
        },
        "weighted avg": {
            "precision": 0.7218370354975728,
            "recall": 0.7247191011235955,
            "f1-score": 0.7225783188064598,
            "support": 2314.0
        },
        "confusion_matrix": [
            [
                562,
                354
            ],
            [
                283,
                1115
            ]
        ]
    },
    "mlp_results": {
        "Rush": {
            "precision": 0.6137387387387387,
            "recall": 0.5949781659388647,
            "f1-score": 0.6042128603104213,
            "support": 916.0
        },
        "Pass": {
            "precision": 0.7398316970546984,
            "recall": 0.7546494992846924,
            "f1-score": 0.7471671388101983,
            "support": 1398.0
        },
        "accuracy": 0.6914433880726015,
        "macro avg": {
            "precision": 0.6767852178967186,
            "recall": 0.6748138326117785,
            "f1-score": 0.6756899995603098,
            "support": 2314.0
        },
        "weighted avg": {
            "precision": 0.689917630582175,
            "recall": 0.6914433880726015,
            "f1-score": 0.6905784961542796,
            "support": 2314.0
        },
        "confusion_matrix": [
            [
                545,
                371
            ],
            [
                343,
                1055
            ]
        ]
    },