{
    "last_gcn_results": {
        "Rush": {
            "precision": 0.6632124352331606,
            "recall": 0.6986899563318777,
            "f1-score": 0.6804891015417331,
            "support": 916.0
        },
        "Pass": {
            "precision": 0.7954040029651593,
            "recall": 0.7675250357653791,
            "f1-score": 0.7812158718602111,
            "support": 1398.0
        },
        "accuracy": 0.740276577355229,
        "macro avg": {
            "precision": 0.72930821909916,
            "recall": 0.7331074960486283,
            "f1-score": 0.7308524867009721,
            "support": 2314.0
        },
        "weighted avg": {
            "precision": 0.7430757937851632,
            "recall": 0.740276577355229,
            "f1-score": 0.7413430448888516,
            "support": 2314.0
        },
        "confusion_matrix": [
            [
                640,
                276
            ],
            [
                325,
                1073
            ]
        ]
    },
    "best_gcn_results": {
        "Rush": {
            "precision": 0.6632124352331606,
            "recall": 0.6986899563318777,
            "f1-score": 0.6804891015417331,
            "support": 916.0
        },
        "Pass": {
            "precision": 0.7954040029651593,
            "recall": 0.7675250357653791,
            "f1-score": 0.7812158718602111,
            "support": 1398.0
        },
        "accuracy": 0.740276577355229,
        "macro avg": {
            "precision": 0.72930821909916,
            "recall": 0.7331074960486283,
            "f1-score": 0.7308524867009721,
            "support": 2314.0
        },
        "weighted avg": {
            "precision": 0.7430757937851632,
            "recall": 0.740276577355229,
            "f1-score": 0.7413430448888516,
            "support": 2314.0
        },
        "confusion_matrix": [
            [
                640,
                276
            ],
            [
                325,
                1073
            ]
        ]
    },
    "rf_results": {
        "Rush": {
            "precision": 0.6598870056497175,
            "recall": 0.6375545851528385,
            "f1-score": 0.648528595224875,
            "support": 916.0
        },
        "Pass": {
            "precision": 0.7676696990902729,
            "recall": 0.7846924177396281,
            "f1-score": 0.7760877255040679,
            "support": 1398.0
        },
        "accuracy": 0.726447709593777,
        "macro avg": {
            "precision": 0.7137783523699952,
            "recall": 0.7111235014462333,
            "f1-score": 0.7123081603644714,
            "support": 2314.0
        },
        "weighted avg": {
            "precision": 0.7250037754984195,
            "recall": 0.726447709593777,
            "f1-score": 0.7255932728957099,
            "support": 2314.0
        },
        "confusion_matrix": [
            [
                584,
                332
            ],
            [
                301,
                1097
            ]
        ]
    },
    "mlp_results": {
        "Rush": {
            "precision": 0.6244588744588745,
            "recall": 0.6299126637554585,
            "f1-score": 0.6271739130434782,
            "support": 916.0
        },
        "Pass": {
            "precision": 0.7561151079136691,
            "recall": 0.751788268955651,
            "f1-score": 0.7539454806312769,
            "support": 1398.0
        },
        "accuracy": 0.7035436473638721,
        "macro avg": {
            "precision": 0.6902869911862718,
            "recall": 0.6908504663555548,
            "f1-score": 0.6905596968373775,
            "support": 2314.0
        },
        "weighted avg": {
            "precision": 0.7039988115244764,
            "recall": 0.7035436473638721,
            "f1-score": 0.7037627857693824,
            "support": 2314.0
        },
        "confusion_matrix": [
            [
                577,
                339
            ],
            [
                347,
                1051
            ]
        ]
    },