{
    "last_gcn_results": {
        "Rush": {
            "precision": 0.6416243654822334,
            "recall": 0.6899563318777293,
            "f1-score": 0.6649132035770647,
            "support": 916.0
        },
        "Pass": {
            "precision": 0.6646989374262101,
            "recall": 0.6146288209606987,
            "f1-score": 0.6386840612592173,
            "support": 916.0
        },
        "accuracy": 0.652292576419214,
        "macro avg": {
            "precision": 0.6531616514542218,
            "recall": 0.652292576419214,
            "f1-score": 0.6517986324181411,
            "support": 1832.0
        },
        "weighted avg": {
            "precision": 0.6531616514542218,
            "recall": 0.652292576419214,
            "f1-score": 0.6517986324181411,
            "support": 1832.0
        },
        "confusion_matrix": [
            [
                632,
                284
            ],
            [
                353,
                563
            ]
        ]
    },
    "best_gcn_results": {
        "Rush": {
            "precision": 0.6416243654822334,
            "recall": 0.6899563318777293,
            "f1-score": 0.6649132035770647,
            "support": 916.0
        },
        "Pass": {
            "precision": 0.6646989374262101,
            "recall": 0.6146288209606987,
            "f1-score": 0.6386840612592173,
            "support": 916.0
        },
        "accuracy": 0.652292576419214,
        "macro avg": {
            "precision": 0.6531616514542218,
            "recall": 0.652292576419214,
            "f1-score": 0.6517986324181411,
            "support": 1832.0
        },
        "weighted avg": {
            "precision": 0.6531616514542218,
            "recall": 0.652292576419214,
            "f1-score": 0.6517986324181411,
            "support": 1832.0
        },
        "confusion_matrix": [
            [
                632,
                284
            ],
            [
                353,
                563
            ]
        ]
    },
    "rf_results": {
        "Rush": {
            "precision": 0.6906614785992218,
            "recall": 0.7751091703056768,
            "f1-score": 0.7304526748971193,
            "support": 916.0
        },
        "Pass": {
            "precision": 0.7437810945273632,
            "recall": 0.6528384279475983,
            "f1-score": 0.6953488372093023,
            "support": 916.0
        },
        "accuracy": 0.7139737991266376,
        "macro avg": {
            "precision": 0.7172212865632925,
            "recall": 0.7139737991266375,
            "f1-score": 0.7129007560532108,
            "support": 1832.0
        },
        "weighted avg": {
            "precision": 0.7172212865632925,
            "recall": 0.7139737991266376,
            "f1-score": 0.7129007560532107,
            "support": 1832.0
        },
        "confusion_matrix": [
            [
                710,
                206
            ],
            [
                318,
                598
            ]
        ]
    },
    "mlp_results": {
        "Rush": {
            "precision": 0.6419386745796242,
            "recall": 0.7085152838427947,
            "f1-score": 0.6735858847950181,
            "support": 916.0
        },
        "Pass": {
            "precision": 0.6747868453105969,
            "recall": 0.6048034934497817,
            "f1-score": 0.6378814047207829,
            "support": 916.0
        },
        "accuracy": 0.6566593886462883,
        "macro avg": {
            "precision": 0.6583627599451105,
            "recall": 0.6566593886462881,
            "f1-score": 0.6557336447579005,
            "support": 1832.0
        },
        "weighted avg": {
            "precision": 0.6583627599451105,
            "recall": 0.6566593886462883,
            "f1-score": 0.6557336447579006,
            "support": 1832.0
        },
        "confusion_matrix": [
            [
                649,
                267
            ],
            [
                362,
                554
            ]
        ]
    },