{
    "last_gcn_results": {
        "Rush": {
            "precision": 0.7090395480225988,
            "recall": 0.8220524017467249,
            "f1-score": 0.7613751263902933,
            "support": 916.0
        },
        "Pass": {
            "precision": 0.8698083067092651,
            "recall": 0.778969957081545,
            "f1-score": 0.8218867924528301,
            "support": 1398.0
        },
        "accuracy": 0.7960242005185826,
        "macro avg": {
            "precision": 0.789423927365932,
            "recall": 0.800511179414135,
            "f1-score": 0.7916309594215617,
            "support": 2314.0
        },
        "weighted avg": {
            "precision": 0.8061677782058139,
            "recall": 0.7960242005185826,
            "f1-score": 0.7979331683762165,
            "support": 2314.0
        },
        "confusion_matrix": [
            [
                753,
                163
            ],
            [
                309,
                1089
            ]
        ]
    },
    "best_gcn_results": {
        "Rush": {
            "precision": 0.7090395480225988,
            "recall": 0.8220524017467249,
            "f1-score": 0.7613751263902933,
            "support": 916.0
        },
        "Pass": {
            "precision": 0.8698083067092651,
            "recall": 0.778969957081545,
            "f1-score": 0.8218867924528301,
            "support": 1398.0
        },
        "accuracy": 0.7960242005185826,
        "macro avg": {
            "precision": 0.789423927365932,
            "recall": 0.800511179414135,
            "f1-score": 0.7916309594215617,
            "support": 2314.0
        },
        "weighted avg": {
            "precision": 0.8061677782058139,
            "recall": 0.7960242005185826,
            "f1-score": 0.7979331683762165,
            "support": 2314.0
        },
        "confusion_matrix": [
            [
                753,
                163
            ],
            [
                309,
                1089
            ]
        ]
    },
    "rf_results": {
        "Rush": {
            "precision": 0.6766666666666666,
            "recall": 0.6648471615720524,
            "f1-score": 0.670704845814978,
            "support": 916.0
        },
        "Pass": {
            "precision": 0.7828854314002829,
            "recall": 0.7918454935622318,
            "f1-score": 0.7873399715504978,
            "support": 1398.0
        },
        "accuracy": 0.7415730337078652,
        "macro avg": {
            "precision": 0.7297760490334748,
            "recall": 0.728346327567142,
            "f1-score": 0.7290224086827379,
            "support": 2314.0
        },
        "weighted avg": {
            "precision": 0.7408385910822222,
            "recall": 0.7415730337078652,
            "f1-score": 0.741169800775331,
            "support": 2314.0
        },
        "confusion_matrix": [
            [
                609,
                307
            ],
            [
                291,
                1107
            ]
        ]
    },
    "mlp_results": {
        "Rush": {
            "precision": 0.603411513859275,
            "recall": 0.6179039301310044,
            "f1-score": 0.6105717367853291,
            "support": 916.0
        },
        "Pass": {
            "precision": 0.7456395348837209,
            "recall": 0.7339055793991416,
            "f1-score": 0.7397260273972602,
            "support": 1398.0
        },
        "accuracy": 0.6879861711322386,
        "macro avg": {
            "precision": 0.674525524371498,
            "recall": 0.675904754765073,
            "f1-score": 0.6751488820912946,
            "support": 2314.0
        },
        "weighted avg": {
            "precision": 0.6893383822223585,
            "recall": 0.6879861711322386,
            "f1-score": 0.6886001284341968,
            "support": 2314.0
        },
        "confusion_matrix": [
            [
                566,
                350
            ],
            [
                372,
                1026
            ]
        ]
    },