{
    "last_gcn_results": {
        "Rush": {
            "precision": 0.6180159635119726,
            "recall": 0.5917030567685589,
            "f1-score": 0.6045733407696597,
            "support": 916.0
        },
        "Pass": {
            "precision": 0.7397355601948504,
            "recall": 0.7603719599427754,
            "f1-score": 0.7499118165784833,
            "support": 1398.0
        },
        "accuracy": 0.6936041486603285,
        "macro avg": {
            "precision": 0.6788757618534116,
            "recall": 0.6760375083556671,
            "f1-score": 0.6772425786740714,
            "support": 2314.0
        },
        "weighted avg": {
            "precision": 0.6915526947836508,
            "recall": 0.6936041486603285,
            "f1-score": 0.6923793862237372,
            "support": 2314.0
        },
        "confusion_matrix": [
            [
                542,
                374
            ],
            [
                335,
                1063
            ]
        ]
    },
    "best_gcn_results": {
        "Rush": {
            "precision": 0.6180159635119726,
            "recall": 0.5917030567685589,
            "f1-score": 0.6045733407696597,
            "support": 916.0
        },
        "Pass": {
            "precision": 0.7397355601948504,
            "recall": 0.7603719599427754,
            "f1-score": 0.7499118165784833,
            "support": 1398.0
        },
        "accuracy": 0.6936041486603285,
        "macro avg": {
            "precision": 0.6788757618534116,
            "recall": 0.6760375083556671,
            "f1-score": 0.6772425786740714,
            "support": 2314.0
        },
        "weighted avg": {
            "precision": 0.6915526947836508,
            "recall": 0.6936041486603285,
            "f1-score": 0.6923793862237372,
            "support": 2314.0
        },
        "confusion_matrix": [
            [
                542,
                374
            ],
            [
                335,
                1063
            ]
        ]
    },
    "rf_results": {
        "Rush": {
            "precision": 0.6614832535885168,
            "recall": 0.6037117903930131,
            "f1-score": 0.6312785388127854,
            "support": 916.0
        },
        "Pass": {
            "precision": 0.7543978349120433,
            "recall": 0.7975679542203148,
            "f1-score": 0.7753824756606398,
            "support": 1398.0
        },
        "accuracy": 0.7208297320656871,
        "macro avg": {
            "precision": 0.70794054425028,
            "recall": 0.700639872306664,
            "f1-score": 0.7033305072367126,
            "support": 2314.0
        },
        "weighted avg": {
            "precision": 0.7176174734201028,
            "recall": 0.7208297320656871,
            "f1-score": 0.7183387392074702,
            "support": 2314.0
        },
        "confusion_matrix": [
            [
                553,
                363
            ],
            [
                283,
                1115
            ]
        ]
    },
    "mlp_results": {
        "Rush": {
            "precision": 0.5954118873826904,
            "recall": 0.6233624454148472,
            "f1-score": 0.6090666666666666,
            "support": 916.0
        },
        "Pass": {
            "precision": 0.7453874538745388,
            "recall": 0.7224606580829757,
            "f1-score": 0.7337450054486016,
            "support": 1398.0
        },
        "accuracy": 0.6832324978392394,
        "macro avg": {
            "precision": 0.6703996706286146,
            "recall": 0.6729115517489115,
            "f1-score": 0.671405836057634,
            "support": 2314.0
        },
        "weighted avg": {
            "precision": 0.6860194249607388,
            "recall": 0.6832324978392394,
            "f1-score": 0.6843909180137475,
            "support": 2314.0
        },
        "confusion_matrix": [
            [
                571,
                345
            ],
            [
                388,
                1010
            ]
        ]
    },