{
    "last_gcn_results": {
        "Rush": {
            "precision": 0.6914600550964187,
            "recall": 0.8220524017467249,
            "f1-score": 0.7511221945137158,
            "support": 916.0
        },
        "Pass": {
            "precision": 0.7806191117092867,
            "recall": 0.6331877729257642,
            "f1-score": 0.6992163954189271,
            "support": 916.0
        },
        "accuracy": 0.7276200873362445,
        "macro avg": {
            "precision": 0.7360395834028527,
            "recall": 0.7276200873362446,
            "f1-score": 0.7251692949663214,
            "support": 1832.0
        },
        "weighted avg": {
            "precision": 0.7360395834028527,
            "recall": 0.7276200873362445,
            "f1-score": 0.7251692949663215,
            "support": 1832.0
        },
        "confusion_matrix": [
            [
                753,
                163
            ],
            [
                336,
                580
            ]
        ]
    },
    "best_gcn_results": {
        "Rush": {
            "precision": 0.6914600550964187,
            "recall": 0.8220524017467249,
            "f1-score": 0.7511221945137158,
            "support": 916.0
        },
        "Pass": {
            "precision": 0.7806191117092867,
            "recall": 0.6331877729257642,
            "f1-score": 0.6992163954189271,
            "support": 916.0
        },
        "accuracy": 0.7276200873362445,
        "macro avg": {
            "precision": 0.7360395834028527,
            "recall": 0.7276200873362446,
            "f1-score": 0.7251692949663214,
            "support": 1832.0
        },
        "weighted avg": {
            "precision": 0.7360395834028527,
            "recall": 0.7276200873362445,
            "f1-score": 0.7251692949663215,
            "support": 1832.0
        },
        "confusion_matrix": [
            [
                753,
                163
            ],
            [
                336,
                580
            ]
        ]
    },
    "rf_results": {
        "Rush": {
            "precision": 0.6915615906886518,
            "recall": 0.7783842794759825,
            "f1-score": 0.7324088341037494,
            "support": 916.0
        },
        "Pass": {
            "precision": 0.7465667915106118,
            "recall": 0.6528384279475983,
            "f1-score": 0.6965637740244612,
            "support": 916.0
        },
        "accuracy": 0.7156113537117904,
        "macro avg": {
            "precision": 0.7190641910996318,
            "recall": 0.7156113537117904,
            "f1-score": 0.7144863040641053,
            "support": 1832.0
        },
        "weighted avg": {
            "precision": 0.7190641910996318,
            "recall": 0.7156113537117904,
            "f1-score": 0.7144863040641053,
            "support": 1832.0
        },
        "confusion_matrix": [
            [
                713,
                203
            ],
            [
                318,
                598
            ]
        ]
    },
    "mlp_results": {
        "Rush": {
            "precision": 0.6620320855614973,
            "recall": 0.675764192139738,
            "f1-score": 0.668827660723933,
            "support": 916.0
        },
        "Pass": {
            "precision": 0.6688963210702341,
            "recall": 0.6550218340611353,
            "f1-score": 0.6618863761720905,
            "support": 916.0
        },
        "accuracy": 0.6653930131004366,
        "macro avg": {
            "precision": 0.6654642033158658,
            "recall": 0.6653930131004366,
            "f1-score": 0.6653570184480118,
            "support": 1832.0
        },
        "weighted avg": {
            "precision": 0.6654642033158656,
            "recall": 0.6653930131004366,
            "f1-score": 0.6653570184480117,
            "support": 1832.0
        },
        "confusion_matrix": [
            [
                619,
                297
            ],
            [
                316,
                600
            ]
        ]
    },