{
    "last_gcn_results": {
        "Rush": {
            "precision": 0.6697435897435897,
            "recall": 0.712882096069869,
            "f1-score": 0.6906398730830249,
            "support": 916.0
        },
        "Pass": {
            "precision": 0.8035847647498133,
            "recall": 0.7696709585121603,
            "f1-score": 0.7862623310193643,
            "support": 1398.0
        },
        "accuracy": 0.7471910112359551,
        "macro avg": {
            "precision": 0.7366641772467015,
            "recall": 0.7412765272910147,
            "f1-score": 0.7384511020511946,
            "support": 2314.0
        },
        "weighted avg": {
            "precision": 0.7506035563203834,
            "recall": 0.7471910112359551,
            "f1-score": 0.7484100529425765,
            "support": 2314.0
        },
        "confusion_matrix": [
            [
                653,
                263
            ],
            [
                322,
                1076
            ]
        ]
    },
    "best_gcn_results": {
        "Rush": {
            "precision": 0.6697435897435897,
            "recall": 0.712882096069869,
            "f1-score": 0.6906398730830249,
            "support": 916.0
        },
        "Pass": {
            "precision": 0.8035847647498133,
            "recall": 0.7696709585121603,
            "f1-score": 0.7862623310193643,
            "support": 1398.0
        },
        "accuracy": 0.7471910112359551,
        "macro avg": {
            "precision": 0.7366641772467015,
            "recall": 0.7412765272910147,
            "f1-score": 0.7384511020511946,
            "support": 2314.0
        },
        "weighted avg": {
            "precision": 0.7506035563203834,
            "recall": 0.7471910112359551,
            "f1-score": 0.7484100529425765,
            "support": 2314.0
        },
        "confusion_matrix": [
            [
                653,
                263
            ],
            [
                322,
                1076
            ]
        ]
    },
    "rf_results": {
        "Rush": {
            "precision": 0.6587112171837709,
            "recall": 0.6026200873362445,
            "f1-score": 0.629418472063854,
            "support": 916.0
        },
        "Pass": {
            "precision": 0.7533875338753387,
            "recall": 0.7954220314735336,
            "f1-score": 0.7738343771746694,
            "support": 1398.0
        },
        "accuracy": 0.7191011235955056,
        "macro avg": {
            "precision": 0.7060493755295548,
            "recall": 0.6990210594048891,
            "f1-score": 0.7016264246192617,
            "support": 2314.0
        },
        "weighted avg": {
            "precision": 0.7159097870778124,
            "recall": 0.7191011235955056,
            "f1-score": 0.7166671476666716,
            "support": 2314.0
        },
        "confusion_matrix": [
            [
                552,
                364
            ],
            [
                286,
                1112
            ]
        ]
    },
    "mlp_results": {
        "Rush": {
            "precision": 0.5838509316770186,
            "recall": 0.6157205240174672,
            "f1-score": 0.5993623804463337,
            "support": 916.0
        },
        "Pass": {
            "precision": 0.7388724035608308,
            "recall": 0.7124463519313304,
            "f1-score": 0.7254187909686817,
            "support": 1398.0
        },
        "accuracy": 0.6741573033707865,
        "macro avg": {
            "precision": 0.6613616676189247,
            "recall": 0.6640834379743988,
            "f1-score": 0.6623905857075076,
            "support": 2314.0
        },
        "weighted avg": {
            "precision": 0.677506946237766,
            "recall": 0.6741573033707865,
            "f1-score": 0.6755191919892215,
            "support": 2314.0
        },
        "confusion_matrix": [
            [
                564,
                352
            ],
            [
                402,
                996
            ]
        ]
    },