{
    "last_gcn_results": {
        "Rush": {
            "precision": 0.73068669527897,
            "recall": 0.7434497816593887,
            "f1-score": 0.737012987012987,
            "support": 916.0
        },
        "Pass": {
            "precision": 0.8299565846599132,
            "recall": 0.8204577968526466,
            "f1-score": 0.8251798561151079,
            "support": 1398.0
        },
        "accuracy": 0.7899740708729472,
        "macro avg": {
            "precision": 0.7803216399694416,
            "recall": 0.7819537892560177,
            "f1-score": 0.7810964215640475,
            "support": 2314.0
        },
        "weighted avg": {
            "precision": 0.7906604659594187,
            "recall": 0.7899740708729472,
            "f1-score": 0.7902788828663858,
            "support": 2314.0
        },
        "confusion_matrix": [
            [
                681,
                235
            ],
            [
                251,
                1147
            ]
        ]
    },
    "best_gcn_results": {
        "Rush": {
            "precision": 0.73068669527897,
            "recall": 0.7434497816593887,
            "f1-score": 0.737012987012987,
            "support": 916.0
        },
        "Pass": {
            "precision": 0.8299565846599132,
            "recall": 0.8204577968526466,
            "f1-score": 0.8251798561151079,
            "support": 1398.0
        },
        "accuracy": 0.7899740708729472,
        "macro avg": {
            "precision": 0.7803216399694416,
            "recall": 0.7819537892560177,
            "f1-score": 0.7810964215640475,
            "support": 2314.0
        },
        "weighted avg": {
            "precision": 0.7906604659594187,
            "recall": 0.7899740708729472,
            "f1-score": 0.7902788828663858,
            "support": 2314.0
        },
        "confusion_matrix": [
            [
                681,
                235
            ],
            [
                251,
                1147
            ]
        ]
    },
    "rf_results": {
        "Rush": {
            "precision": 0.6845039018952063,
            "recall": 0.6703056768558951,
            "f1-score": 0.6773303916161059,
            "support": 916.0
        },
        "Pass": {
            "precision": 0.7868736767819337,
            "recall": 0.7975679542203148,
            "f1-score": 0.7921847246891652,
            "support": 1398.0
        },
        "accuracy": 0.7471910112359551,
        "macro avg": {
            "precision": 0.73568878933857,
            "recall": 0.733936815538105,
            "f1-score": 0.7347575581526355,
            "support": 2314.0
        },
        "weighted avg": {
            "precision": 0.7463504642511462,
            "recall": 0.7471910112359551,
            "f1-score": 0.7467194830751106,
            "support": 2314.0
        },
        "confusion_matrix": [
            [
                614,
                302
            ],
            [
                283,
                1115
            ]
        ]
    },
    "mlp_results": {
        "Rush": {
            "precision": 0.6365663322185061,
            "recall": 0.6233624454148472,
            "f1-score": 0.6298952013237727,
            "support": 916.0
        },
        "Pass": {
            "precision": 0.7565278757939309,
            "recall": 0.7668097281831188,
            "f1-score": 0.7616341030195382,
            "support": 1398.0
        },
        "accuracy": 0.7100259291270528,
        "macro avg": {
            "precision": 0.6965471040062186,
            "recall": 0.695086086798983,
            "f1-score": 0.6957646521716554,
            "support": 2314.0
        },
        "weighted avg": {
            "precision": 0.7090409380605303,
            "recall": 0.7100259291270528,
            "f1-score": 0.7094850822964088,
            "support": 2314.0
        },
        "confusion_matrix": [
            [
                571,
                345
            ],
            [
                326,
                1072
            ]
        ]
    },