{
    "last_gcn_results": {
        "Rush": {
            "precision": 0.7352941176470589,
            "recall": 0.7641921397379913,
            "f1-score": 0.7494646680942184,
            "support": 916.0
        },
        "Pass": {
            "precision": 0.8414096916299559,
            "recall": 0.8197424892703863,
            "f1-score": 0.8304347826086956,
            "support": 1398.0
        },
        "accuracy": 0.797752808988764,
        "macro avg": {
            "precision": 0.7883519046385075,
            "recall": 0.7919673145041888,
            "f1-score": 0.789949725351457,
            "support": 2314.0
        },
        "weighted avg": {
            "precision": 0.7994036995088091,
            "recall": 0.797752808988764,
            "f1-score": 0.7983826543047798,
            "support": 2314.0
        },
        "confusion_matrix": [
            [
                700,
                216
            ],
            [
                252,
                1146
            ]
        ]
    },
    "best_gcn_results": {
        "Rush": {
            "precision": 0.7352941176470589,
            "recall": 0.7641921397379913,
            "f1-score": 0.7494646680942184,
            "support": 916.0
        },
        "Pass": {
            "precision": 0.8414096916299559,
            "recall": 0.8197424892703863,
            "f1-score": 0.8304347826086956,
            "support": 1398.0
        },
        "accuracy": 0.797752808988764,
        "macro avg": {
            "precision": 0.7883519046385075,
            "recall": 0.7919673145041888,
            "f1-score": 0.789949725351457,
            "support": 2314.0
        },
        "weighted avg": {
            "precision": 0.7994036995088091,
            "recall": 0.797752808988764,
            "f1-score": 0.7983826543047798,
            "support": 2314.0
        },
        "confusion_matrix": [
            [
                700,
                216
            ],
            [
                252,
                1146
            ]
        ]
    },
    "rf_results": {
        "Rush": {
            "precision": 0.6758849557522124,
            "recall": 0.6670305676855895,
            "f1-score": 0.6714285714285714,
            "support": 916.0
        },
        "Pass": {
            "precision": 0.7836879432624113,
            "recall": 0.790414878397711,
            "f1-score": 0.7870370370370371,
            "support": 1398.0
        },
        "accuracy": 0.7415730337078652,
        "macro avg": {
            "precision": 0.7297864495073119,
            "recall": 0.7287227230416502,
            "f1-score": 0.7292328042328042,
            "support": 2314.0
        },
        "weighted avg": {
            "precision": 0.7410139862359022,
            "recall": 0.7415730337078652,
            "f1-score": 0.741273271048552,
            "support": 2314.0
        },
        "confusion_matrix": [
            [
                611,
                305
            ],
            [
                293,
                1105
            ]
        ]
    },
    "mlp_results": {
        "Rush": {
            "precision": 0.6068883610451307,
            "recall": 0.5578602620087336,
            "f1-score": 0.5813424345847554,
            "support": 916.0
        },
        "Pass": {
            "precision": 0.7248641304347826,
            "recall": 0.7632331902718169,
            "f1-score": 0.7435540069686412,
            "support": 1398.0
        },
        "accuracy": 0.6819360414866033,
        "macro avg": {
            "precision": 0.6658762457399566,
            "recall": 0.6605467261402753,
            "f1-score": 0.6624482207766983,
            "support": 2314.0
        },
        "weighted avg": {
            "precision": 0.6781632640731053,
            "recall": 0.6819360414866033,
            "f1-score": 0.679342338730249,
            "support": 2314.0
        },
        "confusion_matrix": [
            [
                511,
                405
            ],
            [
                331,
                1067
            ]
        ]
    },