{
    "last_gcn_results": {
        "Rush": {
            "precision": 0.7043795620437956,
            "recall": 0.8427947598253275,
            "f1-score": 0.7673956262425448,
            "support": 916.0
        },
        "Pass": {
            "precision": 0.8817733990147784,
            "recall": 0.7682403433476395,
            "f1-score": 0.8211009174311926,
            "support": 1398.0
        },
        "accuracy": 0.797752808988764,
        "macro avg": {
            "precision": 0.7930764805292869,
            "recall": 0.8055175515864834,
            "f1-score": 0.7942482718368686,
            "support": 2314.0
        },
        "weighted avg": {
            "precision": 0.8115518110003357,
            "recall": 0.797752808988764,
            "f1-score": 0.7998416059667148,
            "support": 2314.0
        },
        "confusion_matrix": [
            [
                772,
                144
            ],
            [
                324,
                1074
            ]
        ]
    },
    "best_gcn_results": {
        "Rush": {
            "precision": 0.7043795620437956,
            "recall": 0.8427947598253275,
            "f1-score": 0.7673956262425448,
            "support": 916.0
        },
        "Pass": {
            "precision": 0.8817733990147784,
            "recall": 0.7682403433476395,
            "f1-score": 0.8211009174311926,
            "support": 1398.0
        },
        "accuracy": 0.797752808988764,
        "macro avg": {
            "precision": 0.7930764805292869,
            "recall": 0.8055175515864834,
            "f1-score": 0.7942482718368686,
            "support": 2314.0
        },
        "weighted avg": {
            "precision": 0.8115518110003357,
            "recall": 0.797752808988764,
            "f1-score": 0.7998416059667148,
            "support": 2314.0
        },
        "confusion_matrix": [
            [
                772,
                144
            ],
            [
                324,
                1074
            ]
        ]
    },
    "rf_results": {
        "Rush": {
            "precision": 0.6708715596330275,
            "recall": 0.638646288209607,
            "f1-score": 0.6543624161073825,
            "support": 916.0
        },
        "Pass": {
            "precision": 0.7704576976421637,
            "recall": 0.7947067238912733,
            "f1-score": 0.782394366197183,
            "support": 1398.0
        },
        "accuracy": 0.7329299913569577,
        "macro avg": {
            "precision": 0.7206646286375955,
            "recall": 0.7166765060504401,
            "f1-score": 0.7183783911522827,
            "support": 2314.0
        },
        "weighted avg": {
            "precision": 0.7310363914985298,
            "recall": 0.7329299913569577,
            "f1-score": 0.7317127472333728,
            "support": 2314.0
        },
        "confusion_matrix": [
            [
                585,
                331
            ],
            [
                287,
                1111
            ]
        ]
    },
    "mlp_results": {
        "Rush": {
            "precision": 0.6227477477477478,
            "recall": 0.6037117903930131,
            "f1-score": 0.6130820399113082,
            "support": 916.0
        },
        "Pass": {
            "precision": 0.7454417952314165,
            "recall": 0.7603719599427754,
            "f1-score": 0.7528328611898017,
            "support": 1398.0
        },
        "accuracy": 0.6983578219533275,
        "macro avg": {
            "precision": 0.6840947714895822,
            "recall": 0.6820418751678943,
            "f1-score": 0.6829574505505549,
            "support": 2314.0
        },
        "weighted avg": {
            "precision": 0.6968731921652797,
            "recall": 0.6983578219533275,
            "f1-score": 0.6975123113665087,
            "support": 2314.0
        },
        "confusion_matrix": [
            [
                553,
                363
            ],
            [
                335,
                1063
            ]
        ]
    },