{
    "last_gcn_results": {
        "Rush": {
            "precision": 0.5658135283363802,
            "recall": 0.675764192139738,
            "f1-score": 0.6159203980099502,
            "support": 916.0
        },
        "Pass": {
            "precision": 0.7565573770491804,
            "recall": 0.6602288984263234,
            "f1-score": 0.7051184110007639,
            "support": 1398.0
        },
        "accuracy": 0.6663785652549697,
        "macro avg": {
            "precision": 0.6611854526927803,
            "recall": 0.6679965452830308,
            "f1-score": 0.6605194045053571,
            "support": 2314.0
        },
        "weighted avg": {
            "precision": 0.6810511690021082,
            "recall": 0.6663785652549697,
            "f1-score": 0.6698092580623087,
            "support": 2314.0
        },
        "confusion_matrix": [
            [
                619,
                297
            ],
            [
                475,
                923
            ]
        ]
    },
    "best_gcn_results": {
        "Rush": {
            "precision": 0.5658135283363802,
            "recall": 0.675764192139738,
            "f1-score": 0.6159203980099502,
            "support": 916.0
        },
        "Pass": {
            "precision": 0.7565573770491804,
            "recall": 0.6602288984263234,
            "f1-score": 0.7051184110007639,
            "support": 1398.0
        },
        "accuracy": 0.6663785652549697,
        "macro avg": {
            "precision": 0.6611854526927803,
            "recall": 0.6679965452830308,
            "f1-score": 0.6605194045053571,
            "support": 2314.0
        },
        "weighted avg": {
            "precision": 0.6810511690021082,
            "recall": 0.6663785652549697,
            "f1-score": 0.6698092580623087,
            "support": 2314.0
        },
        "confusion_matrix": [
            [
                619,
                297
            ],
            [
                475,
                923
            ]
        ]
    },
    "rf_results": {
        "Rush": {
            "precision": 0.6618876941457587,
            "recall": 0.6048034934497817,
            "f1-score": 0.6320593268682259,
            "support": 916.0
        },
        "Pass": {
            "precision": 0.7549085985104943,
            "recall": 0.7975679542203148,
            "f1-score": 0.7756521739130435,
            "support": 1398.0
        },
        "accuracy": 0.7212618841832324,
        "macro avg": {
            "precision": 0.7083981463281265,
            "recall": 0.7011857238350483,
            "f1-score": 0.7038557503906346,
            "support": 2314.0
        },
        "weighted avg": {
            "precision": 0.7180861489002532,
            "recall": 0.7212618841832324,
            "f1-score": 0.7188107530430985,
            "support": 2314.0
        },
        "confusion_matrix": [
            [
                554,
                362
            ],
            [
                283,
                1115
            ]
        ]
    },
    "mlp_results": {
        "Rush": {
            "precision": 0.5873180873180873,
            "recall": 0.6168122270742358,
            "f1-score": 0.6017039403620873,
            "support": 916.0
        },
        "Pass": {
            "precision": 0.7403846153846154,
            "recall": 0.7160228898426323,
            "f1-score": 0.728,
            "support": 1398.0
        },
        "accuracy": 0.6767502160760588,
        "macro avg": {
            "precision": 0.6638513513513513,
            "recall": 0.666417558458434,
            "f1-score": 0.6648519701810436,
            "support": 2314.0
        },
        "weighted avg": {
            "precision": 0.6797930251906051,
            "recall": 0.6767502160760588,
            "f1-score": 0.6780055355970924,
            "support": 2314.0
        },
        "confusion_matrix": [
            [
                565,
                351
            ],
            [
                397,
                1001
            ]
        ]
    },
    "train_losses": [
        0.6111317520686322,
        0.42190057361657257,
        0.32152446262354667,
        0.2126769105473002,
        0.14449417260961067,
        0.08678823639850294,
        0.04762661126927863,
        0.029491313939897183,
        0.025035763524508176,
        0.022429869088297125,
        0.022335114364549744,
        0.02191852406473296,
        0.021442951757842874,
        0.02142364279319073,
        0.021338006393675266,
        0.021090288329361735,
        0.021406570563116203,
        0.02120563543910642,
        0.02103808647314226,
        0.021233559970162432,
        0.021078906834048144,
        0.021103826888656783,
        0.020975935954337818,
        0.020782799444277016,
        0.02098700467356868,
        0.020813764276467375,
        0.020997115927101573,
        0.02077371346285105,
        0.020652494483157084,
        0.020942767762044248,
        0.020582430332267195,
        0.02058737195966977,
        0.020451784804495627,
        0.02044362704096703,
        0.020500942839012163,
        0.02049190935661451,
        0.02041864144962002,
        0.02029017882912461,
        0.020122318828018234,
        0.02041777892321129,
        0.02022634959231203,
        0.01994285106091518,
        0.02020936783956068,
        0.020101572104420616,
        0.019792146094172406,
        0.020103823217877265,
        0.019729364619838992,
        0.01980534354518988,
        0.019678372098274017,
        0.019710612304795618,
        0.019390370720962793,
        0.019341571307295795,
        0.019411543729964502,
        0.01959295675951596,
        0.019191961018155013,
        0.019045583049439083,
        0.019198998209203493,
        0.01924211091161651,
        0.01901583931292357,
        0.019373392192175355,
        0.018775097906512134,
        0.01872624113207924,
        0.01878747177660491,
        0.018442172539383753,
        0.018557517766333513,
        0.018443065809512334,
        0.01829177183745899,
        0.018446198058097406,
        0.018014139024688278,
        0.018375127037486592,
        0.018072407465381368,
        0.018373479875637203,
        0.01812871634212215,
        0.017972925494935593,
        0.017848078072819035,
        0.017810891415844847,
        0.017979886368310386,
        0.01817612769747131,
        0.018066601480358557,
        0.018020059215408647,
        0.01789513690705838,
        0.01745140803989937,
        0.017386403939054416,
        0.01738352585488818,
        0.01775045465308833,
        0.01742632111291873,
        0.01734214660049465,
        0.017198455586468486,
        0.017433209356834546,
        0.017430584753606804,
        0.01721391834927967,
        0.01743088950846733,
        0.017166207951934034,
        0.01715765030081785,
        0.017048724953202858,
        0.01682545094457038,
        0.017203295684799596,
        0.01707998614505172,
        0.01685247637657106,
        0.01695006068317161,
        0.01694613328902353,
        0.01638979458643832,
        0.01697019134595352,
        0.01720455474587345,
        0.016777619094056312,
        0.01690337327536645,
        0.01686662551594317,
        0.016842045151067988,
        0.0167389832653044,
        0.016736540532328772,
        0.016794604148146704,
        0.01678282416444586,
        0.01607808737670225,
        0.016528563445803925,
        0.016342088483412613,
        0.01641448245116613,
        0.016136421857072078,
        0.01598967461552985,
        0.016841580307055532,
        0.016190378981098784,
        0.016416472191420638,
        0.01593429681956639,
        0.016428862632687915,
        0.015973665300564866,
        0.015859332591720805,
        0.016403503822382783,
        0.015883062371749582,
        0.015904859153288674
    ],