{
    "last_gcn_results": {
        "Rush": {
            "precision": 0.5682023486901535,
            "recall": 0.6866812227074236,
            "f1-score": 0.6218487394957983,
            "support": 916.0
        },
        "Pass": {
            "precision": 0.7622203811101905,
            "recall": 0.6580829756795422,
            "f1-score": 0.7063339731285988,
            "support": 1398.0
        },
        "accuracy": 0.6694036300777874,
        "macro avg": {
            "precision": 0.6652113649001721,
            "recall": 0.6723820991934829,
            "f1-score": 0.6640913563121986,
            "support": 2314.0
        },
        "weighted avg": {
            "precision": 0.6854180830562777,
            "recall": 0.6694036300777874,
            "f1-score": 0.6728903802125895,
            "support": 2314.0
        },
        "confusion_matrix": [
            [
                629,
                287
            ],
            [
                478,
                920
            ]
        ]
    },
    "best_gcn_results": {
        "Rush": {
            "precision": 0.5682023486901535,
            "recall": 0.6866812227074236,
            "f1-score": 0.6218487394957983,
            "support": 916.0
        },
        "Pass": {
            "precision": 0.7622203811101905,
            "recall": 0.6580829756795422,
            "f1-score": 0.7063339731285988,
            "support": 1398.0
        },
        "accuracy": 0.6694036300777874,
        "macro avg": {
            "precision": 0.6652113649001721,
            "recall": 0.6723820991934829,
            "f1-score": 0.6640913563121986,
            "support": 2314.0
        },
        "weighted avg": {
            "precision": 0.6854180830562777,
            "recall": 0.6694036300777874,
            "f1-score": 0.6728903802125895,
            "support": 2314.0
        },
        "confusion_matrix": [
            [
                629,
                287
            ],
            [
                478,
                920
            ]
        ]
    },
    "rf_results": {
        "Rush": {
            "precision": 0.6569086651053864,
            "recall": 0.6124454148471615,
            "f1-score": 0.6338983050847458,
            "support": 916.0
        },
        "Pass": {
            "precision": 0.7568493150684932,
            "recall": 0.790414878397711,
            "f1-score": 0.7732680195941217,
            "support": 1398.0
        },
        "accuracy": 0.7199654278305964,
        "macro avg": {
            "precision": 0.7068789900869398,
            "recall": 0.7014301466224362,
            "f1-score": 0.7035831623394337,
            "support": 2314.0
        },
        "weighted avg": {
            "precision": 0.7172876748929504,
            "recall": 0.7199654278305964,
            "f1-score": 0.7180983313959418,
            "support": 2314.0
        },
        "confusion_matrix": [
            [
                561,
                355
            ],
            [
                293,
                1105
            ]
        ]
    },
    "mlp_results": {
        "Rush": {
            "precision": 0.583596214511041,
            "recall": 0.6058951965065502,
            "f1-score": 0.5945366898768077,
            "support": 916.0
        },
        "Pass": {
            "precision": 0.7351430667644901,
            "recall": 0.7167381974248928,
            "f1-score": 0.7258239768199928,
            "support": 1398.0
        },
        "accuracy": 0.6728608470181504,
        "macro avg": {
            "precision": 0.6593696406377656,
            "recall": 0.6613166969657215,
            "f1-score": 0.6601803333484002,
            "support": 2314.0
        },
        "weighted avg": {
            "precision": 0.6751530422769536,
            "recall": 0.6728608470181504,
            "f1-score": 0.6738537284016879,
            "support": 2314.0
        },
        "confusion_matrix": [
            [
                555,
                361
            ],
            [
                396,
                1002
            ]
        ]
    },