{
    "last_gcn_results": {
        "Rush": {
            "precision": 0.7136105860113422,
            "recall": 0.824235807860262,
            "f1-score": 0.7649442755825735,
            "support": 916.0
        },
        "Pass": {
            "precision": 0.8718152866242038,
            "recall": 0.7832618025751072,
            "f1-score": 0.8251695553880934,
            "support": 1398.0
        },
        "accuracy": 0.7994814174589455,
        "macro avg": {
            "precision": 0.792712936317773,
            "recall": 0.8037488052176847,
            "f1-score": 0.7950569154853335,
            "support": 2314.0
        },
        "weighted avg": {
            "precision": 0.8091897439442638,
            "recall": 0.7994814174589455,
            "f1-score": 0.8013292976949835,
            "support": 2314.0
        },
        "confusion_matrix": [
            [
                755,
                161
            ],
            [
                303,
                1095
            ]
        ]
    },
    "best_gcn_results": {
        "Rush": {
            "precision": 0.7136105860113422,
            "recall": 0.824235807860262,
            "f1-score": 0.7649442755825735,
            "support": 916.0
        },
        "Pass": {
            "precision": 0.8718152866242038,
            "recall": 0.7832618025751072,
            "f1-score": 0.8251695553880934,
            "support": 1398.0
        },
        "accuracy": 0.7994814174589455,
        "macro avg": {
            "precision": 0.792712936317773,
            "recall": 0.8037488052176847,
            "f1-score": 0.7950569154853335,
            "support": 2314.0
        },
        "weighted avg": {
            "precision": 0.8091897439442638,
            "recall": 0.7994814174589455,
            "f1-score": 0.8013292976949835,
            "support": 2314.0
        },
        "confusion_matrix": [
            [
                755,
                161
            ],
            [
                303,
                1095
            ]
        ]
    },
    "rf_results": {
        "Rush": {
            "precision": 0.6924882629107981,
            "recall": 0.6441048034934498,
            "f1-score": 0.667420814479638,
            "support": 916.0
        },
        "Pass": {
            "precision": 0.7770177838577291,
            "recall": 0.8125894134477826,
            "f1-score": 0.7944055944055944,
            "support": 1398.0
        },
        "accuracy": 0.7458945548833189,
        "macro avg": {
            "precision": 0.7347530233842636,
            "recall": 0.7283471084706161,
            "f1-score": 0.7309132044426162,
            "support": 2314.0
        },
        "weighted avg": {
            "precision": 0.7435566597490909,
            "recall": 0.7458945548833189,
            "f1-score": 0.7441384991540058,
            "support": 2314.0
        },
        "confusion_matrix": [
            [
                590,
                326
            ],
            [
                262,
                1136
            ]
        ]
    },
    "mlp_results": {
        "Rush": {
            "precision": 0.6229327453142227,
            "recall": 0.6168122270742358,
            "f1-score": 0.6198573779484366,
            "support": 916.0
        },
        "Pass": {
            "precision": 0.7505330490405118,
            "recall": 0.7553648068669528,
            "f1-score": 0.7529411764705882,
            "support": 1398.0
        },
        "accuracy": 0.7005185825410545,
        "macro avg": {
            "precision": 0.6867328971773672,
            "recall": 0.6860885169705944,
            "f1-score": 0.6863992772095124,
            "support": 2314.0
        },
        "weighted avg": {
            "precision": 0.7000222978679617,
            "recall": 0.7005185825410545,
            "f1-score": 0.700259776537014,
            "support": 2314.0
        },
        "confusion_matrix": [
            [
                565,
                351
            ],
            [
                342,
                1056
            ]
        ]
    },