{
    "last_gcn_results": {
        "Rush": {
            "precision": 0.7513751375137514,
            "recall": 0.7456331877729258,
            "f1-score": 0.7484931506849315,
            "support": 916.0
        },
        "Pass": {
            "precision": 0.8341637010676156,
            "recall": 0.8383404864091559,
            "f1-score": 0.8362468783446307,
            "support": 1398.0
        },
        "accuracy": 0.8016421780466725,
        "macro avg": {
            "precision": 0.7927694192906836,
            "recall": 0.7919868370910408,
            "f1-score": 0.7923700145147812,
            "support": 2314.0
        },
        "weighted avg": {
            "precision": 0.801391737275334,
            "recall": 0.8016421780466725,
            "f1-score": 0.8015094476893653,
            "support": 2314.0
        },
        "confusion_matrix": [
            [
                683,
                233
            ],
            [
                226,
                1172
            ]
        ]
    },
    "best_gcn_results": {
        "Rush": {
            "precision": 0.7513751375137514,
            "recall": 0.7456331877729258,
            "f1-score": 0.7484931506849315,
            "support": 916.0
        },
        "Pass": {
            "precision": 0.8341637010676156,
            "recall": 0.8383404864091559,
            "f1-score": 0.8362468783446307,
            "support": 1398.0
        },
        "accuracy": 0.8016421780466725,
        "macro avg": {
            "precision": 0.7927694192906836,
            "recall": 0.7919868370910408,
            "f1-score": 0.7923700145147812,
            "support": 2314.0
        },
        "weighted avg": {
            "precision": 0.801391737275334,
            "recall": 0.8016421780466725,
            "f1-score": 0.8015094476893653,
            "support": 2314.0
        },
        "confusion_matrix": [
            [
                683,
                233
            ],
            [
                226,
                1172
            ]
        ]
    },
    "rf_results": {
        "Rush": {
            "precision": 0.698090692124105,
            "recall": 0.638646288209607,
            "f1-score": 0.6670467502850627,
            "support": 916.0
        },
        "Pass": {
            "precision": 0.7757452574525745,
            "recall": 0.8190271816881259,
            "f1-score": 0.7967988865692415,
            "support": 1398.0
        },
        "accuracy": 0.7476231633535004,
        "macro avg": {
            "precision": 0.7369179747883398,
            "recall": 0.7288367349488665,
            "f1-score": 0.731922818427152,
            "support": 2314.0
        },
        "weighted avg": {
            "precision": 0.7450055937356868,
            "recall": 0.7476231633535004,
            "f1-score": 0.7454363295959019,
            "support": 2314.0
        },
        "confusion_matrix": [
            [
                585,
                331
            ],
            [
                253,
                1145
            ]
        ]
    },
    "mlp_results": {
        "Rush": {
            "precision": 0.6433915211970075,
            "recall": 0.5633187772925764,
            "f1-score": 0.6006984866123399,
            "support": 916.0
        },
        "Pass": {
            "precision": 0.7354497354497355,
            "recall": 0.7954220314735336,
            "f1-score": 0.7642611683848797,
            "support": 1398.0
        },
        "accuracy": 0.7035436473638721,
        "macro avg": {
            "precision": 0.6894206283233715,
            "recall": 0.6793704043830551,
            "f1-score": 0.6824798274986098,
            "support": 2314.0
        },
        "weighted avg": {
            "precision": 0.6990083680100212,
            "recall": 0.7035436473638721,
            "f1-score": 0.6995146616849461,
            "support": 2314.0
        },
        "confusion_matrix": [
            [
                516,
                400
            ],
            [
                286,
                1112
            ]
        ]
    },