{
    "last_gcn_results": {
        "Rush": {
            "precision": 0.7236180904522613,
            "recall": 0.7860262008733624,
            "f1-score": 0.7535321821036107,
            "support": 916.0
        },
        "Pass": {
            "precision": 0.7658303464755077,
            "recall": 0.6997816593886463,
            "f1-score": 0.7313177410154021,
            "support": 916.0
        },
        "accuracy": 0.7429039301310044,
        "macro avg": {
            "precision": 0.7447242184638845,
            "recall": 0.7429039301310043,
            "f1-score": 0.7424249615595064,
            "support": 1832.0
        },
        "weighted avg": {
            "precision": 0.7447242184638845,
            "recall": 0.7429039301310044,
            "f1-score": 0.7424249615595064,
            "support": 1832.0
        },
        "confusion_matrix": [
            [
                720,
                196
            ],
            [
                275,
                641
            ]
        ]
    },
    "best_gcn_results": {
        "Rush": {
            "precision": 0.7236180904522613,
            "recall": 0.7860262008733624,
            "f1-score": 0.7535321821036107,
            "support": 916.0
        },
        "Pass": {
            "precision": 0.7658303464755077,
            "recall": 0.6997816593886463,
            "f1-score": 0.7313177410154021,
            "support": 916.0
        },
        "accuracy": 0.7429039301310044,
        "macro avg": {
            "precision": 0.7447242184638845,
            "recall": 0.7429039301310043,
            "f1-score": 0.7424249615595064,
            "support": 1832.0
        },
        "weighted avg": {
            "precision": 0.7447242184638845,
            "recall": 0.7429039301310044,
            "f1-score": 0.7424249615595064,
            "support": 1832.0
        },
        "confusion_matrix": [
            [
                720,
                196
            ],
            [
                275,
                641
            ]
        ]
    },
    "rf_results": {
        "Rush": {
            "precision": 0.6938174681059862,
            "recall": 0.7718340611353712,
            "f1-score": 0.7307493540051679,
            "support": 916.0
        },
        "Pass": {
            "precision": 0.7429274292742928,
            "recall": 0.6593886462882096,
            "f1-score": 0.6986697513013302,
            "support": 916.0
        },
        "accuracy": 0.7156113537117904,
        "macro avg": {
            "precision": 0.7183724486901395,
            "recall": 0.7156113537117904,
            "f1-score": 0.7147095526532491,
            "support": 1832.0
        },
        "weighted avg": {
            "precision": 0.7183724486901394,
            "recall": 0.7156113537117904,
            "f1-score": 0.7147095526532492,
            "support": 1832.0
        },
        "confusion_matrix": [
            [
                707,
                209
            ],
            [
                312,
                604
            ]
        ]
    },
    "mlp_results": {
        "Rush": {
            "precision": 0.6635318704284221,
            "recall": 0.6932314410480349,
            "f1-score": 0.6780565936999466,
            "support": 916.0
        },
        "Pass": {
            "precision": 0.6788571428571428,
            "recall": 0.648471615720524,
            "f1-score": 0.6633165829145728,
            "support": 916.0
        },
        "accuracy": 0.6708515283842795,
        "macro avg": {
            "precision": 0.6711945066427825,
            "recall": 0.6708515283842795,
            "f1-score": 0.6706865883072597,
            "support": 1832.0
        },
        "weighted avg": {
            "precision": 0.6711945066427824,
            "recall": 0.6708515283842795,
            "f1-score": 0.6706865883072598,
            "support": 1832.0
        },
        "confusion_matrix": [
            [
                635,
                281
            ],
            [
                322,
                594
            ]
        ]
    },