{
    "last_gcn_results": {
        "Rush": {
            "precision": 0.6345270890725436,
            "recall": 0.7543668122270742,
            "f1-score": 0.6892768079800499,
            "support": 916.0
        },
        "Pass": {
            "precision": 0.6971736204576043,
            "recall": 0.5655021834061136,
            "f1-score": 0.6244725738396625,
            "support": 916.0
        },
        "accuracy": 0.6599344978165939,
        "macro avg": {
            "precision": 0.665850354765074,
            "recall": 0.659934497816594,
            "f1-score": 0.6568746909098562,
            "support": 1832.0
        },
        "weighted avg": {
            "precision": 0.6658503547650739,
            "recall": 0.6599344978165939,
            "f1-score": 0.6568746909098562,
            "support": 1832.0
        },
        "confusion_matrix": [
            [
                691,
                225
            ],
            [
                398,
                518
            ]
        ]
    },
    "best_gcn_results": {
        "Rush": {
            "precision": 0.6345270890725436,
            "recall": 0.7543668122270742,
            "f1-score": 0.6892768079800499,
            "support": 916.0
        },
        "Pass": {
            "precision": 0.6971736204576043,
            "recall": 0.5655021834061136,
            "f1-score": 0.6244725738396625,
            "support": 916.0
        },
        "accuracy": 0.6599344978165939,
        "macro avg": {
            "precision": 0.665850354765074,
            "recall": 0.659934497816594,
            "f1-score": 0.6568746909098562,
            "support": 1832.0
        },
        "weighted avg": {
            "precision": 0.6658503547650739,
            "recall": 0.6599344978165939,
            "f1-score": 0.6568746909098562,
            "support": 1832.0
        },
        "confusion_matrix": [
            [
                691,
                225
            ],
            [
                398,
                518
            ]
        ]
    },
    "rf_results": {
        "Rush": {
            "precision": 0.6938775510204082,
            "recall": 0.7794759825327511,
            "f1-score": 0.7341902313624679,
            "support": 916.0
        },
        "Pass": {
            "precision": 0.7484433374844334,
            "recall": 0.6561135371179039,
            "f1-score": 0.6992437463641652,
            "support": 916.0
        },
        "accuracy": 0.7177947598253275,
        "macro avg": {
            "precision": 0.7211604442524208,
            "recall": 0.7177947598253275,
            "f1-score": 0.7167169888633165,
            "support": 1832.0
        },
        "weighted avg": {
            "precision": 0.7211604442524208,
            "recall": 0.7177947598253275,
            "f1-score": 0.7167169888633165,
            "support": 1832.0
        },
        "confusion_matrix": [
            [
                714,
                202
            ],
            [
                315,
                601
            ]
        ]
    },
    "mlp_results": {
        "Rush": {
            "precision": 0.6566200215285253,
            "recall": 0.665938864628821,
            "f1-score": 0.6612466124661247,
            "support": 916.0
        },
        "Pass": {
            "precision": 0.6611295681063123,
            "recall": 0.6517467248908297,
            "f1-score": 0.6564046179219352,
            "support": 916.0
        },
        "accuracy": 0.6588427947598253,
        "macro avg": {
            "precision": 0.6588747948174187,
            "recall": 0.6588427947598254,
            "f1-score": 0.6588256151940299,
            "support": 1832.0
        },
        "weighted avg": {
            "precision": 0.6588747948174187,
            "recall": 0.6588427947598253,
            "f1-score": 0.65882561519403,
            "support": 1832.0
        },
        "confusion_matrix": [
            [
                610,
                306
            ],
            [
                319,
                597
            ]
        ]
    },