{
    "last_gcn_results": {
        "Rush": {
            "precision": 0.7251521298174443,
            "recall": 0.7805676855895196,
            "f1-score": 0.7518401682439537,
            "support": 916.0
        },
        "Pass": {
            "precision": 0.848644578313253,
            "recall": 0.8061516452074392,
            "f1-score": 0.8268525311812179,
            "support": 1398.0
        },
        "accuracy": 0.7960242005185826,
        "macro avg": {
            "precision": 0.7868983540653487,
            "recall": 0.7933596653984794,
            "f1-score": 0.7893463497125859,
            "support": 2314.0
        },
        "weighted avg": {
            "precision": 0.7997599271368655,
            "recall": 0.7960242005185826,
            "f1-score": 0.7971587868205723,
            "support": 2314.0
        },
        "confusion_matrix": [
            [
                715,
                201
            ],
            [
                271,
                1127
            ]
        ]
    },
    "best_gcn_results": {
        "Rush": {
            "precision": 0.7251521298174443,
            "recall": 0.7805676855895196,
            "f1-score": 0.7518401682439537,
            "support": 916.0
        },
        "Pass": {
            "precision": 0.848644578313253,
            "recall": 0.8061516452074392,
            "f1-score": 0.8268525311812179,
            "support": 1398.0
        },
        "accuracy": 0.7960242005185826,
        "macro avg": {
            "precision": 0.7868983540653487,
            "recall": 0.7933596653984794,
            "f1-score": 0.7893463497125859,
            "support": 2314.0
        },
        "weighted avg": {
            "precision": 0.7997599271368655,
            "recall": 0.7960242005185826,
            "f1-score": 0.7971587868205723,
            "support": 2314.0
        },
        "confusion_matrix": [
            [
                715,
                201
            ],
            [
                271,
                1127
            ]
        ]
    },
    "rf_results": {
        "Rush": {
            "precision": 0.6728260869565217,
            "recall": 0.675764192139738,
            "f1-score": 0.6742919389978214,
            "support": 916.0
        },
        "Pass": {
            "precision": 0.7869440459110474,
            "recall": 0.7846924177396281,
            "f1-score": 0.7858166189111748,
            "support": 1398.0
        },
        "accuracy": 0.7415730337078652,
        "macro avg": {
            "precision": 0.7298850664337846,
            "recall": 0.730228304939683,
            "f1-score": 0.7300542789544981,
            "support": 2314.0
        },
        "weighted avg": {
            "precision": 0.7417702989783138,
            "recall": 0.7415730337078652,
            "f1-score": 0.7416694249610314,
            "support": 2314.0
        },
        "confusion_matrix": [
            [
                619,
                297
            ],
            [
                301,
                1097
            ]
        ]
    },
    "mlp_results": {
        "Rush": {
            "precision": 0.6126401630988787,
            "recall": 0.6561135371179039,
            "f1-score": 0.6336320506062203,
            "support": 916.0
        },
        "Pass": {
            "precision": 0.7636909227306826,
            "recall": 0.7281831187410587,
            "f1-score": 0.7455144635664591,
            "support": 1398.0
        },
        "accuracy": 0.6996542783059637,
        "macro avg": {
            "precision": 0.6881655429147806,
            "recall": 0.6921483279294813,
            "f1-score": 0.6895732570863398,
            "support": 2314.0
        },
        "weighted avg": {
            "precision": 0.7038972771720254,
            "recall": 0.6996542783059637,
            "f1-score": 0.7012256605104614,
            "support": 2314.0
        },
        "confusion_matrix": [
            [
                601,
                315
            ],
            [
                380,
                1018
            ]
        ]
    },