{
    "last_gcn_results": {
        "Rush": {
            "precision": 0.6687797147385103,
            "recall": 0.690671031096563,
            "f1-score": 0.679549114331723,
            "support": 611.0
        },
        "Pass": {
            "precision": 0.6802030456852792,
            "recall": 0.6579378068739771,
            "f1-score": 0.6688851913477537,
            "support": 611.0
        },
        "accuracy": 0.67430441898527,
        "macro avg": {
            "precision": 0.6744913802118948,
            "recall": 0.67430441898527,
            "f1-score": 0.6742171528397384,
            "support": 1222.0
        },
        "weighted avg": {
            "precision": 0.6744913802118947,
            "recall": 0.67430441898527,
            "f1-score": 0.6742171528397384,
            "support": 1222.0
        },
        "confusion_matrix": [
            [
                422,
                189
            ],
            [
                209,
                402
            ]
        ]
    },
    "best_gcn_results": {
        "Rush": {
            "precision": 0.6687797147385103,
            "recall": 0.690671031096563,
            "f1-score": 0.679549114331723,
            "support": 611.0
        },
        "Pass": {
            "precision": 0.6802030456852792,
            "recall": 0.6579378068739771,
            "f1-score": 0.6688851913477537,
            "support": 611.0
        },
        "accuracy": 0.67430441898527,
        "macro avg": {
            "precision": 0.6744913802118948,
            "recall": 0.67430441898527,
            "f1-score": 0.6742171528397384,
            "support": 1222.0
        },
        "weighted avg": {
            "precision": 0.6744913802118947,
            "recall": 0.67430441898527,
            "f1-score": 0.6742171528397384,
            "support": 1222.0
        },
        "confusion_matrix": [
            [
                422,
                189
            ],
            [
                209,
                402
            ]
        ]
    },
    "rf_results": {
        "Rush": {
            "precision": 0.7093889716840537,
            "recall": 0.779050736497545,
            "f1-score": 0.7425897035881436,
            "support": 611.0
        },
        "Pass": {
            "precision": 0.7549909255898367,
            "recall": 0.6808510638297872,
            "f1-score": 0.7160068846815835,
            "support": 611.0
        },
        "accuracy": 0.7299509001636661,
        "macro avg": {
            "precision": 0.7321899486369452,
            "recall": 0.7299509001636661,
            "f1-score": 0.7292982941348636,
            "support": 1222.0
        },
        "weighted avg": {
            "precision": 0.7321899486369452,
            "recall": 0.7299509001636661,
            "f1-score": 0.7292982941348636,
            "support": 1222.0
        },
        "confusion_matrix": [
            [
                476,
                135
            ],
            [
                195,
                416
            ]
        ]
    },
    "mlp_results": {
        "Rush": {
            "precision": 0.6758147512864494,
            "recall": 0.6448445171849427,
            "f1-score": 0.6599664991624791,
            "support": 611.0
        },
        "Pass": {
            "precision": 0.6604068857589984,
            "recall": 0.690671031096563,
            "f1-score": 0.6752,
            "support": 611.0
        },
        "accuracy": 0.6677577741407529,
        "macro avg": {
            "precision": 0.6681108185227239,
            "recall": 0.6677577741407529,
            "f1-score": 0.6675832495812395,
            "support": 1222.0
        },
        "weighted avg": {
            "precision": 0.6681108185227239,
            "recall": 0.6677577741407529,
            "f1-score": 0.6675832495812395,
            "support": 1222.0
        },
        "confusion_matrix": [
            [
                394,
                217
            ],
            [
                189,
                422
            ]
        ]
    },
    "config": {
        "RANDOM_SEED": 1,
        "GNN_EPOCHS": 500,
        "GNN_HIDDEN_CHANNELS": 128,
        "GNN_HIDDEN_LAYERS": 1,
        "GNN_LEARNING_RATE": 0.001,
        "GNN_DROPOUT": 0.2,
        "GNN_WEIGHT_DECAY": 0.0005,
        "RF_ESTIMATORS": 50,
        "MLP_HIDDEN_CHANNELS": 64,
        "MLP_HIDDEN_LAYERS": 2,
        "MLP_MAX_ITER": 3000,
        "MLP_LEARNING_RATE": 0.001,
        "MLP_ALPHA": 5e-05,
        "VALIDATION_SPLIT": 0.8,
        "TEST_SPLIT": 0.9,
        "SHOW_INFO": true
    }
}