{
    "last_gcn_results": {
        "Rush": {
            "precision": 0.709070796460177,
            "recall": 0.6997816593886463,
            "f1-score": 0.7043956043956044,
            "support": 916.0
        },
        "Pass": {
            "precision": 0.8049645390070922,
            "recall": 0.8118741058655222,
            "f1-score": 0.8084045584045584,
            "support": 1398.0
        },
        "accuracy": 0.7675021607605877,
        "macro avg": {
            "precision": 0.7570176677336347,
            "recall": 0.7558278826270843,
            "f1-score": 0.7564000814000814,
            "support": 2314.0
        },
        "weighted avg": {
            "precision": 0.7670048725537757,
            "recall": 0.7675021607605877,
            "f1-score": 0.7672324746222758,
            "support": 2314.0
        },
        "confusion_matrix": [
            [
                641,
                275
            ],
            [
                263,
                1135
            ]
        ]
    },
    "best_gcn_results": {
        "Rush": {
            "precision": 0.709070796460177,
            "recall": 0.6997816593886463,
            "f1-score": 0.7043956043956044,
            "support": 916.0
        },
        "Pass": {
            "precision": 0.8049645390070922,
            "recall": 0.8118741058655222,
            "f1-score": 0.8084045584045584,
            "support": 1398.0
        },
        "accuracy": 0.7675021607605877,
        "macro avg": {
            "precision": 0.7570176677336347,
            "recall": 0.7558278826270843,
            "f1-score": 0.7564000814000814,
            "support": 2314.0
        },
        "weighted avg": {
            "precision": 0.7670048725537757,
            "recall": 0.7675021607605877,
            "f1-score": 0.7672324746222758,
            "support": 2314.0
        },
        "confusion_matrix": [
            [
                641,
                275
            ],
            [
                263,
                1135
            ]
        ]
    },
    "rf_results": {
        "Rush": {
            "precision": 0.6557562076749436,
            "recall": 0.6342794759825328,
            "f1-score": 0.6448390677025527,
            "support": 916.0
        },
        "Pass": {
            "precision": 0.7654061624649859,
            "recall": 0.7818311874105865,
            "f1-score": 0.7735314932767162,
            "support": 1398.0
        },
        "accuracy": 0.7234226447709594,
        "macro avg": {
            "precision": 0.7105811850699648,
            "recall": 0.7080553316965597,
            "f1-score": 0.7091852804896345,
            "support": 2314.0
        },
        "weighted avg": {
            "precision": 0.7220010809664212,
            "recall": 0.7234226447709594,
            "f1-score": 0.7225884242076004,
            "support": 2314.0
        },
        "confusion_matrix": [
            [
                581,
                335
            ],
            [
                305,
                1093
            ]
        ]
    },
    "mlp_results": {
        "Rush": {
            "precision": 0.6164994425863991,
            "recall": 0.6037117903930131,
            "f1-score": 0.61003861003861,
            "support": 916.0
        },
        "Pass": {
            "precision": 0.7438249823570925,
            "recall": 0.753934191702432,
            "f1-score": 0.7488454706927176,
            "support": 1398.0
        },
        "accuracy": 0.6944684528954191,
        "macro avg": {
            "precision": 0.6801622124717458,
            "recall": 0.6788229910477226,
            "f1-score": 0.6794420403656638,
            "support": 2314.0
        },
        "weighted avg": {
            "precision": 0.6934229968644585,
            "recall": 0.6944684528954191,
            "f1-score": 0.693898588947185,
            "support": 2314.0
        },
        "confusion_matrix": [
            [
                553,
                363
            ],
            [
                344,
                1054
            ]
        ]
    },