{
    "last_gcn_results": {
        "Rush": {
            "precision": 0.6619007569386038,
            "recall": 0.8591703056768559,
            "f1-score": 0.7477434679334917,
            "support": 916.0
        },
        "Pass": {
            "precision": 0.8853333333333333,
            "recall": 0.7124463519313304,
            "f1-score": 0.7895362663495838,
            "support": 1398.0
        },
        "accuracy": 0.7705272255834054,
        "macro avg": {
            "precision": 0.7736170451359685,
            "recall": 0.7858083288040931,
            "f1-score": 0.7686398671415378,
            "support": 2314.0
        },
        "weighted avg": {
            "precision": 0.7968872486412105,
            "recall": 0.7705272255834054,
            "f1-score": 0.7729925311079501,
            "support": 2314.0
        },
        "confusion_matrix": [
            [
                787,
                129
            ],
            [
                402,
                996
            ]
        ]
    },
    "best_gcn_results": {
        "Rush": {
            "precision": 0.6619007569386038,
            "recall": 0.8591703056768559,
            "f1-score": 0.7477434679334917,
            "support": 916.0
        },
        "Pass": {
            "precision": 0.8853333333333333,
            "recall": 0.7124463519313304,
            "f1-score": 0.7895362663495838,
            "support": 1398.0
        },
        "accuracy": 0.7705272255834054,
        "macro avg": {
            "precision": 0.7736170451359685,
            "recall": 0.7858083288040931,
            "f1-score": 0.7686398671415378,
            "support": 2314.0
        },
        "weighted avg": {
            "precision": 0.7968872486412105,
            "recall": 0.7705272255834054,
            "f1-score": 0.7729925311079501,
            "support": 2314.0
        },
        "confusion_matrix": [
            [
                787,
                129
            ],
            [
                402,
                996
            ]
        ]
    },
    "rf_results": {
        "Rush": {
            "precision": 0.6731470230862697,
            "recall": 0.6048034934497817,
            "f1-score": 0.6371477860839563,
            "support": 916.0
        },
        "Pass": {
            "precision": 0.7572099262240107,
            "recall": 0.8075822603719599,
            "f1-score": 0.7815853236413984,
            "support": 1398.0
        },
        "accuracy": 0.7273120138288678,
        "macro avg": {
            "precision": 0.7151784746551402,
            "recall": 0.7061928769108707,
            "f1-score": 0.7093665548626773,
            "support": 2314.0
        },
        "weighted avg": {
            "precision": 0.723933513400255,
            "recall": 0.7273120138288678,
            "f1-score": 0.724409530900423,
            "support": 2314.0
        },
        "confusion_matrix": [
            [
                554,
                362
            ],
            [
                269,
                1129
            ]
        ]
    },
    "mlp_results": {
        "Rush": {
            "precision": 0.6270270270270271,
            "recall": 0.6331877729257642,
            "f1-score": 0.6300923411189571,
            "support": 916.0
        },
        "Pass": {
            "precision": 0.7580993520518359,
            "recall": 0.7532188841201717,
            "f1-score": 0.7556512378902045,
            "support": 1398.0
        },
        "accuracy": 0.7057044079515989,
        "macro avg": {
            "precision": 0.6925631895394315,
            "recall": 0.693203328522968,
            "f1-score": 0.6928717895045808,
            "support": 2314.0
        },
        "weighted avg": {
            "precision": 0.7062141965968985,
            "recall": 0.7057044079515989,
            "f1-score": 0.7059485803956226,
            "support": 2314.0
        },
        "confusion_matrix": [
            [
                580,
                336
            ],
            [
                345,
                1053
            ]
        ]
    },