{
    "last_gcn_results": {
        "Rush": {
            "precision": 0.7035755478662054,
            "recall": 0.665938864628821,
            "f1-score": 0.6842400448681997,
            "support": 916.0
        },
        "Pass": {
            "precision": 0.78852798894264,
            "recall": 0.8161659513590844,
            "f1-score": 0.8021089630931458,
            "support": 1398.0
        },
        "accuracy": 0.7566983578219534,
        "macro avg": {
            "precision": 0.7460517684044227,
            "recall": 0.7410524079939527,
            "f1-score": 0.7431745039806728,
            "support": 2314.0
        },
        "weighted avg": {
            "precision": 0.7548994513341638,
            "recall": 0.7566983578219534,
            "f1-score": 0.7554503939081628,
            "support": 2314.0
        },
        "confusion_matrix": [
            [
                610,
                306
            ],
            [
                257,
                1141
            ]
        ]
    },
    "best_gcn_results": {
        "Rush": {
            "precision": 0.7035755478662054,
            "recall": 0.665938864628821,
            "f1-score": 0.6842400448681997,
            "support": 916.0
        },
        "Pass": {
            "precision": 0.78852798894264,
            "recall": 0.8161659513590844,
            "f1-score": 0.8021089630931458,
            "support": 1398.0
        },
        "accuracy": 0.7566983578219534,
        "macro avg": {
            "precision": 0.7460517684044227,
            "recall": 0.7410524079939527,
            "f1-score": 0.7431745039806728,
            "support": 2314.0
        },
        "weighted avg": {
            "precision": 0.7548994513341638,
            "recall": 0.7566983578219534,
            "f1-score": 0.7554503939081628,
            "support": 2314.0
        },
        "confusion_matrix": [
            [
                610,
                306
            ],
            [
                257,
                1141
            ]
        ]
    },
    "rf_results": {
        "Rush": {
            "precision": 0.6775757575757576,
            "recall": 0.6102620087336245,
            "f1-score": 0.6421596783457783,
            "support": 916.0
        },
        "Pass": {
            "precision": 0.7602417730020148,
            "recall": 0.8097281831187411,
            "f1-score": 0.7842050571527537,
            "support": 1398.0
        },
        "accuracy": 0.7307692307692307,
        "macro avg": {
            "precision": 0.7189087652888861,
            "recall": 0.7099950959261827,
            "f1-score": 0.7131823677492659,
            "support": 2314.0
        },
        "weighted avg": {
            "precision": 0.7275183200502207,
            "recall": 0.7307692307692307,
            "f1-score": 0.7279762036578575,
            "support": 2314.0
        },
        "confusion_matrix": [
            [
                559,
                357
            ],
            [
                266,
                1132
            ]
        ]
    },
    "mlp_results": {
        "Rush": {
            "precision": 0.6093023255813953,
            "recall": 0.5720524017467249,
            "f1-score": 0.5900900900900901,
            "support": 916.0
        },
        "Pass": {
            "precision": 0.7303988995873453,
            "recall": 0.759656652360515,
            "f1-score": 0.7447405329593267,
            "support": 1398.0
        },
        "accuracy": 0.6853932584269663,
        "macro avg": {
            "precision": 0.6698506125843703,
            "recall": 0.66585452705362,
            "f1-score": 0.6674153115247083,
            "support": 2314.0
        },
        "weighted avg": {
            "precision": 0.6824626585374532,
            "recall": 0.6853932584269663,
            "f1-score": 0.6835219479687388,
            "support": 2314.0
        },
        "confusion_matrix": [
            [
                524,
                392
            ],
            [
                336,
                1062
            ]
        ]
    },