{
    "last_gcn_results": {
        "Rush": {
            "precision": 0.7654867256637168,
            "recall": 0.8494271685761048,
            "f1-score": 0.8052754072924748,
            "support": 611.0
        },
        "Pass": {
            "precision": 0.8308823529411765,
            "recall": 0.7397708674304418,
            "f1-score": 0.7826839826839826,
            "support": 611.0
        },
        "accuracy": 0.7945990180032734,
        "macro avg": {
            "precision": 0.7981845393024467,
            "recall": 0.7945990180032734,
            "f1-score": 0.7939796949882287,
            "support": 1222.0
        },
        "weighted avg": {
            "precision": 0.7981845393024466,
            "recall": 0.7945990180032734,
            "f1-score": 0.7939796949882288,
            "support": 1222.0
        },
        "confusion_matrix": [
            [
                519,
                92
            ],
            [
                159,
                452
            ]
        ]
    },
    "best_gcn_results": {
        "Rush": {
            "precision": 0.7654867256637168,
            "recall": 0.8494271685761048,
            "f1-score": 0.8052754072924748,
            "support": 611.0
        },
        "Pass": {
            "precision": 0.8308823529411765,
            "recall": 0.7397708674304418,
            "f1-score": 0.7826839826839826,
            "support": 611.0
        },
        "accuracy": 0.7945990180032734,
        "macro avg": {
            "precision": 0.7981845393024467,
            "recall": 0.7945990180032734,
            "f1-score": 0.7939796949882287,
            "support": 1222.0
        },
        "weighted avg": {
            "precision": 0.7981845393024466,
            "recall": 0.7945990180032734,
            "f1-score": 0.7939796949882288,
            "support": 1222.0
        },
        "confusion_matrix": [
            [
                519,
                92
            ],
            [
                159,
                452
            ]
        ]
    },
    "rf_results": {
        "Rush": {
            "precision": 0.7093889716840537,
            "recall": 0.779050736497545,
            "f1-score": 0.7425897035881436,
            "support": 611.0
        },
        "Pass": {
            "precision": 0.7549909255898367,
            "recall": 0.6808510638297872,
            "f1-score": 0.7160068846815835,
            "support": 611.0
        },
        "accuracy": 0.7299509001636661,
        "macro avg": {
            "precision": 0.7321899486369452,
            "recall": 0.7299509001636661,
            "f1-score": 0.7292982941348636,
            "support": 1222.0
        },
        "weighted avg": {
            "precision": 0.7321899486369452,
            "recall": 0.7299509001636661,
            "f1-score": 0.7292982941348636,
            "support": 1222.0
        },
        "confusion_matrix": [
            [
                476,
                135
            ],
            [
                195,
                416
            ]
        ]
    },
    "mlp_results": {
        "Rush": {
            "precision": 0.6758147512864494,
            "recall": 0.6448445171849427,
            "f1-score": 0.6599664991624791,
            "support": 611.0
        },
        "Pass": {
            "precision": 0.6604068857589984,
            "recall": 0.690671031096563,
            "f1-score": 0.6752,
            "support": 611.0
        },
        "accuracy": 0.6677577741407529,
        "macro avg": {
            "precision": 0.6681108185227239,
            "recall": 0.6677577741407529,
            "f1-score": 0.6675832495812395,
            "support": 1222.0
        },
        "weighted avg": {
            "precision": 0.6681108185227239,
            "recall": 0.6677577741407529,
            "f1-score": 0.6675832495812395,
            "support": 1222.0
        },
        "confusion_matrix": [
            [
                394,
                217
            ],
            [
                189,
                422
            ]
        ]
    },
    "config": {
        "RANDOM_SEED": 1,
        "GNN_EPOCHS": 500,
        "GNN_HIDDEN_CHANNELS": 64,
        "GNN_HIDDEN_LAYERS": 2,
        "GNN_LEARNING_RATE": 0.001,
        "GNN_DROPOUT": 0.2,
        "GNN_WEIGHT_DECAY": 0.0005,
        "RF_ESTIMATORS": 50,
        "MLP_HIDDEN_CHANNELS": 64,
        "MLP_HIDDEN_LAYERS": 2,
        "MLP_MAX_ITER": 3000,
        "MLP_LEARNING_RATE": 0.001,
        "MLP_ALPHA": 5e-05,
        "VALIDATION_SPLIT": 0.8,
        "TEST_SPLIT": 0.9,
        "SHOW_INFO": true
    }
}