{
    "last_gcn_results": {
        "Rush": {
            "precision": 0.6878980891719745,
            "recall": 0.8253275109170306,
            "f1-score": 0.7503722084367246,
            "support": 916.0
        },
        "Pass": {
            "precision": 0.781718963165075,
            "recall": 0.6255458515283843,
            "f1-score": 0.6949666464523954,
            "support": 916.0
        },
        "accuracy": 0.7254366812227074,
        "macro avg": {
            "precision": 0.7348085261685248,
            "recall": 0.7254366812227074,
            "f1-score": 0.72266942744456,
            "support": 1832.0
        },
        "weighted avg": {
            "precision": 0.7348085261685248,
            "recall": 0.7254366812227074,
            "f1-score": 0.72266942744456,
            "support": 1832.0
        },
        "confusion_matrix": [
            [
                756,
                160
            ],
            [
                343,
                573
            ]
        ]
    },
    "best_gcn_results": {
        "Rush": {
            "precision": 0.6878980891719745,
            "recall": 0.8253275109170306,
            "f1-score": 0.7503722084367246,
            "support": 916.0
        },
        "Pass": {
            "precision": 0.781718963165075,
            "recall": 0.6255458515283843,
            "f1-score": 0.6949666464523954,
            "support": 916.0
        },
        "accuracy": 0.7254366812227074,
        "macro avg": {
            "precision": 0.7348085261685248,
            "recall": 0.7254366812227074,
            "f1-score": 0.72266942744456,
            "support": 1832.0
        },
        "weighted avg": {
            "precision": 0.7348085261685248,
            "recall": 0.7254366812227074,
            "f1-score": 0.72266942744456,
            "support": 1832.0
        },
        "confusion_matrix": [
            [
                756,
                160
            ],
            [
                343,
                573
            ]
        ]
    },
    "rf_results": {
        "Rush": {
            "precision": 0.7376873661670236,
            "recall": 0.7521834061135371,
            "f1-score": 0.7448648648648649,
            "support": 916.0
        },
        "Pass": {
            "precision": 0.7472160356347439,
            "recall": 0.732532751091703,
            "f1-score": 0.7398015435501654,
            "support": 916.0
        },
        "accuracy": 0.74235807860262,
        "macro avg": {
            "precision": 0.7424517009008837,
            "recall": 0.74235807860262,
            "f1-score": 0.7423332042075151,
            "support": 1832.0
        },
        "weighted avg": {
            "precision": 0.7424517009008837,
            "recall": 0.74235807860262,
            "f1-score": 0.7423332042075151,
            "support": 1832.0
        },
        "confusion_matrix": [
            [
                689,
                227
            ],
            [
                245,
                671
            ]
        ]
    },
    "mlp_results": {
        "Rush": {
            "precision": 0.6996699669966997,
            "recall": 0.6943231441048034,
            "f1-score": 0.6969863013698631,
            "support": 916.0
        },
        "Pass": {
            "precision": 0.6966413867822319,
            "recall": 0.7019650655021834,
            "f1-score": 0.6992930940728657,
            "support": 916.0
        },
        "accuracy": 0.6981441048034934,
        "macro avg": {
            "precision": 0.6981556768894658,
            "recall": 0.6981441048034934,
            "f1-score": 0.6981396977213643,
            "support": 1832.0
        },
        "weighted avg": {
            "precision": 0.6981556768894658,
            "recall": 0.6981441048034934,
            "f1-score": 0.6981396977213643,
            "support": 1832.0
        },
        "confusion_matrix": [
            [
                636,
                280
            ],
            [
                273,
                643
            ]
        ]
    },