{
    "last_gcn_results": {
        "Rush": {
            "precision": 0.7093596059113301,
            "recall": 0.7860262008733624,
            "f1-score": 0.7457276022786121,
            "support": 916.0
        },
        "Pass": {
            "precision": 0.7600979192166463,
            "recall": 0.6779475982532751,
            "f1-score": 0.7166762839007501,
            "support": 916.0
        },
        "accuracy": 0.7319868995633187,
        "macro avg": {
            "precision": 0.7347287625639882,
            "recall": 0.7319868995633187,
            "f1-score": 0.7312019430896811,
            "support": 1832.0
        },
        "weighted avg": {
            "precision": 0.7347287625639881,
            "recall": 0.7319868995633187,
            "f1-score": 0.731201943089681,
            "support": 1832.0
        },
        "confusion_matrix": [
            [
                720,
                196
            ],
            [
                295,
                621
            ]
        ]
    },
    "best_gcn_results": {
        "Rush": {
            "precision": 0.7093596059113301,
            "recall": 0.7860262008733624,
            "f1-score": 0.7457276022786121,
            "support": 916.0
        },
        "Pass": {
            "precision": 0.7600979192166463,
            "recall": 0.6779475982532751,
            "f1-score": 0.7166762839007501,
            "support": 916.0
        },
        "accuracy": 0.7319868995633187,
        "macro avg": {
            "precision": 0.7347287625639882,
            "recall": 0.7319868995633187,
            "f1-score": 0.7312019430896811,
            "support": 1832.0
        },
        "weighted avg": {
            "precision": 0.7347287625639881,
            "recall": 0.7319868995633187,
            "f1-score": 0.731201943089681,
            "support": 1832.0
        },
        "confusion_matrix": [
            [
                720,
                196
            ],
            [
                295,
                621
            ]
        ]
    },
    "rf_results": {
        "Rush": {
            "precision": 0.708,
            "recall": 0.7729257641921398,
            "f1-score": 0.7390396659707724,
            "support": 916.0
        },
        "Pass": {
            "precision": 0.75,
            "recall": 0.6812227074235808,
            "f1-score": 0.7139588100686499,
            "support": 916.0
        },
        "accuracy": 0.7270742358078602,
        "macro avg": {
            "precision": 0.729,
            "recall": 0.7270742358078603,
            "f1-score": 0.7264992380197112,
            "support": 1832.0
        },
        "weighted avg": {
            "precision": 0.729,
            "recall": 0.7270742358078602,
            "f1-score": 0.7264992380197112,
            "support": 1832.0
        },
        "confusion_matrix": [
            [
                708,
                208
            ],
            [
                292,
                624
            ]
        ]
    },
    "mlp_results": {
        "Rush": {
            "precision": 0.6935123042505593,
            "recall": 0.6768558951965066,
            "f1-score": 0.6850828729281768,
            "support": 916.0
        },
        "Pass": {
            "precision": 0.6844349680170576,
            "recall": 0.7008733624454149,
            "f1-score": 0.6925566343042071,
            "support": 916.0
        },
        "accuracy": 0.6888646288209607,
        "macro avg": {
            "precision": 0.6889736361338085,
            "recall": 0.6888646288209608,
            "f1-score": 0.688819753616192,
            "support": 1832.0
        },
        "weighted avg": {
            "precision": 0.6889736361338084,
            "recall": 0.6888646288209607,
            "f1-score": 0.6888197536161919,
            "support": 1832.0
        },
        "confusion_matrix": [
            [
                620,
                296
            ],
            [
                274,
                642
            ]
        ]
    },