{
    "last_gcn_results": {
        "Rush": {
            "precision": 0.6920762286860582,
            "recall": 0.7532751091703057,
            "f1-score": 0.7213800313643491,
            "support": 916.0
        },
        "Pass": {
            "precision": 0.7293413173652694,
            "recall": 0.6648471615720524,
            "f1-score": 0.6956025128498001,
            "support": 916.0
        },
        "accuracy": 0.709061135371179,
        "macro avg": {
            "precision": 0.7107087730256638,
            "recall": 0.7090611353711791,
            "f1-score": 0.7084912721070746,
            "support": 1832.0
        },
        "weighted avg": {
            "precision": 0.7107087730256637,
            "recall": 0.709061135371179,
            "f1-score": 0.7084912721070745,
            "support": 1832.0
        },
        "confusion_matrix": [
            [
                690,
                226
            ],
            [
                307,
                609
            ]
        ]
    },
    "best_gcn_results": {
        "Rush": {
            "precision": 0.6920762286860582,
            "recall": 0.7532751091703057,
            "f1-score": 0.7213800313643491,
            "support": 916.0
        },
        "Pass": {
            "precision": 0.7293413173652694,
            "recall": 0.6648471615720524,
            "f1-score": 0.6956025128498001,
            "support": 916.0
        },
        "accuracy": 0.709061135371179,
        "macro avg": {
            "precision": 0.7107087730256638,
            "recall": 0.7090611353711791,
            "f1-score": 0.7084912721070746,
            "support": 1832.0
        },
        "weighted avg": {
            "precision": 0.7107087730256637,
            "recall": 0.709061135371179,
            "f1-score": 0.7084912721070745,
            "support": 1832.0
        },
        "confusion_matrix": [
            [
                690,
                226
            ],
            [
                307,
                609
            ]
        ]
    },
    "rf_results": {
        "Rush": {
            "precision": 0.7166831194471865,
            "recall": 0.7925764192139738,
            "f1-score": 0.7527216174183515,
            "support": 916.0
        },
        "Pass": {
            "precision": 0.7680097680097681,
            "recall": 0.6866812227074236,
            "f1-score": 0.72507204610951,
            "support": 916.0
        },
        "accuracy": 0.7396288209606987,
        "macro avg": {
            "precision": 0.7423464437284772,
            "recall": 0.7396288209606987,
            "f1-score": 0.7388968317639308,
            "support": 1832.0
        },
        "weighted avg": {
            "precision": 0.7423464437284772,
            "recall": 0.7396288209606987,
            "f1-score": 0.7388968317639307,
            "support": 1832.0
        },
        "confusion_matrix": [
            [
                726,
                190
            ],
            [
                287,
                629
            ]
        ]
    },
    "mlp_results": {
        "Rush": {
            "precision": 0.694560669456067,
            "recall": 0.7248908296943232,
            "f1-score": 0.7094017094017094,
            "support": 916.0
        },
        "Pass": {
            "precision": 0.7123287671232876,
            "recall": 0.6812227074235808,
            "f1-score": 0.6964285714285714,
            "support": 916.0
        },
        "accuracy": 0.7030567685589519,
        "macro avg": {
            "precision": 0.7034447182896773,
            "recall": 0.7030567685589519,
            "f1-score": 0.7029151404151404,
            "support": 1832.0
        },
        "weighted avg": {
            "precision": 0.7034447182896774,
            "recall": 0.7030567685589519,
            "f1-score": 0.7029151404151405,
            "support": 1832.0
        },
        "confusion_matrix": [
            [
                664,
                252
            ],
            [
                292,
                624
            ]
        ]
    },