{
    "last_gcn_results": {
        "Rush": {
            "precision": 0.6711990111248455,
            "recall": 0.5927947598253275,
            "f1-score": 0.6295652173913043,
            "support": 916.0
        },
        "Pass": {
            "precision": 0.7521594684385382,
            "recall": 0.8097281831187411,
            "f1-score": 0.7798828797795384,
            "support": 1398.0
        },
        "accuracy": 0.7238547968885047,
        "macro avg": {
            "precision": 0.7116792397816918,
            "recall": 0.7012614714720342,
            "f1-score": 0.7047240485854214,
            "support": 2314.0
        },
        "weighted avg": {
            "precision": 0.7201111629504905,
            "recall": 0.7238547968885047,
            "f1-score": 0.720379431746858,
            "support": 2314.0
        },
        "confusion_matrix": [
            [
                543,
                373
            ],
            [
                266,
                1132
            ]
        ]
    },
    "best_gcn_results": {
        "Rush": {
            "precision": 0.6711990111248455,
            "recall": 0.5927947598253275,
            "f1-score": 0.6295652173913043,
            "support": 916.0
        },
        "Pass": {
            "precision": 0.7521594684385382,
            "recall": 0.8097281831187411,
            "f1-score": 0.7798828797795384,
            "support": 1398.0
        },
        "accuracy": 0.7238547968885047,
        "macro avg": {
            "precision": 0.7116792397816918,
            "recall": 0.7012614714720342,
            "f1-score": 0.7047240485854214,
            "support": 2314.0
        },
        "weighted avg": {
            "precision": 0.7201111629504905,
            "recall": 0.7238547968885047,
            "f1-score": 0.720379431746858,
            "support": 2314.0
        },
        "confusion_matrix": [
            [
                543,
                373
            ],
            [
                266,
                1132
            ]
        ]
    },
    "rf_results": {
        "Rush": {
            "precision": 0.6703431372549019,
            "recall": 0.5971615720524017,
            "f1-score": 0.6316397228637414,
            "support": 916.0
        },
        "Pass": {
            "precision": 0.7536715620827771,
            "recall": 0.8075822603719599,
            "f1-score": 0.7796961325966851,
            "support": 1398.0
        },
        "accuracy": 0.7242869490060502,
        "macro avg": {
            "precision": 0.7120073496688395,
            "recall": 0.7023719162121809,
            "f1-score": 0.7056679277302133,
            "support": 2314.0
        },
        "weighted avg": {
            "precision": 0.7206858934819415,
            "recall": 0.7242869490060502,
            "f1-score": 0.7210878044569373,
            "support": 2314.0
        },
        "confusion_matrix": [
            [
                547,
                369
            ],
            [
                269,
                1129
            ]
        ]
    },
    "mlp_results": {
        "Rush": {
            "precision": 0.5976138828633406,
            "recall": 0.601528384279476,
            "f1-score": 0.5995647442872688,
            "support": 916.0
        },
        "Pass": {
            "precision": 0.7377873563218391,
            "recall": 0.734620886981402,
            "f1-score": 0.7362007168458782,
            "support": 1398.0
        },
        "accuracy": 0.6819360414866033,
        "macro avg": {
            "precision": 0.6677006195925899,
            "recall": 0.668074635630439,
            "f1-score": 0.6678827305665735,
            "support": 2314.0
        },
        "weighted avg": {
            "precision": 0.682299499066876,
            "recall": 0.6819360414866033,
            "f1-score": 0.6821131840612255,
            "support": 2314.0
        },
        "confusion_matrix": [
            [
                551,
                365
            ],
            [
                371,
                1027
            ]
        ]
    },