{
    "last_gcn_results": {
        "Rush": {
            "precision": 0.6521106259097526,
            "recall": 0.7332242225859247,
            "f1-score": 0.6902927580893683,
            "support": 611.0
        },
        "Pass": {
            "precision": 0.6953271028037383,
            "recall": 0.6088379705400983,
            "f1-score": 0.6492146596858639,
            "support": 611.0
        },
        "accuracy": 0.6710310965630114,
        "macro avg": {
            "precision": 0.6737188643567454,
            "recall": 0.6710310965630115,
            "f1-score": 0.6697537088876161,
            "support": 1222.0
        },
        "weighted avg": {
            "precision": 0.6737188643567454,
            "recall": 0.6710310965630114,
            "f1-score": 0.6697537088876161,
            "support": 1222.0
        },
        "confusion_matrix": [
            [
                448,
                163
            ],
            [
                239,
                372
            ]
        ]
    },
    "best_gcn_results": {
        "Rush": {
            "precision": 0.6521106259097526,
            "recall": 0.7332242225859247,
            "f1-score": 0.6902927580893683,
            "support": 611.0
        },
        "Pass": {
            "precision": 0.6953271028037383,
            "recall": 0.6088379705400983,
            "f1-score": 0.6492146596858639,
            "support": 611.0
        },
        "accuracy": 0.6710310965630114,
        "macro avg": {
            "precision": 0.6737188643567454,
            "recall": 0.6710310965630115,
            "f1-score": 0.6697537088876161,
            "support": 1222.0
        },
        "weighted avg": {
            "precision": 0.6737188643567454,
            "recall": 0.6710310965630114,
            "f1-score": 0.6697537088876161,
            "support": 1222.0
        },
        "confusion_matrix": [
            [
                448,
                163
            ],
            [
                239,
                372
            ]
        ]
    },
    "rf_results": {
        "Rush": {
            "precision": 0.7065868263473054,
            "recall": 0.7725040916530278,
            "f1-score": 0.7380766223612197,
            "support": 611.0
        },
        "Pass": {
            "precision": 0.7490974729241877,
            "recall": 0.679214402618658,
            "f1-score": 0.7124463519313304,
            "support": 611.0
        },
        "accuracy": 0.7258592471358429,
        "macro avg": {
            "precision": 0.7278421496357466,
            "recall": 0.7258592471358429,
            "f1-score": 0.725261487146275,
            "support": 1222.0
        },
        "weighted avg": {
            "precision": 0.7278421496357466,
            "recall": 0.7258592471358429,
            "f1-score": 0.7252614871462751,
            "support": 1222.0
        },
        "confusion_matrix": [
            [
                472,
                139
            ],
            [
                196,
                415
            ]
        ]
    },
    "mlp_results": {
        "Rush": {
            "precision": 0.6936936936936937,
            "recall": 0.630114566284779,
            "f1-score": 0.660377358490566,
            "support": 611.0
        },
        "Pass": {
            "precision": 0.6611694152923538,
            "recall": 0.7217675941080196,
            "f1-score": 0.6901408450704225,
            "support": 611.0
        },
        "accuracy": 0.6759410801963993,
        "macro avg": {
            "precision": 0.6774315544930238,
            "recall": 0.6759410801963993,
            "f1-score": 0.6752591017804943,
            "support": 1222.0
        },
        "weighted avg": {
            "precision": 0.6774315544930238,
            "recall": 0.6759410801963993,
            "f1-score": 0.6752591017804943,
            "support": 1222.0
        },
        "confusion_matrix": [
            [
                385,
                226
            ],
            [
                170,
                441
            ]
        ]
    },
    "config": {
        "RANDOM_SEED": 24,
        "GNN_EPOCHS": 500,
        "GNN_HIDDEN_CHANNELS": 128,
        "GNN_HIDDEN_LAYERS": 1,
        "GNN_LEARNING_RATE": 0.001,
        "GNN_DROPOUT": 0.3,
        "GNN_WEIGHT_DECAY": 0.005,
        "RF_ESTIMATORS": 50,
        "MLP_HIDDEN_CHANNELS": 128,
        "MLP_HIDDEN_LAYERS": 3,
        "MLP_MAX_ITER": 3000,
        "MLP_LEARNING_RATE": 0.01,
        "MLP_ALPHA": 5e-05,
        "VALIDATION_SPLIT": 0.8,
        "TEST_SPLIT": 0.9,
        "SHOW_INFO": true
    }
}