{
    "last_gcn_results": {
        "Rush": {
            "precision": 0.7576243980738363,
            "recall": 0.7725040916530278,
            "f1-score": 0.7649918962722853,
            "support": 611.0
        },
        "Pass": {
            "precision": 0.7679465776293823,
            "recall": 0.7528641571194763,
            "f1-score": 0.7603305785123967,
            "support": 611.0
        },
        "accuracy": 0.762684124386252,
        "macro avg": {
            "precision": 0.7627854878516094,
            "recall": 0.7626841243862521,
            "f1-score": 0.7626612373923409,
            "support": 1222.0
        },
        "weighted avg": {
            "precision": 0.7627854878516093,
            "recall": 0.762684124386252,
            "f1-score": 0.762661237392341,
            "support": 1222.0
        },
        "confusion_matrix": [
            [
                472,
                139
            ],
            [
                151,
                460
            ]
        ]
    },
    "best_gcn_results": {
        "Rush": {
            "precision": 0.7576243980738363,
            "recall": 0.7725040916530278,
            "f1-score": 0.7649918962722853,
            "support": 611.0
        },
        "Pass": {
            "precision": 0.7679465776293823,
            "recall": 0.7528641571194763,
            "f1-score": 0.7603305785123967,
            "support": 611.0
        },
        "accuracy": 0.762684124386252,
        "macro avg": {
            "precision": 0.7627854878516094,
            "recall": 0.7626841243862521,
            "f1-score": 0.7626612373923409,
            "support": 1222.0
        },
        "weighted avg": {
            "precision": 0.7627854878516093,
            "recall": 0.762684124386252,
            "f1-score": 0.762661237392341,
            "support": 1222.0
        },
        "confusion_matrix": [
            [
                472,
                139
            ],
            [
                151,
                460
            ]
        ]
    },
    "rf_results": {
        "Rush": {
            "precision": 0.7132132132132132,
            "recall": 0.7774140752864157,
            "f1-score": 0.7439310884886453,
            "support": 611.0
        },
        "Pass": {
            "precision": 0.7553956834532374,
            "recall": 0.6873977086743044,
            "f1-score": 0.7197943444730077,
            "support": 611.0
        },
        "accuracy": 0.7324058919803601,
        "macro avg": {
            "precision": 0.7343044483332253,
            "recall": 0.73240589198036,
            "f1-score": 0.7318627164808265,
            "support": 1222.0
        },
        "weighted avg": {
            "precision": 0.7343044483332254,
            "recall": 0.7324058919803601,
            "f1-score": 0.7318627164808265,
            "support": 1222.0
        },
        "confusion_matrix": [
            [
                475,
                136
            ],
            [
                191,
                420
            ]
        ]
    },
    "mlp_results": {
        "Rush": {
            "precision": 0.6873015873015873,
            "recall": 0.7086743044189853,
            "f1-score": 0.6978243352135375,
            "support": 611.0
        },
        "Pass": {
            "precision": 0.6993243243243243,
            "recall": 0.6775777414075287,
            "f1-score": 0.6882793017456359,
            "support": 611.0
        },
        "accuracy": 0.693126022913257,
        "macro avg": {
            "precision": 0.6933129558129558,
            "recall": 0.693126022913257,
            "f1-score": 0.6930518184795866,
            "support": 1222.0
        },
        "weighted avg": {
            "precision": 0.6933129558129559,
            "recall": 0.693126022913257,
            "f1-score": 0.6930518184795866,
            "support": 1222.0
        },
        "confusion_matrix": [
            [
                433,
                178
            ],
            [
                197,
                414
            ]
        ]
    },
    "config": {
        "RANDOM_SEED": 4,
        "GNN_EPOCHS": 500,
        "GNN_HIDDEN_CHANNELS": 64,
        "GNN_HIDDEN_LAYERS": 2,
        "GNN_LEARNING_RATE": 0.0001,
        "GNN_DROPOUT": 0.4,
        "GNN_WEIGHT_DECAY": 0.005,
        "RF_ESTIMATORS": 150,
        "MLP_HIDDEN_CHANNELS": 64,
        "MLP_HIDDEN_LAYERS": 2,
        "MLP_MAX_ITER": 3000,
        "MLP_LEARNING_RATE": 0.01,
        "MLP_ALPHA": 0.005,
        "VALIDATION_SPLIT": 0.8,
        "TEST_SPLIT": 0.9,
        "SHOW_INFO": true
    }
}