{
    "last_gcn_results": {
        "Rush": {
            "precision": 0.6736596736596736,
            "recall": 0.47299509001636664,
            "f1-score": 0.5557692307692308,
            "support": 611.0
        },
        "Pass": {
            "precision": 0.5939470365699874,
            "recall": 0.7708674304418985,
            "f1-score": 0.6709401709401709,
            "support": 611.0
        },
        "accuracy": 0.6219312602291326,
        "macro avg": {
            "precision": 0.6338033551148305,
            "recall": 0.6219312602291326,
            "f1-score": 0.6133547008547009,
            "support": 1222.0
        },
        "weighted avg": {
            "precision": 0.6338033551148304,
            "recall": 0.6219312602291326,
            "f1-score": 0.6133547008547008,
            "support": 1222.0
        },
        "confusion_matrix": [
            [
                289,
                322
            ],
            [
                140,
                471
            ]
        ]
    },
    "best_gcn_results": {
        "Rush": {
            "precision": 0.6736596736596736,
            "recall": 0.47299509001636664,
            "f1-score": 0.5557692307692308,
            "support": 611.0
        },
        "Pass": {
            "precision": 0.5939470365699874,
            "recall": 0.7708674304418985,
            "f1-score": 0.6709401709401709,
            "support": 611.0
        },
        "accuracy": 0.6219312602291326,
        "macro avg": {
            "precision": 0.6338033551148305,
            "recall": 0.6219312602291326,
            "f1-score": 0.6133547008547009,
            "support": 1222.0
        },
        "weighted avg": {
            "precision": 0.6338033551148304,
            "recall": 0.6219312602291326,
            "f1-score": 0.6133547008547008,
            "support": 1222.0
        },
        "confusion_matrix": [
            [
                289,
                322
            ],
            [
                140,
                471
            ]
        ]
    },
    "rf_results": {
        "Rush": {
            "precision": 0.7138643067846607,
            "recall": 0.7921440261865794,
            "f1-score": 0.7509697439875873,
            "support": 611.0
        },
        "Pass": {
            "precision": 0.7665441176470589,
            "recall": 0.6824877250409165,
            "f1-score": 0.7220779220779221,
            "support": 611.0
        },
        "accuracy": 0.737315875613748,
        "macro avg": {
            "precision": 0.7402042122158599,
            "recall": 0.7373158756137479,
            "f1-score": 0.7365238330327547,
            "support": 1222.0
        },
        "weighted avg": {
            "precision": 0.7402042122158597,
            "recall": 0.737315875613748,
            "f1-score": 0.7365238330327547,
            "support": 1222.0
        },
        "confusion_matrix": [
            [
                484,
                127
            ],
            [
                194,
                417
            ]
        ]
    },
    "mlp_results": {
        "Rush": {
            "precision": 0.6831683168316832,
            "recall": 0.6775777414075287,
            "f1-score": 0.6803615447822514,
            "support": 611.0
        },
        "Pass": {
            "precision": 0.6801948051948052,
            "recall": 0.6857610474631751,
            "f1-score": 0.6829665851670742,
            "support": 611.0
        },
        "accuracy": 0.6816693944353519,
        "macro avg": {
            "precision": 0.6816815610132443,
            "recall": 0.6816693944353519,
            "f1-score": 0.6816640649746628,
            "support": 1222.0
        },
        "weighted avg": {
            "precision": 0.6816815610132443,
            "recall": 0.6816693944353519,
            "f1-score": 0.6816640649746629,
            "support": 1222.0
        },
        "confusion_matrix": [
            [
                414,
                197
            ],
            [
                192,
                419
            ]
        ]
    },
    "config": {
        "RANDOM_SEED": 4,
        "GNN_EPOCHS": 500,
        "GNN_HIDDEN_CHANNELS": 16,
        "GNN_HIDDEN_LAYERS": 1,
        "GNN_LEARNING_RATE": 0.01,
        "GNN_DROPOUT": 0.2,
        "GNN_WEIGHT_DECAY": 0.005,
        "RF_ESTIMATORS": 100,
        "MLP_HIDDEN_CHANNELS": 32,
        "MLP_HIDDEN_LAYERS": 3,
        "MLP_MAX_ITER": 3000,
        "MLP_LEARNING_RATE": 0.001,
        "MLP_ALPHA": 0.0005,
        "VALIDATION_SPLIT": 0.8,
        "TEST_SPLIT": 0.9,
        "SHOW_INFO": true
    }
}