{
    "last_gcn_results": {
        "Rush": {
            "precision": 0.6833144154370034,
            "recall": 0.6572052401746725,
            "f1-score": 0.6700055648302726,
            "support": 916.0
        },
        "Pass": {
            "precision": 0.6698212407991588,
            "recall": 0.6954148471615721,
            "f1-score": 0.6823781467595073,
            "support": 916.0
        },
        "accuracy": 0.6763100436681223,
        "macro avg": {
            "precision": 0.6765678281180811,
            "recall": 0.6763100436681223,
            "f1-score": 0.6761918557948899,
            "support": 1832.0
        },
        "weighted avg": {
            "precision": 0.6765678281180812,
            "recall": 0.6763100436681223,
            "f1-score": 0.6761918557948899,
            "support": 1832.0
        },
        "confusion_matrix": [
            [
                602,
                314
            ],
            [
                279,
                637
            ]
        ]
    },
    "best_gcn_results": {
        "Rush": {
            "precision": 0.6833144154370034,
            "recall": 0.6572052401746725,
            "f1-score": 0.6700055648302726,
            "support": 916.0
        },
        "Pass": {
            "precision": 0.6698212407991588,
            "recall": 0.6954148471615721,
            "f1-score": 0.6823781467595073,
            "support": 916.0
        },
        "accuracy": 0.6763100436681223,
        "macro avg": {
            "precision": 0.6765678281180811,
            "recall": 0.6763100436681223,
            "f1-score": 0.6761918557948899,
            "support": 1832.0
        },
        "weighted avg": {
            "precision": 0.6765678281180812,
            "recall": 0.6763100436681223,
            "f1-score": 0.6761918557948899,
            "support": 1832.0
        },
        "confusion_matrix": [
            [
                602,
                314
            ],
            [
                279,
                637
            ]
        ]
    },
    "rf_results": {
        "Rush": {
            "precision": 0.7106076210092688,
            "recall": 0.7532751091703057,
            "f1-score": 0.7313195548489666,
            "support": 916.0
        },
        "Pass": {
            "precision": 0.7375145180023229,
            "recall": 0.6932314410480349,
            "f1-score": 0.7146876758581879,
            "support": 916.0
        },
        "accuracy": 0.7232532751091703,
        "macro avg": {
            "precision": 0.7240610695057959,
            "recall": 0.7232532751091703,
            "f1-score": 0.7230036153535773,
            "support": 1832.0
        },
        "weighted avg": {
            "precision": 0.7240610695057959,
            "recall": 0.7232532751091703,
            "f1-score": 0.7230036153535773,
            "support": 1832.0
        },
        "confusion_matrix": [
            [
                690,
                226
            ],
            [
                281,
                635
            ]
        ]
    },
    "mlp_results": {
        "Rush": {
            "precision": 0.7019730010384216,
            "recall": 0.7379912663755459,
            "f1-score": 0.71953166577967,
            "support": 916.0
        },
        "Pass": {
            "precision": 0.7238204833141542,
            "recall": 0.6866812227074236,
            "f1-score": 0.7047619047619048,
            "support": 916.0
        },
        "accuracy": 0.7123362445414847,
        "macro avg": {
            "precision": 0.712896742176288,
            "recall": 0.7123362445414847,
            "f1-score": 0.7121467852707875,
            "support": 1832.0
        },
        "weighted avg": {
            "precision": 0.7128967421762878,
            "recall": 0.7123362445414847,
            "f1-score": 0.7121467852707873,
            "support": 1832.0
        },
        "confusion_matrix": [
            [
                676,
                240
            ],
            [
                287,
                629
            ]
        ]
    },