{
    "last_gcn_results": {
        "Rush": {
            "precision": 0.6675291073738681,
            "recall": 0.5633187772925764,
            "f1-score": 0.61101243339254,
            "support": 916.0
        },
        "Pass": {
            "precision": 0.7404282933160286,
            "recall": 0.8161659513590844,
            "f1-score": 0.776454576386526,
            "support": 1398.0
        },
        "accuracy": 0.716076058772688,
        "macro avg": {
            "precision": 0.7039787003449482,
            "recall": 0.6897423643258305,
            "f1-score": 0.693733504889533,
            "support": 2314.0
        },
        "weighted avg": {
            "precision": 0.7115710528998578,
            "recall": 0.716076058772688,
            "f1-score": 0.710964082444222,
            "support": 2314.0
        },
        "confusion_matrix": [
            [
                516,
                400
            ],
            [
                257,
                1141
            ]
        ]
    },
    "best_gcn_results": {
        "Rush": {
            "precision": 0.6675291073738681,
            "recall": 0.5633187772925764,
            "f1-score": 0.61101243339254,
            "support": 916.0
        },
        "Pass": {
            "precision": 0.7404282933160286,
            "recall": 0.8161659513590844,
            "f1-score": 0.776454576386526,
            "support": 1398.0
        },
        "accuracy": 0.716076058772688,
        "macro avg": {
            "precision": 0.7039787003449482,
            "recall": 0.6897423643258305,
            "f1-score": 0.693733504889533,
            "support": 2314.0
        },
        "weighted avg": {
            "precision": 0.7115710528998578,
            "recall": 0.716076058772688,
            "f1-score": 0.710964082444222,
            "support": 2314.0
        },
        "confusion_matrix": [
            [
                516,
                400
            ],
            [
                257,
                1141
            ]
        ]
    },
    "rf_results": {
        "Rush": {
            "precision": 0.6746698679471789,
            "recall": 0.6135371179039302,
            "f1-score": 0.642652944539737,
            "support": 916.0
        },
        "Pass": {
            "precision": 0.7609723160027009,
            "recall": 0.8061516452074392,
            "f1-score": 0.7829107328933658,
            "support": 1398.0
        },
        "accuracy": 0.72990492653414,
        "macro avg": {
            "precision": 0.7178210919749399,
            "recall": 0.7098443815556847,
            "f1-score": 0.7127818387165514,
            "support": 2314.0
        },
        "weighted avg": {
            "precision": 0.7268093763229869,
            "recall": 0.72990492653414,
            "f1-score": 0.727389499474211,
            "support": 2314.0
        },
        "confusion_matrix": [
            [
                562,
                354
            ],
            [
                271,
                1127
            ]
        ]
    },
    "mlp_results": {
        "Rush": {
            "precision": 0.6126526082130965,
            "recall": 0.6026200873362445,
            "f1-score": 0.6075949367088608,
            "support": 916.0
        },
        "Pass": {
            "precision": 0.7423920736022647,
            "recall": 0.7503576537911302,
            "f1-score": 0.7463536108146567,
            "support": 1398.0
        },
        "accuracy": 0.691875540190147,
        "macro avg": {
            "precision": 0.6775223409076806,
            "recall": 0.6764888705636873,
            "f1-score": 0.6769742737617588,
            "support": 2314.0
        },
        "weighted avg": {
            "precision": 0.6910345324196899,
            "recall": 0.691875540190147,
            "f1-score": 0.6914258037788272,
            "support": 2314.0
        },
        "confusion_matrix": [
            [
                552,
                364
            ],
            [
                349,
                1049
            ]
        ]
    },