{
    "last_gcn_results": {
        "Rush": {
            "precision": 0.7096399535423926,
            "recall": 0.6670305676855895,
            "f1-score": 0.6876758581879572,
            "support": 916.0
        },
        "Pass": {
            "precision": 0.685890834191555,
            "recall": 0.7270742358078602,
            "f1-score": 0.7058823529411765,
            "support": 916.0
        },
        "accuracy": 0.6970524017467249,
        "macro avg": {
            "precision": 0.6977653938669739,
            "recall": 0.6970524017467249,
            "f1-score": 0.6967791055645669,
            "support": 1832.0
        },
        "weighted avg": {
            "precision": 0.6977653938669739,
            "recall": 0.6970524017467249,
            "f1-score": 0.6967791055645668,
            "support": 1832.0
        },
        "confusion_matrix": [
            [
                611,
                305
            ],
            [
                250,
                666
            ]
        ]
    },
    "best_gcn_results": {
        "Rush": {
            "precision": 0.7096399535423926,
            "recall": 0.6670305676855895,
            "f1-score": 0.6876758581879572,
            "support": 916.0
        },
        "Pass": {
            "precision": 0.685890834191555,
            "recall": 0.7270742358078602,
            "f1-score": 0.7058823529411765,
            "support": 916.0
        },
        "accuracy": 0.6970524017467249,
        "macro avg": {
            "precision": 0.6977653938669739,
            "recall": 0.6970524017467249,
            "f1-score": 0.6967791055645669,
            "support": 1832.0
        },
        "weighted avg": {
            "precision": 0.6977653938669739,
            "recall": 0.6970524017467249,
            "f1-score": 0.6967791055645668,
            "support": 1832.0
        },
        "confusion_matrix": [
            [
                611,
                305
            ],
            [
                250,
                666
            ]
        ]
    },
    "rf_results": {
        "Rush": {
            "precision": 0.7204081632653061,
            "recall": 0.7707423580786026,
            "f1-score": 0.7447257383966245,
            "support": 916.0
        },
        "Pass": {
            "precision": 0.7535211267605634,
            "recall": 0.7008733624454149,
            "f1-score": 0.7262443438914027,
            "support": 916.0
        },
        "accuracy": 0.7358078602620087,
        "macro avg": {
            "precision": 0.7369646450129348,
            "recall": 0.7358078602620087,
            "f1-score": 0.7354850411440136,
            "support": 1832.0
        },
        "weighted avg": {
            "precision": 0.7369646450129347,
            "recall": 0.7358078602620087,
            "f1-score": 0.7354850411440136,
            "support": 1832.0
        },
        "confusion_matrix": [
            [
                706,
                210
            ],
            [
                274,
                642
            ]
        ]
    },
    "mlp_results": {
        "Rush": {
            "precision": 0.6975982532751092,
            "recall": 0.6975982532751092,
            "f1-score": 0.6975982532751092,
            "support": 916.0
        },
        "Pass": {
            "precision": 0.6975982532751092,
            "recall": 0.6975982532751092,
            "f1-score": 0.6975982532751092,
            "support": 916.0
        },
        "accuracy": 0.6975982532751092,
        "macro avg": {
            "precision": 0.6975982532751092,
            "recall": 0.6975982532751092,
            "f1-score": 0.6975982532751092,
            "support": 1832.0
        },
        "weighted avg": {
            "precision": 0.6975982532751092,
            "recall": 0.6975982532751092,
            "f1-score": 0.6975982532751092,
            "support": 1832.0
        },
        "confusion_matrix": [
            [
                639,
                277
            ],
            [
                277,
                639
            ]
        ]
    },