{
    "last_gcn_results": {
        "Rush": {
            "precision": 0.6793286219081273,
            "recall": 0.8395196506550219,
            "f1-score": 0.7509765625,
            "support": 916.0
        },
        "Pass": {
            "precision": 0.79,
            "recall": 0.6037117903930131,
            "f1-score": 0.6844059405940595,
            "support": 916.0
        },
        "accuracy": 0.7216157205240175,
        "macro avg": {
            "precision": 0.7346643109540636,
            "recall": 0.7216157205240175,
            "f1-score": 0.7176912515470297,
            "support": 1832.0
        },
        "weighted avg": {
            "precision": 0.7346643109540636,
            "recall": 0.7216157205240175,
            "f1-score": 0.7176912515470297,
            "support": 1832.0
        },
        "confusion_matrix": [
            [
                769,
                147
            ],
            [
                363,
                553
            ]
        ]
    },
    "best_gcn_results": {
        "Rush": {
            "precision": 0.6793286219081273,
            "recall": 0.8395196506550219,
            "f1-score": 0.7509765625,
            "support": 916.0
        },
        "Pass": {
            "precision": 0.79,
            "recall": 0.6037117903930131,
            "f1-score": 0.6844059405940595,
            "support": 916.0
        },
        "accuracy": 0.7216157205240175,
        "macro avg": {
            "precision": 0.7346643109540636,
            "recall": 0.7216157205240175,
            "f1-score": 0.7176912515470297,
            "support": 1832.0
        },
        "weighted avg": {
            "precision": 0.7346643109540636,
            "recall": 0.7216157205240175,
            "f1-score": 0.7176912515470297,
            "support": 1832.0
        },
        "confusion_matrix": [
            [
                769,
                147
            ],
            [
                363,
                553
            ]
        ]
    },
    "rf_results": {
        "Rush": {
            "precision": 0.7283702213279678,
            "recall": 0.7903930131004366,
            "f1-score": 0.7581151832460733,
            "support": 916.0
        },
        "Pass": {
            "precision": 0.7708830548926014,
            "recall": 0.7052401746724891,
            "f1-score": 0.7366020524515393,
            "support": 916.0
        },
        "accuracy": 0.7478165938864629,
        "macro avg": {
            "precision": 0.7496266381102846,
            "recall": 0.7478165938864629,
            "f1-score": 0.7473586178488063,
            "support": 1832.0
        },
        "weighted avg": {
            "precision": 0.7496266381102845,
            "recall": 0.7478165938864629,
            "f1-score": 0.7473586178488063,
            "support": 1832.0
        },
        "confusion_matrix": [
            [
                724,
                192
            ],
            [
                270,
                646
            ]
        ]
    },
    "mlp_results": {
        "Rush": {
            "precision": 0.6677350427350427,
            "recall": 0.6823144104803494,
            "f1-score": 0.6749460043196545,
            "support": 916.0
        },
        "Pass": {
            "precision": 0.6752232142857143,
            "recall": 0.6604803493449781,
            "f1-score": 0.6677704194260485,
            "support": 916.0
        },
        "accuracy": 0.6713973799126638,
        "macro avg": {
            "precision": 0.6714791285103785,
            "recall": 0.6713973799126638,
            "f1-score": 0.6713582118728515,
            "support": 1832.0
        },
        "weighted avg": {
            "precision": 0.6714791285103786,
            "recall": 0.6713973799126638,
            "f1-score": 0.6713582118728516,
            "support": 1832.0
        },
        "confusion_matrix": [
            [
                625,
                291
            ],
            [
                311,
                605
            ]
        ]
    },