{
    "last_gcn_results": {
        "Rush": {
            "precision": 0.740072202166065,
            "recall": 0.6713973799126638,
            "f1-score": 0.7040641099026903,
            "support": 916.0
        },
        "Pass": {
            "precision": 0.6993006993006993,
            "recall": 0.7641921397379913,
            "f1-score": 0.7303077725612936,
            "support": 916.0
        },
        "accuracy": 0.7177947598253275,
        "macro avg": {
            "precision": 0.7196864507333821,
            "recall": 0.7177947598253276,
            "f1-score": 0.717185941231992,
            "support": 1832.0
        },
        "weighted avg": {
            "precision": 0.7196864507333821,
            "recall": 0.7177947598253275,
            "f1-score": 0.717185941231992,
            "support": 1832.0
        },
        "confusion_matrix": [
            [
                615,
                301
            ],
            [
                216,
                700
            ]
        ]
    },
    "best_gcn_results": {
        "Rush": {
            "precision": 0.740072202166065,
            "recall": 0.6713973799126638,
            "f1-score": 0.7040641099026903,
            "support": 916.0
        },
        "Pass": {
            "precision": 0.6993006993006993,
            "recall": 0.7641921397379913,
            "f1-score": 0.7303077725612936,
            "support": 916.0
        },
        "accuracy": 0.7177947598253275,
        "macro avg": {
            "precision": 0.7196864507333821,
            "recall": 0.7177947598253276,
            "f1-score": 0.717185941231992,
            "support": 1832.0
        },
        "weighted avg": {
            "precision": 0.7196864507333821,
            "recall": 0.7177947598253275,
            "f1-score": 0.717185941231992,
            "support": 1832.0
        },
        "confusion_matrix": [
            [
                615,
                301
            ],
            [
                216,
                700
            ]
        ]
    },
    "rf_results": {
        "Rush": {
            "precision": 0.7213779128672746,
            "recall": 0.777292576419214,
            "f1-score": 0.7482921702574882,
            "support": 916.0
        },
        "Pass": {
            "precision": 0.7585798816568048,
            "recall": 0.6997816593886463,
            "f1-score": 0.7279954571266326,
            "support": 916.0
        },
        "accuracy": 0.7385371179039302,
        "macro avg": {
            "precision": 0.7399788972620397,
            "recall": 0.7385371179039302,
            "f1-score": 0.7381438136920604,
            "support": 1832.0
        },
        "weighted avg": {
            "precision": 0.7399788972620397,
            "recall": 0.7385371179039302,
            "f1-score": 0.7381438136920604,
            "support": 1832.0
        },
        "confusion_matrix": [
            [
                712,
                204
            ],
            [
                275,
                641
            ]
        ]
    },
    "mlp_results": {
        "Rush": {
            "precision": 0.7065934065934066,
            "recall": 0.7019650655021834,
            "f1-score": 0.7042716319824753,
            "support": 916.0
        },
        "Pass": {
            "precision": 0.7039045553145337,
            "recall": 0.7085152838427947,
            "f1-score": 0.70620239390642,
            "support": 916.0
        },
        "accuracy": 0.7052401746724891,
        "macro avg": {
            "precision": 0.7052489809539702,
            "recall": 0.705240174672489,
            "f1-score": 0.7052370129444476,
            "support": 1832.0
        },
        "weighted avg": {
            "precision": 0.7052489809539702,
            "recall": 0.7052401746724891,
            "f1-score": 0.7052370129444477,
            "support": 1832.0
        },
        "confusion_matrix": [
            [
                643,
                273
            ],
            [
                267,
                649
            ]
        ]
    },