{
    "last_gcn_results": {
        "Rush": {
            "precision": 0.7162790697674418,
            "recall": 0.7561374795417348,
            "f1-score": 0.7356687898089171,
            "support": 611.0
        },
        "Pass": {
            "precision": 0.7417677642980935,
            "recall": 0.7004909983633388,
            "f1-score": 0.7205387205387206,
            "support": 611.0
        },
        "accuracy": 0.7283142389525368,
        "macro avg": {
            "precision": 0.7290234170327676,
            "recall": 0.7283142389525368,
            "f1-score": 0.7281037551738189,
            "support": 1222.0
        },
        "weighted avg": {
            "precision": 0.7290234170327676,
            "recall": 0.7283142389525368,
            "f1-score": 0.7281037551738189,
            "support": 1222.0
        },
        "confusion_matrix": [
            [
                462,
                149
            ],
            [
                183,
                428
            ]
        ]
    },
    "best_gcn_results": {
        "Rush": {
            "precision": 0.7162790697674418,
            "recall": 0.7561374795417348,
            "f1-score": 0.7356687898089171,
            "support": 611.0
        },
        "Pass": {
            "precision": 0.7417677642980935,
            "recall": 0.7004909983633388,
            "f1-score": 0.7205387205387206,
            "support": 611.0
        },
        "accuracy": 0.7283142389525368,
        "macro avg": {
            "precision": 0.7290234170327676,
            "recall": 0.7283142389525368,
            "f1-score": 0.7281037551738189,
            "support": 1222.0
        },
        "weighted avg": {
            "precision": 0.7290234170327676,
            "recall": 0.7283142389525368,
            "f1-score": 0.7281037551738189,
            "support": 1222.0
        },
        "confusion_matrix": [
            [
                462,
                149
            ],
            [
                183,
                428
            ]
        ]
    },
    "rf_results": {
        "Rush": {
            "precision": 0.7177177177177178,
            "recall": 0.7823240589198036,
            "f1-score": 0.7486296006264683,
            "support": 611.0
        },
        "Pass": {
            "precision": 0.7607913669064749,
            "recall": 0.6923076923076923,
            "f1-score": 0.7249357326478149,
            "support": 611.0
        },
        "accuracy": 0.737315875613748,
        "macro avg": {
            "precision": 0.7392545423120963,
            "recall": 0.7373158756137479,
            "f1-score": 0.7367826666371415,
            "support": 1222.0
        },
        "weighted avg": {
            "precision": 0.7392545423120963,
            "recall": 0.737315875613748,
            "f1-score": 0.7367826666371416,
            "support": 1222.0
        },
        "confusion_matrix": [
            [
                478,
                133
            ],
            [
                188,
                423
            ]
        ]
    },
    "mlp_results": {
        "Rush": {
            "precision": 0.6802610114192496,
            "recall": 0.6824877250409165,
            "f1-score": 0.6813725490196079,
            "support": 611.0
        },
        "Pass": {
            "precision": 0.6814449917898193,
            "recall": 0.679214402618658,
            "f1-score": 0.680327868852459,
            "support": 611.0
        },
        "accuracy": 0.6808510638297872,
        "macro avg": {
            "precision": 0.6808530016045344,
            "recall": 0.6808510638297872,
            "f1-score": 0.6808502089360334,
            "support": 1222.0
        },
        "weighted avg": {
            "precision": 0.6808530016045344,
            "recall": 0.6808510638297872,
            "f1-score": 0.6808502089360334,
            "support": 1222.0
        },
        "confusion_matrix": [
            [
                417,
                194
            ],
            [
                196,
                415
            ]
        ]
    },
    "config": {
        "RANDOM_SEED": 3,
        "GNN_EPOCHS": 100,
        "GNN_HIDDEN_CHANNELS": 128,
        "GNN_HIDDEN_LAYERS": 3,
        "GNN_LEARNING_RATE": 0.001,
        "GNN_DROPOUT": 0.4,
        "GNN_WEIGHT_DECAY": 5e-05,
        "RF_ESTIMATORS": 100,
        "MLP_HIDDEN_CHANNELS": 128,
        "MLP_HIDDEN_LAYERS": 3,
        "MLP_MAX_ITER": 3000,
        "MLP_LEARNING_RATE": 0.01,
        "MLP_ALPHA": 5e-05,
        "VALIDATION_SPLIT": 0.8,
        "TEST_SPLIT": 0.9,
        "SHOW_INFO": true
    }
}