{
    "last_gcn_results": {
        "Rush": {
            "precision": 0.6779911373707533,
            "recall": 0.7512274959083469,
            "f1-score": 0.7127329192546584,
            "support": 611.0
        },
        "Pass": {
            "precision": 0.7211009174311926,
            "recall": 0.6432078559738135,
            "f1-score": 0.6799307958477508,
            "support": 611.0
        },
        "accuracy": 0.6972176759410802,
        "macro avg": {
            "precision": 0.699546027400973,
            "recall": 0.6972176759410802,
            "f1-score": 0.6963318575512046,
            "support": 1222.0
        },
        "weighted avg": {
            "precision": 0.6995460274009729,
            "recall": 0.6972176759410802,
            "f1-score": 0.6963318575512046,
            "support": 1222.0
        },
        "confusion_matrix": [
            [
                459,
                152
            ],
            [
                218,
                393
            ]
        ]
    },
    "best_gcn_results": {
        "Rush": {
            "precision": 0.6779911373707533,
            "recall": 0.7512274959083469,
            "f1-score": 0.7127329192546584,
            "support": 611.0
        },
        "Pass": {
            "precision": 0.7211009174311926,
            "recall": 0.6432078559738135,
            "f1-score": 0.6799307958477508,
            "support": 611.0
        },
        "accuracy": 0.6972176759410802,
        "macro avg": {
            "precision": 0.699546027400973,
            "recall": 0.6972176759410802,
            "f1-score": 0.6963318575512046,
            "support": 1222.0
        },
        "weighted avg": {
            "precision": 0.6995460274009729,
            "recall": 0.6972176759410802,
            "f1-score": 0.6963318575512046,
            "support": 1222.0
        },
        "confusion_matrix": [
            [
                459,
                152
            ],
            [
                218,
                393
            ]
        ]
    },
    "rf_results": {
        "Rush": {
            "precision": 0.7056277056277056,
            "recall": 0.8003273322422259,
            "f1-score": 0.75,
            "support": 611.0
        },
        "Pass": {
            "precision": 0.7693761814744802,
            "recall": 0.6661211129296236,
            "f1-score": 0.7140350877192982,
            "support": 611.0
        },
        "accuracy": 0.7332242225859247,
        "macro avg": {
            "precision": 0.7375019435510929,
            "recall": 0.7332242225859247,
            "f1-score": 0.7320175438596491,
            "support": 1222.0
        },
        "weighted avg": {
            "precision": 0.7375019435510929,
            "recall": 0.7332242225859247,
            "f1-score": 0.7320175438596492,
            "support": 1222.0
        },
        "confusion_matrix": [
            [
                489,
                122
            ],
            [
                204,
                407
            ]
        ]
    },
    "mlp_results": {
        "Rush": {
            "precision": 0.6904024767801857,
            "recall": 0.7299509001636661,
            "f1-score": 0.7096260938743039,
            "support": 611.0
        },
        "Pass": {
            "precision": 0.7135416666666666,
            "recall": 0.6726677577741408,
            "f1-score": 0.6925021061499579,
            "support": 611.0
        },
        "accuracy": 0.7013093289689034,
        "macro avg": {
            "precision": 0.7019720717234261,
            "recall": 0.7013093289689034,
            "f1-score": 0.7010641000121309,
            "support": 1222.0
        },
        "weighted avg": {
            "precision": 0.7019720717234261,
            "recall": 0.7013093289689034,
            "f1-score": 0.7010641000121308,
            "support": 1222.0
        },
        "confusion_matrix": [
            [
                446,
                165
            ],
            [
                200,
                411
            ]
        ]
    },
    "config": {
        "RANDOM_SEED": 13,
        "GNN_EPOCHS": 500,
        "GNN_HIDDEN_CHANNELS": 64,
        "GNN_HIDDEN_LAYERS": 3,
        "GNN_LEARNING_RATE": 1e-05,
        "GNN_DROPOUT": 0.3,
        "GNN_WEIGHT_DECAY": 5e-05,
        "RF_ESTIMATORS": 50,
        "MLP_HIDDEN_CHANNELS": 128,
        "MLP_HIDDEN_LAYERS": 1,
        "MLP_MAX_ITER": 3000,
        "MLP_LEARNING_RATE": 0.01,
        "MLP_ALPHA": 5e-05,
        "VALIDATION_SPLIT": 0.8,
        "TEST_SPLIT": 0.9,
        "SHOW_INFO": true
    }
}