{
    "last_gcn_results": {
        "Rush": {
            "precision": 0.7464183381088825,
            "recall": 0.8527004909983633,
            "f1-score": 0.7960275019098548,
            "support": 611.0
        },
        "Pass": {
            "precision": 0.8282442748091603,
            "recall": 0.7103109656301145,
            "f1-score": 0.7647577092511013,
            "support": 611.0
        },
        "accuracy": 0.7815057283142389,
        "macro avg": {
            "precision": 0.7873313064590214,
            "recall": 0.7815057283142389,
            "f1-score": 0.7803926055804781,
            "support": 1222.0
        },
        "weighted avg": {
            "precision": 0.7873313064590214,
            "recall": 0.7815057283142389,
            "f1-score": 0.7803926055804782,
            "support": 1222.0
        },
        "confusion_matrix": [
            [
                521,
                90
            ],
            [
                177,
                434
            ]
        ]
    },
    "best_gcn_results": {
        "Rush": {
            "precision": 0.7464183381088825,
            "recall": 0.8527004909983633,
            "f1-score": 0.7960275019098548,
            "support": 611.0
        },
        "Pass": {
            "precision": 0.8282442748091603,
            "recall": 0.7103109656301145,
            "f1-score": 0.7647577092511013,
            "support": 611.0
        },
        "accuracy": 0.7815057283142389,
        "macro avg": {
            "precision": 0.7873313064590214,
            "recall": 0.7815057283142389,
            "f1-score": 0.7803926055804781,
            "support": 1222.0
        },
        "weighted avg": {
            "precision": 0.7873313064590214,
            "recall": 0.7815057283142389,
            "f1-score": 0.7803926055804782,
            "support": 1222.0
        },
        "confusion_matrix": [
            [
                521,
                90
            ],
            [
                177,
                434
            ]
        ]
    },
    "rf_results": {
        "Rush": {
            "precision": 0.7144970414201184,
            "recall": 0.79050736497545,
            "f1-score": 0.7505827505827506,
            "support": 611.0
        },
        "Pass": {
            "precision": 0.7655677655677655,
            "recall": 0.6841243862520459,
            "f1-score": 0.7225583405358686,
            "support": 611.0
        },
        "accuracy": 0.737315875613748,
        "macro avg": {
            "precision": 0.740032403493942,
            "recall": 0.7373158756137479,
            "f1-score": 0.7365705455593097,
            "support": 1222.0
        },
        "weighted avg": {
            "precision": 0.7400324034939418,
            "recall": 0.737315875613748,
            "f1-score": 0.7365705455593097,
            "support": 1222.0
        },
        "confusion_matrix": [
            [
                483,
                128
            ],
            [
                193,
                418
            ]
        ]
    },
    "mlp_results": {
        "Rush": {
            "precision": 0.7096774193548387,
            "recall": 0.7921440261865794,
            "f1-score": 0.748646558391338,
            "support": 611.0
        },
        "Pass": {
            "precision": 0.7648148148148148,
            "recall": 0.6759410801963993,
            "f1-score": 0.7176368375325803,
            "support": 611.0
        },
        "accuracy": 0.7340425531914894,
        "macro avg": {
            "precision": 0.7372461170848268,
            "recall": 0.7340425531914894,
            "f1-score": 0.7331416979619592,
            "support": 1222.0
        },
        "weighted avg": {
            "precision": 0.7372461170848268,
            "recall": 0.7340425531914894,
            "f1-score": 0.7331416979619592,
            "support": 1222.0
        },
        "confusion_matrix": [
            [
                484,
                127
            ],
            [
                198,
                413
            ]
        ]
    },
    "config": {
        "RANDOM_SEED": 8,
        "GNN_EPOCHS": 500,
        "GNN_HIDDEN_CHANNELS": 64,
        "GNN_HIDDEN_LAYERS": 2,
        "GNN_LEARNING_RATE": 0.001,
        "GNN_DROPOUT": 0.3,
        "GNN_WEIGHT_DECAY": 5e-05,
        "RF_ESTIMATORS": 50,
        "MLP_HIDDEN_CHANNELS": 32,
        "MLP_HIDDEN_LAYERS": 1,
        "MLP_MAX_ITER": 3000,
        "MLP_LEARNING_RATE": 0.01,
        "MLP_ALPHA": 5e-05,
        "VALIDATION_SPLIT": 0.8,
        "TEST_SPLIT": 0.9,
        "SHOW_INFO": true
    }
}