{
    "last_gcn_results": {
        "Rush": {
            "precision": 0.7253588516746412,
            "recall": 0.8275109170305677,
            "f1-score": 0.7730749617542071,
            "support": 916.0
        },
        "Pass": {
            "precision": 0.7992376111817027,
            "recall": 0.6866812227074236,
            "f1-score": 0.738696418085731,
            "support": 916.0
        },
        "accuracy": 0.7570960698689956,
        "macro avg": {
            "precision": 0.7622982314281719,
            "recall": 0.7570960698689957,
            "f1-score": 0.7558856899199691,
            "support": 1832.0
        },
        "weighted avg": {
            "precision": 0.762298231428172,
            "recall": 0.7570960698689956,
            "f1-score": 0.755885689919969,
            "support": 1832.0
        },
        "confusion_matrix": [
            [
                758,
                158
            ],
            [
                287,
                629
            ]
        ]
    },
    "best_gcn_results": {
        "Rush": {
            "precision": 0.7253588516746412,
            "recall": 0.8275109170305677,
            "f1-score": 0.7730749617542071,
            "support": 916.0
        },
        "Pass": {
            "precision": 0.7992376111817027,
            "recall": 0.6866812227074236,
            "f1-score": 0.738696418085731,
            "support": 916.0
        },
        "accuracy": 0.7570960698689956,
        "macro avg": {
            "precision": 0.7622982314281719,
            "recall": 0.7570960698689957,
            "f1-score": 0.7558856899199691,
            "support": 1832.0
        },
        "weighted avg": {
            "precision": 0.762298231428172,
            "recall": 0.7570960698689956,
            "f1-score": 0.755885689919969,
            "support": 1832.0
        },
        "confusion_matrix": [
            [
                758,
                158
            ],
            [
                287,
                629
            ]
        ]
    },
    "rf_results": {
        "Rush": {
            "precision": 0.7141424272818455,
            "recall": 0.777292576419214,
            "f1-score": 0.7443805541035023,
            "support": 916.0
        },
        "Pass": {
            "precision": 0.755688622754491,
            "recall": 0.6888646288209607,
            "f1-score": 0.7207310108509423,
            "support": 916.0
        },
        "accuracy": 0.7330786026200873,
        "macro avg": {
            "precision": 0.7349155250181683,
            "recall": 0.7330786026200873,
            "f1-score": 0.7325557824772223,
            "support": 1832.0
        },
        "weighted avg": {
            "precision": 0.7349155250181683,
            "recall": 0.7330786026200873,
            "f1-score": 0.7325557824772224,
            "support": 1832.0
        },
        "confusion_matrix": [
            [
                712,
                204
            ],
            [
                285,
                631
            ]
        ]
    },
    "mlp_results": {
        "Rush": {
            "precision": 0.6602150537634408,
            "recall": 0.6703056768558951,
            "f1-score": 0.6652221018418202,
            "support": 916.0
        },
        "Pass": {
            "precision": 0.6651884700665188,
            "recall": 0.6550218340611353,
            "f1-score": 0.6600660066006601,
            "support": 916.0
        },
        "accuracy": 0.6626637554585153,
        "macro avg": {
            "precision": 0.6627017619149798,
            "recall": 0.6626637554585153,
            "f1-score": 0.6626440542212402,
            "support": 1832.0
        },
        "weighted avg": {
            "precision": 0.6627017619149799,
            "recall": 0.6626637554585153,
            "f1-score": 0.6626440542212402,
            "support": 1832.0
        },
        "confusion_matrix": [
            [
                614,
                302
            ],
            [
                316,
                600
            ]
        ]
    },
    "config": {
        "RANDOM_SEED": 11,
        "GNN_EPOCHS": 500,
        "GNN_HIDDEN_CHANNELS": 64,
        "GNN_HIDDEN_LAYERS": 2,
        "GNN_LEARNING_RATE": 0.001,
        "GNN_DROPOUT": 0.2,
        "GNN_WEIGHT_DECAY": 0.0005,
        "RF_ESTIMATORS": 150,
        "MLP_HIDDEN_CHANNELS": 64,
        "MLP_HIDDEN_LAYERS": 2,
        "MLP_MAX_ITER": 3000,
        "MLP_LEARNING_RATE": 0.0001,
        "MLP_ALPHA": 5e-05,
        "VALIDATION_SPLIT": 0.7,
        "TEST_SPLIT": 0.85,
        "SHOW_INFO": true
    }
}