{
    "last_gcn_results": {
        "Rush": {
            "precision": 0.7128205128205128,
            "recall": 0.6824877250409165,
            "f1-score": 0.697324414715719,
            "support": 611.0
        },
        "Pass": {
            "precision": 0.695447409733124,
            "recall": 0.7250409165302782,
            "f1-score": 0.7099358974358975,
            "support": 611.0
        },
        "accuracy": 0.7037643207855974,
        "macro avg": {
            "precision": 0.7041339612768185,
            "recall": 0.7037643207855974,
            "f1-score": 0.7036301560758083,
            "support": 1222.0
        },
        "weighted avg": {
            "precision": 0.7041339612768184,
            "recall": 0.7037643207855974,
            "f1-score": 0.7036301560758083,
            "support": 1222.0
        },
        "confusion_matrix": [
            [
                417,
                194
            ],
            [
                168,
                443
            ]
        ]
    },
    "best_gcn_results": {
        "Rush": {
            "precision": 0.7128205128205128,
            "recall": 0.6824877250409165,
            "f1-score": 0.697324414715719,
            "support": 611.0
        },
        "Pass": {
            "precision": 0.695447409733124,
            "recall": 0.7250409165302782,
            "f1-score": 0.7099358974358975,
            "support": 611.0
        },
        "accuracy": 0.7037643207855974,
        "macro avg": {
            "precision": 0.7041339612768185,
            "recall": 0.7037643207855974,
            "f1-score": 0.7036301560758083,
            "support": 1222.0
        },
        "weighted avg": {
            "precision": 0.7041339612768184,
            "recall": 0.7037643207855974,
            "f1-score": 0.7036301560758083,
            "support": 1222.0
        },
        "confusion_matrix": [
            [
                417,
                194
            ],
            [
                168,
                443
            ]
        ]
    },
    "rf_results": {
        "Rush": {
            "precision": 0.7177177177177178,
            "recall": 0.7823240589198036,
            "f1-score": 0.7486296006264683,
            "support": 611.0
        },
        "Pass": {
            "precision": 0.7607913669064749,
            "recall": 0.6923076923076923,
            "f1-score": 0.7249357326478149,
            "support": 611.0
        },
        "accuracy": 0.737315875613748,
        "macro avg": {
            "precision": 0.7392545423120963,
            "recall": 0.7373158756137479,
            "f1-score": 0.7367826666371415,
            "support": 1222.0
        },
        "weighted avg": {
            "precision": 0.7392545423120963,
            "recall": 0.737315875613748,
            "f1-score": 0.7367826666371416,
            "support": 1222.0
        },
        "confusion_matrix": [
            [
                478,
                133
            ],
            [
                188,
                423
            ]
        ]
    },
    "mlp_results": {
        "Rush": {
            "precision": 0.6687306501547987,
            "recall": 0.707037643207856,
            "f1-score": 0.6873508353221957,
            "support": 611.0
        },
        "Pass": {
            "precision": 0.6892361111111112,
            "recall": 0.6497545008183306,
            "f1-score": 0.6689132266217355,
            "support": 611.0
        },
        "accuracy": 0.6783960720130933,
        "macro avg": {
            "precision": 0.6789833806329549,
            "recall": 0.6783960720130933,
            "f1-score": 0.6781320309719656,
            "support": 1222.0
        },
        "weighted avg": {
            "precision": 0.6789833806329549,
            "recall": 0.6783960720130933,
            "f1-score": 0.6781320309719655,
            "support": 1222.0
        },
        "confusion_matrix": [
            [
                432,
                179
            ],
            [
                214,
                397
            ]
        ]
    },
    "config": {
        "RANDOM_SEED": 3,
        "GNN_EPOCHS": 500,
        "GNN_HIDDEN_CHANNELS": 128,
        "GNN_HIDDEN_LAYERS": 3,
        "GNN_LEARNING_RATE": 0.001,
        "GNN_DROPOUT": 0.4,
        "GNN_WEIGHT_DECAY": 5e-05,
        "RF_ESTIMATORS": 100,
        "MLP_HIDDEN_CHANNELS": 128,
        "MLP_HIDDEN_LAYERS": 3,
        "MLP_MAX_ITER": 3000,
        "MLP_LEARNING_RATE": 0.01,
        "MLP_ALPHA": 5e-05,
        "VALIDATION_SPLIT": 0.8,
        "TEST_SPLIT": 0.9,
        "SHOW_INFO": true
    }
}