{
    "last_gcn_results": {
        "Rush": {
            "precision": 0.7487001733102253,
            "recall": 0.707037643207856,
            "f1-score": 0.7272727272727273,
            "support": 611.0
        },
        "Pass": {
            "precision": 0.7224806201550388,
            "recall": 0.762684124386252,
            "f1-score": 0.7420382165605095,
            "support": 611.0
        },
        "accuracy": 0.734860883797054,
        "macro avg": {
            "precision": 0.735590396732632,
            "recall": 0.734860883797054,
            "f1-score": 0.7346554719166184,
            "support": 1222.0
        },
        "weighted avg": {
            "precision": 0.735590396732632,
            "recall": 0.734860883797054,
            "f1-score": 0.7346554719166184,
            "support": 1222.0
        },
        "confusion_matrix": [
            [
                432,
                179
            ],
            [
                145,
                466
            ]
        ]
    },
    "best_gcn_results": {
        "Rush": {
            "precision": 0.7487001733102253,
            "recall": 0.707037643207856,
            "f1-score": 0.7272727272727273,
            "support": 611.0
        },
        "Pass": {
            "precision": 0.7224806201550388,
            "recall": 0.762684124386252,
            "f1-score": 0.7420382165605095,
            "support": 611.0
        },
        "accuracy": 0.734860883797054,
        "macro avg": {
            "precision": 0.735590396732632,
            "recall": 0.734860883797054,
            "f1-score": 0.7346554719166184,
            "support": 1222.0
        },
        "weighted avg": {
            "precision": 0.735590396732632,
            "recall": 0.734860883797054,
            "f1-score": 0.7346554719166184,
            "support": 1222.0
        },
        "confusion_matrix": [
            [
                432,
                179
            ],
            [
                145,
                466
            ]
        ]
    },
    "rf_results": {
        "Rush": {
            "precision": 0.7050898203592815,
            "recall": 0.7708674304418985,
            "f1-score": 0.7365129007036747,
            "support": 611.0
        },
        "Pass": {
            "precision": 0.7472924187725631,
            "recall": 0.6775777414075287,
            "f1-score": 0.7107296137339055,
            "support": 611.0
        },
        "accuracy": 0.7242225859247136,
        "macro avg": {
            "precision": 0.7261911195659223,
            "recall": 0.7242225859247136,
            "f1-score": 0.7236212572187901,
            "support": 1222.0
        },
        "weighted avg": {
            "precision": 0.7261911195659223,
            "recall": 0.7242225859247136,
            "f1-score": 0.7236212572187901,
            "support": 1222.0
        },
        "confusion_matrix": [
            [
                471,
                140
            ],
            [
                197,
                414
            ]
        ]
    },
    "mlp_results": {
        "Rush": {
            "precision": 0.6884422110552764,
            "recall": 0.6726677577741408,
            "f1-score": 0.6804635761589404,
            "support": 611.0
        },
        "Pass": {
            "precision": 0.68,
            "recall": 0.6955810147299509,
            "f1-score": 0.6877022653721683,
            "support": 611.0
        },
        "accuracy": 0.6841243862520459,
        "macro avg": {
            "precision": 0.6842211055276382,
            "recall": 0.6841243862520459,
            "f1-score": 0.6840829207655543,
            "support": 1222.0
        },
        "weighted avg": {
            "precision": 0.6842211055276382,
            "recall": 0.6841243862520459,
            "f1-score": 0.6840829207655543,
            "support": 1222.0
        },
        "confusion_matrix": [
            [
                411,
                200
            ],
            [
                186,
                425
            ]
        ]
    },
    "config": {
        "RANDOM_SEED": 21,
        "GNN_EPOCHS": 500,
        "GNN_HIDDEN_CHANNELS": 64,
        "GNN_HIDDEN_LAYERS": 3,
        "GNN_LEARNING_RATE": 0.0001,
        "GNN_DROPOUT": 0.4,
        "GNN_WEIGHT_DECAY": 0.0005,
        "RF_ESTIMATORS": 50,
        "MLP_HIDDEN_CHANNELS": 64,
        "MLP_HIDDEN_LAYERS": 3,
        "MLP_MAX_ITER": 3000,
        "MLP_LEARNING_RATE": 0.01,
        "MLP_ALPHA": 5e-05,
        "VALIDATION_SPLIT": 0.8,
        "TEST_SPLIT": 0.9,
        "SHOW_INFO": true
    }
}