{
    "last_gcn_results": {
        "Rush": {
            "precision": 0.6818181818181818,
            "recall": 0.8101472995090017,
            "f1-score": 0.7404637247569185,
            "support": 611.0
        },
        "Pass": {
            "precision": 0.7661290322580645,
            "recall": 0.6219312602291326,
            "f1-score": 0.6865401987353207,
            "support": 611.0
        },
        "accuracy": 0.7160392798690671,
        "macro avg": {
            "precision": 0.7239736070381231,
            "recall": 0.7160392798690671,
            "f1-score": 0.7135019617461196,
            "support": 1222.0
        },
        "weighted avg": {
            "precision": 0.7239736070381232,
            "recall": 0.7160392798690671,
            "f1-score": 0.7135019617461195,
            "support": 1222.0
        },
        "confusion_matrix": [
            [
                495,
                116
            ],
            [
                231,
                380
            ]
        ]
    },
    "best_gcn_results": {
        "Rush": {
            "precision": 0.6818181818181818,
            "recall": 0.8101472995090017,
            "f1-score": 0.7404637247569185,
            "support": 611.0
        },
        "Pass": {
            "precision": 0.7661290322580645,
            "recall": 0.6219312602291326,
            "f1-score": 0.6865401987353207,
            "support": 611.0
        },
        "accuracy": 0.7160392798690671,
        "macro avg": {
            "precision": 0.7239736070381231,
            "recall": 0.7160392798690671,
            "f1-score": 0.7135019617461196,
            "support": 1222.0
        },
        "weighted avg": {
            "precision": 0.7239736070381232,
            "recall": 0.7160392798690671,
            "f1-score": 0.7135019617461195,
            "support": 1222.0
        },
        "confusion_matrix": [
            [
                495,
                116
            ],
            [
                231,
                380
            ]
        ]
    },
    "rf_results": {
        "Rush": {
            "precision": 0.6942392909896603,
            "recall": 0.7692307692307693,
            "f1-score": 0.7298136645962733,
            "support": 611.0
        },
        "Pass": {
            "precision": 0.7412844036697248,
            "recall": 0.6612111292962357,
            "f1-score": 0.698961937716263,
            "support": 611.0
        },
        "accuracy": 0.7152209492635024,
        "macro avg": {
            "precision": 0.7177618473296925,
            "recall": 0.7152209492635024,
            "f1-score": 0.7143878011562681,
            "support": 1222.0
        },
        "weighted avg": {
            "precision": 0.7177618473296925,
            "recall": 0.7152209492635024,
            "f1-score": 0.7143878011562682,
            "support": 1222.0
        },
        "confusion_matrix": [
            [
                470,
                141
            ],
            [
                207,
                404
            ]
        ]
    },
    "mlp_results": {
        "Rush": {
            "precision": 0.713128038897893,
            "recall": 0.7201309328968903,
            "f1-score": 0.7166123778501629,
            "support": 611.0
        },
        "Pass": {
            "precision": 0.7173553719008264,
            "recall": 0.7103109656301145,
            "f1-score": 0.7138157894736842,
            "support": 611.0
        },
        "accuracy": 0.7152209492635024,
        "macro avg": {
            "precision": 0.7152417053993597,
            "recall": 0.7152209492635024,
            "f1-score": 0.7152140836619235,
            "support": 1222.0
        },
        "weighted avg": {
            "precision": 0.7152417053993597,
            "recall": 0.7152209492635024,
            "f1-score": 0.7152140836619235,
            "support": 1222.0
        },
        "confusion_matrix": [
            [
                440,
                171
            ],
            [
                177,
                434
            ]
        ]
    },
    "config": {
        "RANDOM_SEED": 6,
        "GNN_EPOCHS": 300,
        "GNN_HIDDEN_CHANNELS": 32,
        "GNN_HIDDEN_LAYERS": 2,
        "GNN_LEARNING_RATE": 0.0001,
        "GNN_DROPOUT": 0.2,
        "GNN_WEIGHT_DECAY": 0.005,
        "RF_ESTIMATORS": 50,
        "MLP_HIDDEN_CHANNELS": 128,
        "MLP_HIDDEN_LAYERS": 3,
        "MLP_MAX_ITER": 3000,
        "MLP_LEARNING_RATE": 0.001,
        "MLP_ALPHA": 5e-05,
        "VALIDATION_SPLIT": 0.8,
        "TEST_SPLIT": 0.9,
        "SHOW_INFO": true
    }
}