{
    "last_gcn_results": {
        "Rush": {
            "precision": 0.7268722466960352,
            "recall": 0.8101472995090017,
            "f1-score": 0.7662538699690402,
            "support": 611.0
        },
        "Pass": {
            "precision": 0.7855822550831792,
            "recall": 0.6955810147299509,
            "f1-score": 0.7378472222222222,
            "support": 611.0
        },
        "accuracy": 0.7528641571194763,
        "macro avg": {
            "precision": 0.7562272508896073,
            "recall": 0.7528641571194763,
            "f1-score": 0.7520505460956313,
            "support": 1222.0
        },
        "weighted avg": {
            "precision": 0.7562272508896072,
            "recall": 0.7528641571194763,
            "f1-score": 0.7520505460956312,
            "support": 1222.0
        },
        "confusion_matrix": [
            [
                495,
                116
            ],
            [
                186,
                425
            ]
        ]
    },
    "best_gcn_results": {
        "Rush": {
            "precision": 0.7268722466960352,
            "recall": 0.8101472995090017,
            "f1-score": 0.7662538699690402,
            "support": 611.0
        },
        "Pass": {
            "precision": 0.7855822550831792,
            "recall": 0.6955810147299509,
            "f1-score": 0.7378472222222222,
            "support": 611.0
        },
        "accuracy": 0.7528641571194763,
        "macro avg": {
            "precision": 0.7562272508896073,
            "recall": 0.7528641571194763,
            "f1-score": 0.7520505460956313,
            "support": 1222.0
        },
        "weighted avg": {
            "precision": 0.7562272508896072,
            "recall": 0.7528641571194763,
            "f1-score": 0.7520505460956312,
            "support": 1222.0
        },
        "confusion_matrix": [
            [
                495,
                116
            ],
            [
                186,
                425
            ]
        ]
    },
    "rf_results": {
        "Rush": {
            "precision": 0.7155555555555555,
            "recall": 0.79050736497545,
            "f1-score": 0.7511664074650077,
            "support": 611.0
        },
        "Pass": {
            "precision": 0.7659963436928702,
            "recall": 0.6857610474631751,
            "f1-score": 0.7236614853195165,
            "support": 611.0
        },
        "accuracy": 0.7381342062193126,
        "macro avg": {
            "precision": 0.7407759496242128,
            "recall": 0.7381342062193126,
            "f1-score": 0.7374139463922621,
            "support": 1222.0
        },
        "weighted avg": {
            "precision": 0.7407759496242128,
            "recall": 0.7381342062193126,
            "f1-score": 0.7374139463922621,
            "support": 1222.0
        },
        "confusion_matrix": [
            [
                483,
                128
            ],
            [
                192,
                419
            ]
        ]
    },
    "mlp_results": {
        "Rush": {
            "precision": 0.7222222222222222,
            "recall": 0.7446808510638298,
            "f1-score": 0.7332796132151491,
            "support": 611.0
        },
        "Pass": {
            "precision": 0.7364864864864865,
            "recall": 0.7135842880523732,
            "f1-score": 0.7248545303408146,
            "support": 611.0
        },
        "accuracy": 0.7291325695581015,
        "macro avg": {
            "precision": 0.7293543543543544,
            "recall": 0.7291325695581015,
            "f1-score": 0.7290670717779819,
            "support": 1222.0
        },
        "weighted avg": {
            "precision": 0.7293543543543544,
            "recall": 0.7291325695581015,
            "f1-score": 0.7290670717779819,
            "support": 1222.0
        },
        "confusion_matrix": [
            [
                455,
                156
            ],
            [
                175,
                436
            ]
        ]
    },
    "config": {
        "RANDOM_SEED": 10,
        "GNN_EPOCHS": 500,
        "GNN_HIDDEN_CHANNELS": 128,
        "GNN_HIDDEN_LAYERS": 3,
        "GNN_LEARNING_RATE": 1e-05,
        "GNN_DROPOUT": 0.5,
        "GNN_WEIGHT_DECAY": 0.0005,
        "RF_ESTIMATORS": 150,
        "MLP_HIDDEN_CHANNELS": 32,
        "MLP_HIDDEN_LAYERS": 1,
        "MLP_MAX_ITER": 3000,
        "MLP_LEARNING_RATE": 0.001,
        "MLP_ALPHA": 0.0005,
        "VALIDATION_SPLIT": 0.8,
        "TEST_SPLIT": 0.9,
        "SHOW_INFO": true
    }
}