{
    "last_gcn_results": {
        "Rush": {
            "precision": 0.6741452991452992,
            "recall": 0.6888646288209607,
            "f1-score": 0.6814254859611231,
            "support": 916.0
        },
        "Pass": {
            "precision": 0.6819196428571429,
            "recall": 0.6670305676855895,
            "f1-score": 0.67439293598234,
            "support": 916.0
        },
        "accuracy": 0.6779475982532751,
        "macro avg": {
            "precision": 0.6780324710012211,
            "recall": 0.6779475982532751,
            "f1-score": 0.6779092109717315,
            "support": 1832.0
        },
        "weighted avg": {
            "precision": 0.678032471001221,
            "recall": 0.6779475982532751,
            "f1-score": 0.6779092109717315,
            "support": 1832.0
        },
        "confusion_matrix": [
            [
                631,
                285
            ],
            [
                305,
                611
            ]
        ]
    },
    "best_gcn_results": {
        "Rush": {
            "precision": 0.6741452991452992,
            "recall": 0.6888646288209607,
            "f1-score": 0.6814254859611231,
            "support": 916.0
        },
        "Pass": {
            "precision": 0.6819196428571429,
            "recall": 0.6670305676855895,
            "f1-score": 0.67439293598234,
            "support": 916.0
        },
        "accuracy": 0.6779475982532751,
        "macro avg": {
            "precision": 0.6780324710012211,
            "recall": 0.6779475982532751,
            "f1-score": 0.6779092109717315,
            "support": 1832.0
        },
        "weighted avg": {
            "precision": 0.678032471001221,
            "recall": 0.6779475982532751,
            "f1-score": 0.6779092109717315,
            "support": 1832.0
        },
        "confusion_matrix": [
            [
                631,
                285
            ],
            [
                305,
                611
            ]
        ]
    },
    "rf_results": {
        "Rush": {
            "precision": 0.7300743889479278,
            "recall": 0.75,
            "f1-score": 0.7399030694668821,
            "support": 916.0
        },
        "Pass": {
            "precision": 0.7429854096520763,
            "recall": 0.722707423580786,
            "f1-score": 0.7327061427780852,
            "support": 916.0
        },
        "accuracy": 0.736353711790393,
        "macro avg": {
            "precision": 0.736529899300002,
            "recall": 0.736353711790393,
            "f1-score": 0.7363046061224836,
            "support": 1832.0
        },
        "weighted avg": {
            "precision": 0.7365298993000019,
            "recall": 0.736353711790393,
            "f1-score": 0.7363046061224837,
            "support": 1832.0
        },
        "confusion_matrix": [
            [
                687,
                229
            ],
            [
                254,
                662
            ]
        ]
    },
    "mlp_results": {
        "Rush": {
            "precision": 0.7052401746724891,
            "recall": 0.7052401746724891,
            "f1-score": 0.7052401746724891,
            "support": 916.0
        },
        "Pass": {
            "precision": 0.7052401746724891,
            "recall": 0.7052401746724891,
            "f1-score": 0.7052401746724891,
            "support": 916.0
        },
        "accuracy": 0.7052401746724891,
        "macro avg": {
            "precision": 0.7052401746724891,
            "recall": 0.7052401746724891,
            "f1-score": 0.7052401746724891,
            "support": 1832.0
        },
        "weighted avg": {
            "precision": 0.7052401746724891,
            "recall": 0.7052401746724891,
            "f1-score": 0.7052401746724891,
            "support": 1832.0
        },
        "confusion_matrix": [
            [
                646,
                270
            ],
            [
                270,
                646
            ]
        ]
    },