{
    "last_gcn_results": {
        "Rush": {
            "precision": 0.6891133557800224,
            "recall": 0.6703056768558951,
            "f1-score": 0.679579413392363,
            "support": 916.0
        },
        "Pass": {
            "precision": 0.6790648246546227,
            "recall": 0.6975982532751092,
            "f1-score": 0.6882067851373183,
            "support": 916.0
        },
        "accuracy": 0.6839519650655022,
        "macro avg": {
            "precision": 0.6840890902173226,
            "recall": 0.6839519650655022,
            "f1-score": 0.6838930992648407,
            "support": 1832.0
        },
        "weighted avg": {
            "precision": 0.6840890902173226,
            "recall": 0.6839519650655022,
            "f1-score": 0.6838930992648407,
            "support": 1832.0
        },
        "confusion_matrix": [
            [
                614,
                302
            ],
            [
                277,
                639
            ]
        ]
    },
    "best_gcn_results": {
        "Rush": {
            "precision": 0.6891133557800224,
            "recall": 0.6703056768558951,
            "f1-score": 0.679579413392363,
            "support": 916.0
        },
        "Pass": {
            "precision": 0.6790648246546227,
            "recall": 0.6975982532751092,
            "f1-score": 0.6882067851373183,
            "support": 916.0
        },
        "accuracy": 0.6839519650655022,
        "macro avg": {
            "precision": 0.6840890902173226,
            "recall": 0.6839519650655022,
            "f1-score": 0.6838930992648407,
            "support": 1832.0
        },
        "weighted avg": {
            "precision": 0.6840890902173226,
            "recall": 0.6839519650655022,
            "f1-score": 0.6838930992648407,
            "support": 1832.0
        },
        "confusion_matrix": [
            [
                614,
                302
            ],
            [
                277,
                639
            ]
        ]
    },
    "rf_results": {
        "Rush": {
            "precision": 0.7053571428571429,
            "recall": 0.7762008733624454,
            "f1-score": 0.739085239085239,
            "support": 916.0
        },
        "Pass": {
            "precision": 0.7512135922330098,
            "recall": 0.675764192139738,
            "f1-score": 0.7114942528735633,
            "support": 916.0
        },
        "accuracy": 0.7259825327510917,
        "macro avg": {
            "precision": 0.7282853675450763,
            "recall": 0.7259825327510917,
            "f1-score": 0.7252897459794012,
            "support": 1832.0
        },
        "weighted avg": {
            "precision": 0.7282853675450763,
            "recall": 0.7259825327510917,
            "f1-score": 0.7252897459794012,
            "support": 1832.0
        },
        "confusion_matrix": [
            [
                711,
                205
            ],
            [
                297,
                619
            ]
        ]
    },
    "mlp_results": {
        "Rush": {
            "precision": 0.6929460580912863,
            "recall": 0.7292576419213974,
            "f1-score": 0.7106382978723405,
            "support": 916.0
        },
        "Pass": {
            "precision": 0.7142857142857143,
            "recall": 0.6768558951965066,
            "f1-score": 0.695067264573991,
            "support": 916.0
        },
        "accuracy": 0.7030567685589519,
        "macro avg": {
            "precision": 0.7036158861885002,
            "recall": 0.7030567685589519,
            "f1-score": 0.7028527812231657,
            "support": 1832.0
        },
        "weighted avg": {
            "precision": 0.7036158861885002,
            "recall": 0.7030567685589519,
            "f1-score": 0.7028527812231657,
            "support": 1832.0
        },
        "confusion_matrix": [
            [
                668,
                248
            ],
            [
                296,
                620
            ]
        ]
    },