{
    "last_gcn_results": {
        "Rush": {
            "precision": 0.6864321608040201,
            "recall": 0.7456331877729258,
            "f1-score": 0.7148090005232862,
            "support": 916.0
        },
        "Pass": {
            "precision": 0.7216248506571087,
            "recall": 0.6593886462882096,
            "f1-score": 0.6891043924700513,
            "support": 916.0
        },
        "accuracy": 0.7025109170305677,
        "macro avg": {
            "precision": 0.7040285057305644,
            "recall": 0.7025109170305677,
            "f1-score": 0.7019566964966688,
            "support": 1832.0
        },
        "weighted avg": {
            "precision": 0.7040285057305644,
            "recall": 0.7025109170305677,
            "f1-score": 0.7019566964966687,
            "support": 1832.0
        },
        "confusion_matrix": [
            [
                683,
                233
            ],
            [
                312,
                604
            ]
        ]
    },
    "best_gcn_results": {
        "Rush": {
            "precision": 0.6864321608040201,
            "recall": 0.7456331877729258,
            "f1-score": 0.7148090005232862,
            "support": 916.0
        },
        "Pass": {
            "precision": 0.7216248506571087,
            "recall": 0.6593886462882096,
            "f1-score": 0.6891043924700513,
            "support": 916.0
        },
        "accuracy": 0.7025109170305677,
        "macro avg": {
            "precision": 0.7040285057305644,
            "recall": 0.7025109170305677,
            "f1-score": 0.7019566964966688,
            "support": 1832.0
        },
        "weighted avg": {
            "precision": 0.7040285057305644,
            "recall": 0.7025109170305677,
            "f1-score": 0.7019566964966687,
            "support": 1832.0
        },
        "confusion_matrix": [
            [
                683,
                233
            ],
            [
                312,
                604
            ]
        ]
    },
    "rf_results": {
        "Rush": {
            "precision": 0.7217659137577002,
            "recall": 0.767467248908297,
            "f1-score": 0.7439153439153439,
            "support": 916.0
        },
        "Pass": {
            "precision": 0.7517482517482518,
            "recall": 0.7041484716157205,
            "f1-score": 0.7271702367531003,
            "support": 916.0
        },
        "accuracy": 0.7358078602620087,
        "macro avg": {
            "precision": 0.7367570827529759,
            "recall": 0.7358078602620087,
            "f1-score": 0.7355427903342221,
            "support": 1832.0
        },
        "weighted avg": {
            "precision": 0.736757082752976,
            "recall": 0.7358078602620087,
            "f1-score": 0.7355427903342221,
            "support": 1832.0
        },
        "confusion_matrix": [
            [
                703,
                213
            ],
            [
                271,
                645
            ]
        ]
    },
    "mlp_results": {
        "Rush": {
            "precision": 0.6755555555555556,
            "recall": 0.6637554585152838,
            "f1-score": 0.6696035242290749,
            "support": 916.0
        },
        "Pass": {
            "precision": 0.6695278969957081,
            "recall": 0.6812227074235808,
            "f1-score": 0.6753246753246753,
            "support": 916.0
        },
        "accuracy": 0.6724890829694323,
        "macro avg": {
            "precision": 0.6725417262756319,
            "recall": 0.6724890829694323,
            "f1-score": 0.6724640997768752,
            "support": 1832.0
        },
        "weighted avg": {
            "precision": 0.6725417262756318,
            "recall": 0.6724890829694323,
            "f1-score": 0.6724640997768752,
            "support": 1832.0
        },
        "confusion_matrix": [
            [
                608,
                308
            ],
            [
                292,
                624
            ]
        ]
    },