{
    "last_gcn_results": {
        "Rush": {
            "precision": 0.6478517270429655,
            "recall": 0.8395196506550219,
            "f1-score": 0.7313361864003805,
            "support": 916.0
        },
        "Pass": {
            "precision": 0.772093023255814,
            "recall": 0.5436681222707423,
            "f1-score": 0.6380525304292121,
            "support": 916.0
        },
        "accuracy": 0.6915938864628821,
        "macro avg": {
            "precision": 0.7099723751493897,
            "recall": 0.6915938864628821,
            "f1-score": 0.6846943584147962,
            "support": 1832.0
        },
        "weighted avg": {
            "precision": 0.7099723751493897,
            "recall": 0.6915938864628821,
            "f1-score": 0.6846943584147963,
            "support": 1832.0
        },
        "confusion_matrix": [
            [
                769,
                147
            ],
            [
                418,
                498
            ]
        ]
    },
    "best_gcn_results": {
        "Rush": {
            "precision": 0.6478517270429655,
            "recall": 0.8395196506550219,
            "f1-score": 0.7313361864003805,
            "support": 916.0
        },
        "Pass": {
            "precision": 0.772093023255814,
            "recall": 0.5436681222707423,
            "f1-score": 0.6380525304292121,
            "support": 916.0
        },
        "accuracy": 0.6915938864628821,
        "macro avg": {
            "precision": 0.7099723751493897,
            "recall": 0.6915938864628821,
            "f1-score": 0.6846943584147962,
            "support": 1832.0
        },
        "weighted avg": {
            "precision": 0.7099723751493897,
            "recall": 0.6915938864628821,
            "f1-score": 0.6846943584147963,
            "support": 1832.0
        },
        "confusion_matrix": [
            [
                769,
                147
            ],
            [
                418,
                498
            ]
        ]
    },
    "rf_results": {
        "Rush": {
            "precision": 0.7376873661670236,
            "recall": 0.7521834061135371,
            "f1-score": 0.7448648648648649,
            "support": 916.0
        },
        "Pass": {
            "precision": 0.7472160356347439,
            "recall": 0.732532751091703,
            "f1-score": 0.7398015435501654,
            "support": 916.0
        },
        "accuracy": 0.74235807860262,
        "macro avg": {
            "precision": 0.7424517009008837,
            "recall": 0.74235807860262,
            "f1-score": 0.7423332042075151,
            "support": 1832.0
        },
        "weighted avg": {
            "precision": 0.7424517009008837,
            "recall": 0.74235807860262,
            "f1-score": 0.7423332042075151,
            "support": 1832.0
        },
        "confusion_matrix": [
            [
                689,
                227
            ],
            [
                245,
                671
            ]
        ]
    },
    "mlp_results": {
        "Rush": {
            "precision": 0.6996699669966997,
            "recall": 0.6943231441048034,
            "f1-score": 0.6969863013698631,
            "support": 916.0
        },
        "Pass": {
            "precision": 0.6966413867822319,
            "recall": 0.7019650655021834,
            "f1-score": 0.6992930940728657,
            "support": 916.0
        },
        "accuracy": 0.6981441048034934,
        "macro avg": {
            "precision": 0.6981556768894658,
            "recall": 0.6981441048034934,
            "f1-score": 0.6981396977213643,
            "support": 1832.0
        },
        "weighted avg": {
            "precision": 0.6981556768894658,
            "recall": 0.6981441048034934,
            "f1-score": 0.6981396977213643,
            "support": 1832.0
        },
        "confusion_matrix": [
            [
                636,
                280
            ],
            [
                273,
                643
            ]
        ]
    },