{
    "last_gcn_results": {
        "Rush": {
            "precision": 0.6810865191146881,
            "recall": 0.7390829694323144,
            "f1-score": 0.7089005235602094,
            "support": 916.0
        },
        "Pass": {
            "precision": 0.7147971360381862,
            "recall": 0.6539301310043668,
            "f1-score": 0.6830102622576967,
            "support": 916.0
        },
        "accuracy": 0.6965065502183406,
        "macro avg": {
            "precision": 0.6979418275764371,
            "recall": 0.6965065502183406,
            "f1-score": 0.695955392908953,
            "support": 1832.0
        },
        "weighted avg": {
            "precision": 0.6979418275764371,
            "recall": 0.6965065502183406,
            "f1-score": 0.6959553929089531,
            "support": 1832.0
        },
        "confusion_matrix": [
            [
                677,
                239
            ],
            [
                317,
                599
            ]
        ]
    },
    "best_gcn_results": {
        "Rush": {
            "precision": 0.6810865191146881,
            "recall": 0.7390829694323144,
            "f1-score": 0.7089005235602094,
            "support": 916.0
        },
        "Pass": {
            "precision": 0.7147971360381862,
            "recall": 0.6539301310043668,
            "f1-score": 0.6830102622576967,
            "support": 916.0
        },
        "accuracy": 0.6965065502183406,
        "macro avg": {
            "precision": 0.6979418275764371,
            "recall": 0.6965065502183406,
            "f1-score": 0.695955392908953,
            "support": 1832.0
        },
        "weighted avg": {
            "precision": 0.6979418275764371,
            "recall": 0.6965065502183406,
            "f1-score": 0.6959553929089531,
            "support": 1832.0
        },
        "confusion_matrix": [
            [
                677,
                239
            ],
            [
                317,
                599
            ]
        ]
    },
    "rf_results": {
        "Rush": {
            "precision": 0.718503937007874,
            "recall": 0.7969432314410481,
            "f1-score": 0.7556935817805382,
            "support": 916.0
        },
        "Pass": {
            "precision": 0.7720588235294118,
            "recall": 0.6877729257641921,
            "f1-score": 0.7274826789838337,
            "support": 916.0
        },
        "accuracy": 0.74235807860262,
        "macro avg": {
            "precision": 0.7452813802686429,
            "recall": 0.74235807860262,
            "f1-score": 0.741588130382186,
            "support": 1832.0
        },
        "weighted avg": {
            "precision": 0.7452813802686429,
            "recall": 0.74235807860262,
            "f1-score": 0.7415881303821859,
            "support": 1832.0
        },
        "confusion_matrix": [
            [
                730,
                186
            ],
            [
                286,
                630
            ]
        ]
    },
    "mlp_results": {
        "Rush": {
            "precision": 0.6918103448275862,
            "recall": 0.7008733624454149,
            "f1-score": 0.6963123644251626,
            "support": 916.0
        },
        "Pass": {
            "precision": 0.6969026548672567,
            "recall": 0.6877729257641921,
            "f1-score": 0.6923076923076923,
            "support": 916.0
        },
        "accuracy": 0.6943231441048034,
        "macro avg": {
            "precision": 0.6943564998474214,
            "recall": 0.6943231441048034,
            "f1-score": 0.6943100283664274,
            "support": 1832.0
        },
        "weighted avg": {
            "precision": 0.6943564998474215,
            "recall": 0.6943231441048034,
            "f1-score": 0.6943100283664275,
            "support": 1832.0
        },
        "confusion_matrix": [
            [
                642,
                274
            ],
            [
                286,
                630
            ]
        ]
    },