{
    "last_gcn_results": {
        "Rush": {
            "precision": 0.6846473029045643,
            "recall": 0.8101472995090017,
            "f1-score": 0.7421289355322339,
            "support": 611.0
        },
        "Pass": {
            "precision": 0.7675350701402806,
            "recall": 0.6268412438625205,
            "f1-score": 0.69009009009009,
            "support": 611.0
        },
        "accuracy": 0.7184942716857611,
        "macro avg": {
            "precision": 0.7260911865224224,
            "recall": 0.7184942716857611,
            "f1-score": 0.716109512811162,
            "support": 1222.0
        },
        "weighted avg": {
            "precision": 0.7260911865224224,
            "recall": 0.7184942716857611,
            "f1-score": 0.7161095128111621,
            "support": 1222.0
        },
        "confusion_matrix": [
            [
                495,
                116
            ],
            [
                228,
                383
            ]
        ]
    },
    "best_gcn_results": {
        "Rush": {
            "precision": 0.6846473029045643,
            "recall": 0.8101472995090017,
            "f1-score": 0.7421289355322339,
            "support": 611.0
        },
        "Pass": {
            "precision": 0.7675350701402806,
            "recall": 0.6268412438625205,
            "f1-score": 0.69009009009009,
            "support": 611.0
        },
        "accuracy": 0.7184942716857611,
        "macro avg": {
            "precision": 0.7260911865224224,
            "recall": 0.7184942716857611,
            "f1-score": 0.716109512811162,
            "support": 1222.0
        },
        "weighted avg": {
            "precision": 0.7260911865224224,
            "recall": 0.7184942716857611,
            "f1-score": 0.7161095128111621,
            "support": 1222.0
        },
        "confusion_matrix": [
            [
                495,
                116
            ],
            [
                228,
                383
            ]
        ]
    },
    "rf_results": {
        "Rush": {
            "precision": 0.7059701492537314,
            "recall": 0.7741407528641571,
            "f1-score": 0.7384855581576893,
            "support": 611.0
        },
        "Pass": {
            "precision": 0.75,
            "recall": 0.6775777414075287,
            "f1-score": 0.7119518486672399,
            "support": 611.0
        },
        "accuracy": 0.7258592471358429,
        "macro avg": {
            "precision": 0.7279850746268657,
            "recall": 0.7258592471358429,
            "f1-score": 0.7252187034124646,
            "support": 1222.0
        },
        "weighted avg": {
            "precision": 0.7279850746268657,
            "recall": 0.7258592471358429,
            "f1-score": 0.7252187034124646,
            "support": 1222.0
        },
        "confusion_matrix": [
            [
                473,
                138
            ],
            [
                197,
                414
            ]
        ]
    },
    "mlp_results": {
        "Rush": {
            "precision": 0.6689303904923599,
            "recall": 0.6448445171849427,
            "f1-score": 0.6566666666666666,
            "support": 611.0
        },
        "Pass": {
            "precision": 0.6571879936808847,
            "recall": 0.6808510638297872,
            "f1-score": 0.6688102893890675,
            "support": 611.0
        },
        "accuracy": 0.662847790507365,
        "macro avg": {
            "precision": 0.6630591920866222,
            "recall": 0.662847790507365,
            "f1-score": 0.6627384780278671,
            "support": 1222.0
        },
        "weighted avg": {
            "precision": 0.6630591920866223,
            "recall": 0.662847790507365,
            "f1-score": 0.662738478027867,
            "support": 1222.0
        },
        "confusion_matrix": [
            [
                394,
                217
            ],
            [
                195,
                416
            ]
        ]
    },
    "config": {
        "RANDOM_SEED": 18,
        "GNN_EPOCHS": 500,
        "GNN_HIDDEN_CHANNELS": 32,
        "GNN_HIDDEN_LAYERS": 3,
        "GNN_LEARNING_RATE": 0.0001,
        "GNN_DROPOUT": 0.4,
        "GNN_WEIGHT_DECAY": 0.005,
        "RF_ESTIMATORS": 50,
        "MLP_HIDDEN_CHANNELS": 64,
        "MLP_HIDDEN_LAYERS": 3,
        "MLP_MAX_ITER": 3000,
        "MLP_LEARNING_RATE": 0.001,
        "MLP_ALPHA": 0.005,
        "VALIDATION_SPLIT": 0.8,
        "TEST_SPLIT": 0.9,
        "SHOW_INFO": true
    }
}