{
    "last_gcn_results": {
        "Rush": {
            "precision": 0.7108792846497765,
            "recall": 0.7806873977086743,
            "f1-score": 0.7441497659906396,
            "support": 611.0
        },
        "Pass": {
            "precision": 0.7568058076225045,
            "recall": 0.6824877250409165,
            "f1-score": 0.7177280550774526,
            "support": 611.0
        },
        "accuracy": 0.7315875613747954,
        "macro avg": {
            "precision": 0.7338425461361404,
            "recall": 0.7315875613747954,
            "f1-score": 0.7309389105340461,
            "support": 1222.0
        },
        "weighted avg": {
            "precision": 0.7338425461361404,
            "recall": 0.7315875613747954,
            "f1-score": 0.7309389105340461,
            "support": 1222.0
        },
        "confusion_matrix": [
            [
                477,
                134
            ],
            [
                194,
                417
            ]
        ]
    },
    "best_gcn_results": {
        "Rush": {
            "precision": 0.7108792846497765,
            "recall": 0.7806873977086743,
            "f1-score": 0.7441497659906396,
            "support": 611.0
        },
        "Pass": {
            "precision": 0.7568058076225045,
            "recall": 0.6824877250409165,
            "f1-score": 0.7177280550774526,
            "support": 611.0
        },
        "accuracy": 0.7315875613747954,
        "macro avg": {
            "precision": 0.7338425461361404,
            "recall": 0.7315875613747954,
            "f1-score": 0.7309389105340461,
            "support": 1222.0
        },
        "weighted avg": {
            "precision": 0.7338425461361404,
            "recall": 0.7315875613747954,
            "f1-score": 0.7309389105340461,
            "support": 1222.0
        },
        "confusion_matrix": [
            [
                477,
                134
            ],
            [
                194,
                417
            ]
        ]
    },
    "rf_results": {
        "Rush": {
            "precision": 0.7059701492537314,
            "recall": 0.7741407528641571,
            "f1-score": 0.7384855581576893,
            "support": 611.0
        },
        "Pass": {
            "precision": 0.75,
            "recall": 0.6775777414075287,
            "f1-score": 0.7119518486672399,
            "support": 611.0
        },
        "accuracy": 0.7258592471358429,
        "macro avg": {
            "precision": 0.7279850746268657,
            "recall": 0.7258592471358429,
            "f1-score": 0.7252187034124646,
            "support": 1222.0
        },
        "weighted avg": {
            "precision": 0.7279850746268657,
            "recall": 0.7258592471358429,
            "f1-score": 0.7252187034124646,
            "support": 1222.0
        },
        "confusion_matrix": [
            [
                473,
                138
            ],
            [
                197,
                414
            ]
        ]
    },
    "mlp_results": {
        "Rush": {
            "precision": 0.6781411359724613,
            "recall": 0.6448445171849427,
            "f1-score": 0.6610738255033557,
            "support": 611.0
        },
        "Pass": {
            "precision": 0.6614664586583463,
            "recall": 0.6939443535188216,
            "f1-score": 0.6773162939297125,
            "support": 611.0
        },
        "accuracy": 0.6693944353518821,
        "macro avg": {
            "precision": 0.6698037973154038,
            "recall": 0.6693944353518821,
            "f1-score": 0.6691950597165341,
            "support": 1222.0
        },
        "weighted avg": {
            "precision": 0.6698037973154038,
            "recall": 0.6693944353518821,
            "f1-score": 0.669195059716534,
            "support": 1222.0
        },
        "confusion_matrix": [
            [
                394,
                217
            ],
            [
                187,
                424
            ]
        ]
    },
    "config": {
        "RANDOM_SEED": 3,
        "GNN_EPOCHS": 500,
        "GNN_HIDDEN_CHANNELS": 64,
        "GNN_HIDDEN_LAYERS": 3,
        "GNN_LEARNING_RATE": 1e-05,
        "GNN_DROPOUT": 0.3,
        "GNN_WEIGHT_DECAY": 0.0005,
        "RF_ESTIMATORS": 150,
        "MLP_HIDDEN_CHANNELS": 64,
        "MLP_HIDDEN_LAYERS": 3,
        "MLP_MAX_ITER": 3000,
        "MLP_LEARNING_RATE": 0.0001,
        "MLP_ALPHA": 0.005,
        "VALIDATION_SPLIT": 0.8,
        "TEST_SPLIT": 0.9,
        "SHOW_INFO": true
    }
}