{
    "last_gcn_results": {
        "Rush": {
            "precision": 1.0,
            "recall": 0.0016366612111292963,
            "f1-score": 0.0032679738562091504,
            "support": 611.0
        },
        "Pass": {
            "precision": 0.5004095004095004,
            "recall": 1.0,
            "f1-score": 0.6670305676855895,
            "support": 611.0
        },
        "accuracy": 0.5008183306055647,
        "macro avg": {
            "precision": 0.7502047502047502,
            "recall": 0.5008183306055647,
            "f1-score": 0.33514927077089934,
            "support": 1222.0
        },
        "weighted avg": {
            "precision": 0.7502047502047502,
            "recall": 0.5008183306055647,
            "f1-score": 0.33514927077089934,
            "support": 1222.0
        },
        "confusion_matrix": [
            [
                1,
                610
            ],
            [
                0,
                611
            ]
        ]
    },
    "best_gcn_results": {
        "Rush": {
            "precision": 1.0,
            "recall": 0.0016366612111292963,
            "f1-score": 0.0032679738562091504,
            "support": 611.0
        },
        "Pass": {
            "precision": 0.5004095004095004,
            "recall": 1.0,
            "f1-score": 0.6670305676855895,
            "support": 611.0
        },
        "accuracy": 0.5008183306055647,
        "macro avg": {
            "precision": 0.7502047502047502,
            "recall": 0.5008183306055647,
            "f1-score": 0.33514927077089934,
            "support": 1222.0
        },
        "weighted avg": {
            "precision": 0.7502047502047502,
            "recall": 0.5008183306055647,
            "f1-score": 0.33514927077089934,
            "support": 1222.0
        },
        "confusion_matrix": [
            [
                1,
                610
            ],
            [
                0,
                611
            ]
        ]
    },
    "rf_results": {
        "Rush": {
            "precision": 0.7213855421686747,
            "recall": 0.7839607201309329,
            "f1-score": 0.7513725490196078,
            "support": 611.0
        },
        "Pass": {
            "precision": 0.7634408602150538,
            "recall": 0.6972176759410802,
            "f1-score": 0.7288280581693756,
            "support": 611.0
        },
        "accuracy": 0.7405891980360065,
        "macro avg": {
            "precision": 0.7424132011918643,
            "recall": 0.7405891980360065,
            "f1-score": 0.7401003035944917,
            "support": 1222.0
        },
        "weighted avg": {
            "precision": 0.7424132011918643,
            "recall": 0.7405891980360065,
            "f1-score": 0.7401003035944916,
            "support": 1222.0
        },
        "confusion_matrix": [
            [
                479,
                132
            ],
            [
                185,
                426
            ]
        ]
    },
    "mlp_results": {
        "Rush": {
            "precision": 0.7184942716857611,
            "recall": 0.7184942716857611,
            "f1-score": 0.7184942716857611,
            "support": 611.0
        },
        "Pass": {
            "precision": 0.7184942716857611,
            "recall": 0.7184942716857611,
            "f1-score": 0.7184942716857611,
            "support": 611.0
        },
        "accuracy": 0.7184942716857611,
        "macro avg": {
            "precision": 0.7184942716857611,
            "recall": 0.7184942716857611,
            "f1-score": 0.7184942716857611,
            "support": 1222.0
        },
        "weighted avg": {
            "precision": 0.7184942716857611,
            "recall": 0.7184942716857611,
            "f1-score": 0.7184942716857611,
            "support": 1222.0
        },
        "confusion_matrix": [
            [
                439,
                172
            ],
            [
                172,
                439
            ]
        ]
    },
    "config": {
        "RANDOM_SEED": 1,
        "GNN_EPOCHS": 500,
        "GNN_HIDDEN_CHANNELS": 16,
        "GNN_HIDDEN_LAYERS": 1,
        "GNN_LEARNING_RATE": 0.01,
        "GNN_DROPOUT": 0.3,
        "GNN_WEIGHT_DECAY": 0.05,
        "RF_ESTIMATORS": 150,
        "MLP_HIDDEN_CHANNELS": 32,
        "MLP_HIDDEN_LAYERS": 2,
        "MLP_MAX_ITER": 3000,
        "MLP_LEARNING_RATE": 0.01,
        "MLP_ALPHA": 0.0005,
        "VALIDATION_SPLIT": 0.8,
        "TEST_SPLIT": 0.9,
        "SHOW_INFO": true
    }
}