{
    "last_gcn_results": {
        "Rush": {
            "precision": 0.654891304347826,
            "recall": 0.7888707037643208,
            "f1-score": 0.7156644394951744,
            "support": 611.0
        },
        "Pass": {
            "precision": 0.7345679012345679,
            "recall": 0.5842880523731587,
            "f1-score": 0.650865998176846,
            "support": 611.0
        },
        "accuracy": 0.6865793780687398,
        "macro avg": {
            "precision": 0.694729602791197,
            "recall": 0.6865793780687397,
            "f1-score": 0.6832652188360102,
            "support": 1222.0
        },
        "weighted avg": {
            "precision": 0.694729602791197,
            "recall": 0.6865793780687398,
            "f1-score": 0.6832652188360101,
            "support": 1222.0
        },
        "confusion_matrix": [
            [
                482,
                129
            ],
            [
                254,
                357
            ]
        ]
    },
    "best_gcn_results": {
        "Rush": {
            "precision": 0.654891304347826,
            "recall": 0.7888707037643208,
            "f1-score": 0.7156644394951744,
            "support": 611.0
        },
        "Pass": {
            "precision": 0.7345679012345679,
            "recall": 0.5842880523731587,
            "f1-score": 0.650865998176846,
            "support": 611.0
        },
        "accuracy": 0.6865793780687398,
        "macro avg": {
            "precision": 0.694729602791197,
            "recall": 0.6865793780687397,
            "f1-score": 0.6832652188360102,
            "support": 1222.0
        },
        "weighted avg": {
            "precision": 0.694729602791197,
            "recall": 0.6865793780687398,
            "f1-score": 0.6832652188360101,
            "support": 1222.0
        },
        "confusion_matrix": [
            [
                482,
                129
            ],
            [
                254,
                357
            ]
        ]
    },
    "rf_results": {
        "Rush": {
            "precision": 0.7080838323353293,
            "recall": 0.7741407528641571,
            "f1-score": 0.7396403440187647,
            "support": 611.0
        },
        "Pass": {
            "precision": 0.7509025270758123,
            "recall": 0.6808510638297872,
            "f1-score": 0.7141630901287553,
            "support": 611.0
        },
        "accuracy": 0.7274959083469722,
        "macro avg": {
            "precision": 0.7294931797055708,
            "recall": 0.7274959083469721,
            "f1-score": 0.72690171707376,
            "support": 1222.0
        },
        "weighted avg": {
            "precision": 0.7294931797055707,
            "recall": 0.7274959083469722,
            "f1-score": 0.72690171707376,
            "support": 1222.0
        },
        "confusion_matrix": [
            [
                473,
                138
            ],
            [
                195,
                416
            ]
        ]
    },
    "mlp_results": {
        "Rush": {
            "precision": 0.6590909090909091,
            "recall": 0.6644844517184942,
            "f1-score": 0.6617766911165445,
            "support": 611.0
        },
        "Pass": {
            "precision": 0.6617161716171617,
            "recall": 0.6563011456628478,
            "f1-score": 0.6589975349219392,
            "support": 611.0
        },
        "accuracy": 0.660392798690671,
        "macro avg": {
            "precision": 0.6604035403540354,
            "recall": 0.660392798690671,
            "f1-score": 0.6603871130192418,
            "support": 1222.0
        },
        "weighted avg": {
            "precision": 0.6604035403540354,
            "recall": 0.660392798690671,
            "f1-score": 0.6603871130192418,
            "support": 1222.0
        },
        "confusion_matrix": [
            [
                406,
                205
            ],
            [
                210,
                401
            ]
        ]
    },
    "config": {
        "RANDOM_SEED": 1,
        "GNN_EPOCHS": 500,
        "GNN_HIDDEN_CHANNELS": 128,
        "GNN_HIDDEN_LAYERS": 1,
        "GNN_LEARNING_RATE": 0.0001,
        "GNN_DROPOUT": 0.2,
        "GNN_WEIGHT_DECAY": 0.0005,
        "RF_ESTIMATORS": 100,
        "MLP_HIDDEN_CHANNELS": 64,
        "MLP_HIDDEN_LAYERS": 3,
        "MLP_MAX_ITER": 3000,
        "MLP_LEARNING_RATE": 0.001,
        "MLP_ALPHA": 0.005,
        "VALIDATION_SPLIT": 0.8,
        "TEST_SPLIT": 0.9,
        "SHOW_INFO": true
    }
}