{
    "last_gcn_results": {
        "Rush": {
            "precision": 0.5136186770428015,
            "recall": 0.4320785597381342,
            "f1-score": 0.4693333333333333,
            "support": 611.0
        },
        "Pass": {
            "precision": 0.5098870056497176,
            "recall": 0.5908346972176759,
            "f1-score": 0.5473843821076573,
            "support": 611.0
        },
        "accuracy": 0.5114566284779051,
        "macro avg": {
            "precision": 0.5117528413462595,
            "recall": 0.5114566284779051,
            "f1-score": 0.5083588577204953,
            "support": 1222.0
        },
        "weighted avg": {
            "precision": 0.5117528413462595,
            "recall": 0.5114566284779051,
            "f1-score": 0.5083588577204954,
            "support": 1222.0
        },
        "confusion_matrix": [
            [
                264,
                347
            ],
            [
                250,
                361
            ]
        ]
    },
    "best_gcn_results": {
        "Rush": {
            "precision": 0.5136186770428015,
            "recall": 0.4320785597381342,
            "f1-score": 0.4693333333333333,
            "support": 611.0
        },
        "Pass": {
            "precision": 0.5098870056497176,
            "recall": 0.5908346972176759,
            "f1-score": 0.5473843821076573,
            "support": 611.0
        },
        "accuracy": 0.5114566284779051,
        "macro avg": {
            "precision": 0.5117528413462595,
            "recall": 0.5114566284779051,
            "f1-score": 0.5083588577204953,
            "support": 1222.0
        },
        "weighted avg": {
            "precision": 0.5117528413462595,
            "recall": 0.5114566284779051,
            "f1-score": 0.5083588577204954,
            "support": 1222.0
        },
        "confusion_matrix": [
            [
                264,
                347
            ],
            [
                250,
                361
            ]
        ]
    },
    "rf_results": {
        "Rush": {
            "precision": 0.7102526002971769,
            "recall": 0.7823240589198036,
            "f1-score": 0.7445482866043613,
            "support": 611.0
        },
        "Pass": {
            "precision": 0.7577413479052824,
            "recall": 0.6808510638297872,
            "f1-score": 0.7172413793103448,
            "support": 611.0
        },
        "accuracy": 0.7315875613747954,
        "macro avg": {
            "precision": 0.7339969741012295,
            "recall": 0.7315875613747954,
            "f1-score": 0.730894832957353,
            "support": 1222.0
        },
        "weighted avg": {
            "precision": 0.7339969741012297,
            "recall": 0.7315875613747954,
            "f1-score": 0.7308948329573531,
            "support": 1222.0
        },
        "confusion_matrix": [
            [
                478,
                133
            ],
            [
                195,
                416
            ]
        ]
    },
    "mlp_results": {
        "Rush": {
            "precision": 0.6842105263157895,
            "recall": 0.7021276595744681,
            "f1-score": 0.6930533117932148,
            "support": 611.0
        },
        "Pass": {
            "precision": 0.6941176470588235,
            "recall": 0.6759410801963993,
            "f1-score": 0.6849087893864013,
            "support": 611.0
        },
        "accuracy": 0.6890343698854338,
        "macro avg": {
            "precision": 0.6891640866873066,
            "recall": 0.6890343698854338,
            "f1-score": 0.6889810505898081,
            "support": 1222.0
        },
        "weighted avg": {
            "precision": 0.6891640866873066,
            "recall": 0.6890343698854338,
            "f1-score": 0.6889810505898081,
            "support": 1222.0
        },
        "confusion_matrix": [
            [
                429,
                182
            ],
            [
                198,
                413
            ]
        ]
    },
    "config": {
        "RANDOM_SEED": 23,
        "GNN_EPOCHS": 200,
        "GNN_HIDDEN_CHANNELS": 32,
        "GNN_HIDDEN_LAYERS": 1,
        "GNN_LEARNING_RATE": 1e-05,
        "GNN_DROPOUT": 0.4,
        "GNN_WEIGHT_DECAY": 0.0005,
        "RF_ESTIMATORS": 100,
        "MLP_HIDDEN_CHANNELS": 128,
        "MLP_HIDDEN_LAYERS": 2,
        "MLP_MAX_ITER": 3000,
        "MLP_LEARNING_RATE": 0.01,
        "MLP_ALPHA": 5e-05,
        "VALIDATION_SPLIT": 0.8,
        "TEST_SPLIT": 0.9,
        "SHOW_INFO": true
    }
}