{
    "last_gcn_results": {
        "Rush": {
            "precision": 0.0,
            "recall": 0.0,
            "f1-score": 0.0,
            "support": 0.0
        },
        "Pass": {
            "precision": 1.0,
            "recall": 0.7351467430207588,
            "f1-score": 0.8473597359735974,
            "support": 1397.0
        },
        "accuracy": 0.7351467430207588,
        "macro avg": {
            "precision": 0.5,
            "recall": 0.3675733715103794,
            "f1-score": 0.4236798679867987,
            "support": 1397.0
        },
        "weighted avg": {
            "precision": 1.0,
            "recall": 0.7351467430207588,
            "f1-score": 0.8473597359735974,
            "support": 1397.0
        },
        "confusion_matrix": [
            [
                0,
                0
            ],
            [
                370,
                1027
            ]
        ]
    },
    "best_gcn_results": {
        "Rush": {
            "precision": 0.0,
            "recall": 0.0,
            "f1-score": 0.0,
            "support": 0.0
        },
        "Pass": {
            "precision": 1.0,
            "recall": 0.7351467430207588,
            "f1-score": 0.8473597359735974,
            "support": 1397.0
        },
        "accuracy": 0.7351467430207588,
        "macro avg": {
            "precision": 0.5,
            "recall": 0.3675733715103794,
            "f1-score": 0.4236798679867987,
            "support": 1397.0
        },
        "weighted avg": {
            "precision": 1.0,
            "recall": 0.7351467430207588,
            "f1-score": 0.8473597359735974,
            "support": 1397.0
        },
        "confusion_matrix": [
            [
                0,
                0
            ],
            [
                370,
                1027
            ]
        ]
    },
    "rf_results": {
        "Rush": {
            "precision": 0.0,
            "recall": 0.0,
            "f1-score": 0.0,
            "support": 0.0
        },
        "Pass": {
            "precision": 1.0,
            "recall": 0.6299212598425197,
            "f1-score": 0.7729468599033816,
            "support": 1397.0
        },
        "accuracy": 0.6299212598425197,
        "macro avg": {
            "precision": 0.5,
            "recall": 0.31496062992125984,
            "f1-score": 0.3864734299516908,
            "support": 1397.0
        },
        "weighted avg": {
            "precision": 1.0,
            "recall": 0.6299212598425197,
            "f1-score": 0.7729468599033816,
            "support": 1397.0
        },
        "confusion_matrix": [
            [
                0,
                0
            ],
            [
                517,
                880
            ]
        ]
    },
    "mlp_results": {
        "Rush": {
            "precision": 0.0,
            "recall": 0.0,
            "f1-score": 0.0,
            "support": 0.0
        },
        "Pass": {
            "precision": 1.0,
            "recall": 0.6220472440944882,
            "f1-score": 0.7669902912621359,
            "support": 1397.0
        },
        "accuracy": 0.6220472440944882,
        "macro avg": {
            "precision": 0.5,
            "recall": 0.3110236220472441,
            "f1-score": 0.38349514563106796,
            "support": 1397.0
        },
        "weighted avg": {
            "precision": 1.0,
            "recall": 0.6220472440944882,
            "f1-score": 0.7669902912621358,
            "support": 1397.0
        },
        "confusion_matrix": [
            [
                0,
                0
            ],
            [
                528,
                869
            ]
        ]
    },
    "train_losses": [
        0.1934154329417417,
        0.02281988067061035,
        0.021351299201265377,
        0.020786168896968722,
        0.02037291004935038,
        0.019881678997497515,
        0.019457898983258753,
        0.018938187484392896,
        0.01857263332424971,
        0.018325307921361403,
        0.018039762095440927,
        0.017692635644825226,
        0.017706667188324202,
        0.017429100160949337,
        0.017409858991105816,
        0.017252880121879203,
        0.01722242170450446,
        0.01709712824793516,
        0.016862671769774105,
        0.016821030339052287,
        0.01670612135320321,
        0.01656800019270719,
        0.016710196744052642,
        0.016503055048260894,
        0.016445686666150608,
        0.01621977541719067,
        0.01631968291224022,
        0.016137412798667254,
        0.016248563394561998,
        0.016141852499414522,
        0.01617069483379463,
        0.016052007708226873,
        0.0159632979151829,
        0.016045665192237615,
        0.015981403707919607,
        0.01585074212750964,
        0.015966784777457693,
        0.015934880288688794,
        0.015825920280366026,
        0.015796504328017037,
        0.015839456192024006,
        0.015506113284817779,
        0.015539160680372314,
        0.015591420775131537,
        0.015394462265146267,
        0.015523133959696157,
        0.015542817804528536,
        0.015290614483738413,
        0.015356702540873197,
        0.01539517198046609,
        0.015198812582870234,
        0.015158370141936942,
        0.015300961250577708,
        0.01521284359039019,
        0.015216374412389135,
        0.015061746122832911,
        0.015165236982353288,
        0.015294964437514208,
        0.015042282699962517,
        0.015117984573808228,
        0.015028606691180649,
        0.014851534424219508,
        0.014929254496367679,
        0.014870167248431524,
        0.014870315330934457,
        0.014901975667093205,
        0.01489835412887438,
        0.01475637114037615,
        0.014756400567277112,
        0.01492813758220334,
        0.01468939665540276,
        0.014888692478987404,
        0.01474428197657924,
        0.014809227476377265,
        0.014708202280903407,
        0.014776501956293538,
        0.014734979159923424,
        0.014577861622063261,
        0.014595476448573697,
        0.014647846090833277,
        0.014537460066648467,
        0.014626760970174823,
        0.01452952377926697,
        0.01448570371070805,
        0.014381845229789508,
        0.014524529237525056,
        0.01437279694886163,
        0.014575264109539129,
        0.01441212312022209,
        0.014449575811157021,
        0.014325452438106893,
        0.014338188118922164,
        0.014497559957384516,
        0.014326831430664268,
        0.014297149789147286,
        0.01432655259643374,
        0.014309708231499598,
        0.014266081568726722,
        0.014376142677471615,
        0.01435653187099604
    ],