{
    "last_gcn_results": {
        "Rush": {
            "precision": 0.5582677165354331,
            "recall": 0.7740174672489083,
            "f1-score": 0.6486733760292772,
            "support": 916.0
        },
        "Pass": {
            "precision": 0.6316725978647687,
            "recall": 0.3875545851528384,
            "f1-score": 0.4803788903924222,
            "support": 916.0
        },
        "accuracy": 0.5807860262008734,
        "macro avg": {
            "precision": 0.5949701572001009,
            "recall": 0.5807860262008734,
            "f1-score": 0.5645261332108498,
            "support": 1832.0
        },
        "weighted avg": {
            "precision": 0.5949701572001008,
            "recall": 0.5807860262008734,
            "f1-score": 0.5645261332108498,
            "support": 1832.0
        },
        "confusion_matrix": [
            [
                709,
                207
            ],
            [
                561,
                355
            ]
        ]
    },
    "best_gcn_results": {
        "Rush": {
            "precision": 0.5582677165354331,
            "recall": 0.7740174672489083,
            "f1-score": 0.6486733760292772,
            "support": 916.0
        },
        "Pass": {
            "precision": 0.6316725978647687,
            "recall": 0.3875545851528384,
            "f1-score": 0.4803788903924222,
            "support": 916.0
        },
        "accuracy": 0.5807860262008734,
        "macro avg": {
            "precision": 0.5949701572001009,
            "recall": 0.5807860262008734,
            "f1-score": 0.5645261332108498,
            "support": 1832.0
        },
        "weighted avg": {
            "precision": 0.5949701572001008,
            "recall": 0.5807860262008734,
            "f1-score": 0.5645261332108498,
            "support": 1832.0
        },
        "confusion_matrix": [
            [
                709,
                207
            ],
            [
                561,
                355
            ]
        ]
    },
    "rf_results": {
        "Rush": {
            "precision": 0.6896217264791464,
            "recall": 0.7762008733624454,
            "f1-score": 0.7303543913713405,
            "support": 916.0
        },
        "Pass": {
            "precision": 0.7440699126092385,
            "recall": 0.6506550218340611,
            "f1-score": 0.6942341292952825,
            "support": 916.0
        },
        "accuracy": 0.7134279475982532,
        "macro avg": {
            "precision": 0.7168458195441925,
            "recall": 0.7134279475982532,
            "f1-score": 0.7122942603333116,
            "support": 1832.0
        },
        "weighted avg": {
            "precision": 0.7168458195441925,
            "recall": 0.7134279475982532,
            "f1-score": 0.7122942603333116,
            "support": 1832.0
        },
        "confusion_matrix": [
            [
                711,
                205
            ],
            [
                320,
                596
            ]
        ]
    },
    "mlp_results": {
        "Rush": {
            "precision": 0.6525871172122492,
            "recall": 0.6746724890829694,
            "f1-score": 0.6634460547504025,
            "support": 916.0
        },
        "Pass": {
            "precision": 0.6632768361581921,
            "recall": 0.6408296943231441,
            "f1-score": 0.6518600777345919,
            "support": 916.0
        },
        "accuracy": 0.6577510917030568,
        "macro avg": {
            "precision": 0.6579319766852206,
            "recall": 0.6577510917030567,
            "f1-score": 0.6576530662424972,
            "support": 1832.0
        },
        "weighted avg": {
            "precision": 0.6579319766852207,
            "recall": 0.6577510917030568,
            "f1-score": 0.6576530662424972,
            "support": 1832.0
        },
        "confusion_matrix": [
            [
                618,
                298
            ],
            [
                329,
                587
            ]
        ]
    },
    "train_losses": [
        0.739901525987302,
        0.3419257885771371,
        0.15121418250714494,
        0.05588505268096924,
        0.02637225412280182,
        0.023438753847215995,
        0.02208805110285191,
        0.022225546055152767,
        0.02218346097430245,
        0.021913583519680254,
        0.022031660418692835,
        0.02182456101876139,
        0.021747139210258025,
        0.02160419004211009,
        0.02155585383456913,
        0.021344483582699886,
        0.021220051851428924,
        0.021397854721611313,
        0.0212436586292715,
        0.02110387095010997
    ],
    "val_losses": [
        0.22171679167042063,
        0.09449844083256936,
        0.036922935208075505,
        0.02277039938819096,
        0.021348660128114375,
        0.021461517148919765,
        0.021434573121787457,
        0.021499630677677718,
        0.021436695679185096,
        0.02151850260766258,
        0.021427718469042904,
        0.021220169082451404,
        0.021308694348743794,
        0.02124193965105082,
        0.02126660140070799,
        0.021202734005306097,
        0.021066725623797387,
        0.021102435272954377,
        0.021114247889442838,
        0.021105046464262832
    ],
    "config": {
        "FILES": {
            "WEEKS_TO_READ": [
                1,
                2,
                3,
                4,
                5,
                6,
                7,
                8,
                9
            ],
            "INPUT_PATH": "data/raw",
            "RESULTS_PATH": "output/results",
            "GRAPHS_PATH": "data/graphs"
        },
        "GCN": {
            "EPOCHS": 20,
            "HIDDEN_CHANNELS": 64,
            "HIDDEN_LAYERS": 2,
            "LEARNING_RATE": 0.001,
            "DROPOUT": 0.2,
            "WEIGHT_DECAY": 0.0005,
            "OPTIMIZER": "adamw",
            "WARMUP_EPOCHS": 5,
            "EARLY_STOP_PATIENCE": 50,
            "MIN_DELTA": 0.001
        },
        "RF": {
            "N_ESTIMATORS": 100
        },
        "MLP": {
            "HIDDEN_CHANNELS": 64,
            "HIDDEN_LAYERS": 2,
            "MAX_ITER": 3000,
            "LEARNING_RATE": 0.01,
            "ALPHA": 0.0005
        },
        "DATASET": {
            "VALIDATION_SPLIT": 0.7,
            "TEST_SPLIT": 0.15,
            "TRAIN_SPLIT": 0.15
        },
        "RANDOM_SEED": 1,
        "SHOW_INFO": true,
        "EDGE_STRATEGY": "DELAUNAY",
        "DOWN_SAMPLE": true,
        "FORCE_REBUILD": false,
        "N": 2,
        "QB_LINK": false
    }
}