{
    "last_gcn_results": {
        "Rush": {
            "precision": 0.6015180265654649,
            "recall": 0.6921397379912664,
            "f1-score": 0.6436548223350254,
            "support": 916.0
        },
        "Pass": {
            "precision": 0.6375321336760925,
            "recall": 0.5414847161572053,
            "f1-score": 0.5855962219598583,
            "support": 916.0
        },
        "accuracy": 0.6168122270742358,
        "macro avg": {
            "precision": 0.6195250801207788,
            "recall": 0.6168122270742358,
            "f1-score": 0.6146255221474418,
            "support": 1832.0
        },
        "weighted avg": {
            "precision": 0.6195250801207787,
            "recall": 0.6168122270742358,
            "f1-score": 0.6146255221474418,
            "support": 1832.0
        },
        "confusion_matrix": [
            [
                634,
                282
            ],
            [
                420,
                496
            ]
        ]
    },
    "best_gcn_results": {
        "Rush": {
            "precision": 0.6015180265654649,
            "recall": 0.6921397379912664,
            "f1-score": 0.6436548223350254,
            "support": 916.0
        },
        "Pass": {
            "precision": 0.6375321336760925,
            "recall": 0.5414847161572053,
            "f1-score": 0.5855962219598583,
            "support": 916.0
        },
        "accuracy": 0.6168122270742358,
        "macro avg": {
            "precision": 0.6195250801207788,
            "recall": 0.6168122270742358,
            "f1-score": 0.6146255221474418,
            "support": 1832.0
        },
        "weighted avg": {
            "precision": 0.6195250801207787,
            "recall": 0.6168122270742358,
            "f1-score": 0.6146255221474418,
            "support": 1832.0
        },
        "confusion_matrix": [
            [
                634,
                282
            ],
            [
                420,
                496
            ]
        ]
    },
    "rf_results": {
        "Rush": {
            "precision": 0.6917874396135266,
            "recall": 0.7816593886462883,
            "f1-score": 0.7339825730394669,
            "support": 916.0
        },
        "Pass": {
            "precision": 0.7490589711417817,
            "recall": 0.6517467248908297,
            "f1-score": 0.6970227670753065,
            "support": 916.0
        },
        "accuracy": 0.7167030567685589,
        "macro avg": {
            "precision": 0.7204232053776541,
            "recall": 0.716703056768559,
            "f1-score": 0.7155026700573868,
            "support": 1832.0
        },
        "weighted avg": {
            "precision": 0.7204232053776541,
            "recall": 0.7167030567685589,
            "f1-score": 0.7155026700573867,
            "support": 1832.0
        },
        "confusion_matrix": [
            [
                716,
                200
            ],
            [
                319,
                597
            ]
        ]
    },
    "mlp_results": {
        "Rush": {
            "precision": 0.6605316973415133,
            "recall": 0.7052401746724891,
            "f1-score": 0.6821541710665259,
            "support": 916.0
        },
        "Pass": {
            "precision": 0.6838407494145199,
            "recall": 0.6375545851528385,
            "f1-score": 0.6598870056497175,
            "support": 916.0
        },
        "accuracy": 0.6713973799126638,
        "macro avg": {
            "precision": 0.6721862233780166,
            "recall": 0.6713973799126638,
            "f1-score": 0.6710205883581217,
            "support": 1832.0
        },
        "weighted avg": {
            "precision": 0.6721862233780167,
            "recall": 0.6713973799126638,
            "f1-score": 0.6710205883581216,
            "support": 1832.0
        },
        "confusion_matrix": [
            [
                646,
                270
            ],
            [
                332,
                584
            ]
        ]
    },
    "train_losses": [
        0.7326559098040472,
        0.35769665410609847,
        0.20199717823924915,
        0.11357311700862613,
        0.04980748031960159,
        0.026462851326322295,
        0.023068190630667847,
        0.02241520653656923,
        0.022246960994324397,
        0.021957355639973624,
        0.022053694757607465,
        0.021935604797686383,
        0.021792056619143876,
        0.02164112713818993,
        0.021727997325157206,
        0.02153722298601286,
        0.021467422885321528,
        0.021226340108881882,
        0.021211258602924034,
        0.021037457842644446
    ],
    "val_losses": [
        0.21954120357942938,
        0.09604527183184017,
        0.06496534484686253,
        0.028655493659863758,
        0.024818058394258387,
        0.021590891186050263,
        0.02140598910187514,
        0.021460307399264435,
        0.021451197459958913,
        0.02154341773984584,
        0.02151584755001443,
        0.021367345542441147,
        0.02133118004053273,
        0.021251261094759465,
        0.021089792558539672,
        0.020973258320423547,
        0.020931676504540534,
        0.020904853319128353,
        0.020858578990851896,
        0.020824565178948394
    ],
    "config": {
        "FILES": {
            "WEEKS_TO_READ": [
                1,
                2,
                3,
                4,
                5,
                6,
                7,
                8,
                9
            ],
            "INPUT_PATH": "data/raw",
            "RESULTS_PATH": "output/results",
            "GRAPHS_PATH": "data/graphs"
        },
        "GCN": {
            "EPOCHS": 20,
            "HIDDEN_CHANNELS": 64,
            "HIDDEN_LAYERS": 2,
            "LEARNING_RATE": 0.001,
            "DROPOUT": 0.2,
            "WEIGHT_DECAY": 0.0005,
            "OPTIMIZER": "adamw",
            "WARMUP_EPOCHS": 10,
            "EARLY_STOP_PATIENCE": 50,
            "MIN_DELTA": 0.001
        },
        "RF": {
            "N_ESTIMATORS": 100
        },
        "MLP": {
            "HIDDEN_CHANNELS": 64,
            "HIDDEN_LAYERS": 2,
            "MAX_ITER": 3000,
            "LEARNING_RATE": 0.01,
            "ALPHA": 0.0005
        },
        "DATASET": {
            "VALIDATION_SPLIT": 0.7,
            "TEST_SPLIT": 0.15,
            "TRAIN_SPLIT": 0.15
        },
        "RANDOM_SEED": 1,
        "SHOW_INFO": true,
        "EDGE_STRATEGY": "CLOSEST-2",
        "DOWN_SAMPLE": true,
        "QB_LINK": false
    }
}