{
    "last_gcn_results": {
        "Rush": {
            "precision": 0.6176470588235294,
            "recall": 0.5943396226415094,
            "f1-score": 0.6057692307692307,
            "support": 106.0
        },
        "Pass": {
            "precision": 0.6090909090909091,
            "recall": 0.6320754716981132,
            "f1-score": 0.6203703703703703,
            "support": 106.0
        },
        "accuracy": 0.6132075471698113,
        "macro avg": {
            "precision": 0.6133689839572193,
            "recall": 0.6132075471698113,
            "f1-score": 0.6130698005698005,
            "support": 212.0
        },
        "weighted avg": {
            "precision": 0.6133689839572193,
            "recall": 0.6132075471698113,
            "f1-score": 0.6130698005698004,
            "support": 212.0
        },
        "confusion_matrix": [
            [
                63,
                43
            ],
            [
                39,
                67
            ]
        ]
    },
    "best_gcn_results": {
        "Rush": {
            "precision": 0.6176470588235294,
            "recall": 0.5943396226415094,
            "f1-score": 0.6057692307692307,
            "support": 106.0
        },
        "Pass": {
            "precision": 0.6090909090909091,
            "recall": 0.6320754716981132,
            "f1-score": 0.6203703703703703,
            "support": 106.0
        },
        "accuracy": 0.6132075471698113,
        "macro avg": {
            "precision": 0.6133689839572193,
            "recall": 0.6132075471698113,
            "f1-score": 0.6130698005698005,
            "support": 212.0
        },
        "weighted avg": {
            "precision": 0.6133689839572193,
            "recall": 0.6132075471698113,
            "f1-score": 0.6130698005698004,
            "support": 212.0
        },
        "confusion_matrix": [
            [
                63,
                43
            ],
            [
                39,
                67
            ]
        ]
    },
    "rf_results": {
        "Rush": {
            "precision": 0.6944444444444444,
            "recall": 0.7075471698113207,
            "f1-score": 0.7009345794392523,
            "support": 106.0
        },
        "Pass": {
            "precision": 0.7019230769230769,
            "recall": 0.6886792452830188,
            "f1-score": 0.6952380952380952,
            "support": 106.0
        },
        "accuracy": 0.6981132075471698,
        "macro avg": {
            "precision": 0.6981837606837606,
            "recall": 0.6981132075471698,
            "f1-score": 0.6980863373386738,
            "support": 212.0
        },
        "weighted avg": {
            "precision": 0.6981837606837608,
            "recall": 0.6981132075471698,
            "f1-score": 0.6980863373386738,
            "support": 212.0
        },
        "confusion_matrix": [
            [
                75,
                31
            ],
            [
                33,
                73
            ]
        ]
    },
    "mlp_results": {
        "Rush": {
            "precision": 0.6727272727272727,
            "recall": 0.6981132075471698,
            "f1-score": 0.6851851851851852,
            "support": 106.0
        },
        "Pass": {
            "precision": 0.6862745098039216,
            "recall": 0.660377358490566,
            "f1-score": 0.6730769230769231,
            "support": 106.0
        },
        "accuracy": 0.6792452830188679,
        "macro avg": {
            "precision": 0.6795008912655971,
            "recall": 0.6792452830188679,
            "f1-score": 0.6791310541310542,
            "support": 212.0
        },
        "weighted avg": {
            "precision": 0.6795008912655972,
            "recall": 0.6792452830188679,
            "f1-score": 0.6791310541310542,
            "support": 212.0
        },
        "confusion_matrix": [
            [
                74,
                32
            ],
            [
                36,
                70
            ]
        ]
    },
    "train_losses": [
        0.9440523599221454,
        0.45508246111675976,
        0.3048692805980279,
        0.14314070247053132,
        0.06979690540612228,
        0.031458309268563744,
        0.02358586389601715,
        0.022194649812167254,
        0.022140790110196526,
        0.02219250174314995,
        0.021631831802972932,
        0.021729798820929798,
        0.021838583536748963,
        0.021590747181477587,
        0.021545958288801396,
        0.021361483366993384,
        0.021438415457562702,
        0.021544420682802434,
        0.021457711673849,
        0.02139496615504831,
        0.02120739251859789,
        0.02138579770074627,
        0.021283305575692555,
        0.02088520251880816,
        0.02108851808115719,
        0.020760469320343762,
        0.020974615240484717,
        0.02109296189817956,
        0.020762386300214906,
        0.020621619331158275,
        0.02079950981750721,
        0.02052085992039704,
        0.020895905186974904,
        0.02104209587583697,
        0.02060139579016988,
        0.020688801398122212,
        0.020391009687408198,
        0.020371167398080592,
        0.020442745065301415,
        0.020342377930637298,
        0.020224546211037208,
        0.020324506168443012,
        0.020145978869461432
    ],
    "val_losses": [
        0.5611070776885411,
        0.1922134948226641,
        0.07122107946647788,
        0.05131874106964975,
        0.02556410403746479,
        0.02404662010804662,
        0.02284966099937007,
        0.02240867997115513,
        0.022561139936717052,
        0.022348925471305847,
        0.02254680501964857,
        0.02242498071688526,
        0.022541956519180874,
        0.02230817754313631,
        0.022079370494158763,
        0.02220865746714034,
        0.022072433863046033,
        0.021721282657587302,
        0.021991186265675526,
        0.022070396902426234,
        0.02210126114341448,
        0.021861779521096428,
        0.021637134113401738,
        0.021668215124112256,
        0.021557708112698682,
        0.021401912536261218,
        0.02173463522263293,
        0.02173565890429155,
        0.02161355344754345,
        0.021293448389701125,
        0.021564345033663623,
        0.021381331783420634,
        0.021766373009051918,
        0.02169766178670919,
        0.02173942046345405,
        0.02178792711698784,
        0.021539782859244436,
        0.02140965832854217,
        0.021470610544366657,
        0.021304696798324585,
        0.021421898367269984,
        0.0215408056974411,
        0.02142442397351535
    ],
    "config": {
        "FILES": {
            "WEEKS_TO_READ": [
                1
            ],
            "INPUT_PATH": "data/raw",
            "RESULTS_PATH": "output/results",
            "GRAPHS_PATH": "data/graphs"
        },
        "GCN": {
            "EPOCHS": 500,
            "HIDDEN_CHANNELS": 64,
            "HIDDEN_LAYERS": 2,
            "LEARNING_RATE": 0.001,
            "DROPOUT": 0.2,
            "WEIGHT_DECAY": 0.0005,
            "OPTIMIZER": "adamw",
            "WARMUP_EPOCHS": 5,
            "EARLY_STOP_PATIENCE": 25,
            "MIN_DELTA": 0.001
        },
        "RF": {
            "N_ESTIMATORS": 100
        },
        "MLP": {
            "HIDDEN_CHANNELS": 64,
            "HIDDEN_LAYERS": 2,
            "MAX_ITER": 3000,
            "LEARNING_RATE": 0.01,
            "ALPHA": 0.0005
        },
        "DATASET": {
            "VALIDATION_SPLIT": 0.7,
            "TEST_SPLIT": 0.85
        },
        "RANDOM_SEED": 1,
        "SHOW_INFO": true,
        "EDGE_STRATEGY": "CLOSEST-2",
        "DOWN_SAMPLE": true,
        "QB_LINK": false
    }
}