{
    "last_gcn_results": {
        "Rush": {
            "precision": 0.48031496062992124,
            "recall": 0.5700934579439252,
            "f1-score": 0.5213675213675214,
            "support": 107.0
        },
        "Pass": {
            "precision": 0.7012987012987013,
            "recall": 0.6206896551724138,
            "f1-score": 0.6585365853658537,
            "support": 174.0
        },
        "accuracy": 0.6014234875444839,
        "macro avg": {
            "precision": 0.5908068309643113,
            "recall": 0.5953915565581696,
            "f1-score": 0.5899520533666875,
            "support": 281.0
        },
        "weighted avg": {
            "precision": 0.6171518676632584,
            "recall": 0.6014234875444839,
            "f1-score": 0.6063049488967379,
            "support": 281.0
        },
        "confusion_matrix": [
            [
                61,
                46
            ],
            [
                66,
                108
            ]
        ]
    },
    "best_gcn_results": {
        "Rush": {
            "precision": 0.48031496062992124,
            "recall": 0.5700934579439252,
            "f1-score": 0.5213675213675214,
            "support": 107.0
        },
        "Pass": {
            "precision": 0.7012987012987013,
            "recall": 0.6206896551724138,
            "f1-score": 0.6585365853658537,
            "support": 174.0
        },
        "accuracy": 0.6014234875444839,
        "macro avg": {
            "precision": 0.5908068309643113,
            "recall": 0.5953915565581696,
            "f1-score": 0.5899520533666875,
            "support": 281.0
        },
        "weighted avg": {
            "precision": 0.6171518676632584,
            "recall": 0.6014234875444839,
            "f1-score": 0.6063049488967379,
            "support": 281.0
        },
        "confusion_matrix": [
            [
                61,
                46
            ],
            [
                66,
                108
            ]
        ]
    },
    "rf_results": {
        "Rush": {
            "precision": 0.5921052631578947,
            "recall": 0.4205607476635514,
            "f1-score": 0.4918032786885246,
            "support": 107.0
        },
        "Pass": {
            "precision": 0.697560975609756,
            "recall": 0.8218390804597702,
            "f1-score": 0.7546174142480211,
            "support": 174.0
        },
        "accuracy": 0.6690391459074733,
        "macro avg": {
            "precision": 0.6448331193838254,
            "recall": 0.6211999140616608,
            "f1-score": 0.6232103464682728,
            "support": 281.0
        },
        "weighted avg": {
            "precision": 0.6574052416868053,
            "recall": 0.6690391459074733,
            "f1-score": 0.6545422807787467,
            "support": 281.0
        },
        "confusion_matrix": [
            [
                45,
                62
            ],
            [
                31,
                143
            ]
        ]
    },
    "mlp_results": {
        "Rush": {
            "precision": 0.5042735042735043,
            "recall": 0.5514018691588785,
            "f1-score": 0.5267857142857143,
            "support": 107.0
        },
        "Pass": {
            "precision": 0.7073170731707317,
            "recall": 0.6666666666666666,
            "f1-score": 0.6863905325443787,
            "support": 174.0
        },
        "accuracy": 0.6227758007117438,
        "macro avg": {
            "precision": 0.605795288722118,
            "recall": 0.6090342679127725,
            "f1-score": 0.6065881234150465,
            "support": 281.0
        },
        "weighted avg": {
            "precision": 0.6300015504945632,
            "recall": 0.6227758007117438,
            "f1-score": 0.6256157440971293,
            "support": 281.0
        },
        "confusion_matrix": [
            [
                59,
                48
            ],
            [
                58,
                116
            ]
        ]
    },
    "train_losses": [
        0.9805411469164512,
        0.6530073803963421,
        0.48233686934272163,
        0.3554656471279885,
        0.335767056444566,
        0.2369256619926837,
        0.16685240989108738,
        0.1366856381189909,
        0.08859725521622802,
        0.07293712278064206,
        0.057668224941912316,
        0.053935425530234685,
        0.04963921771632682,
        0.03956587880635433,
        0.036752945013183484,
        0.031748336746538285,
        0.035931555916079515,
        0.02806092670066751,
        0.030510324368373955,
        0.030106436434409602
    ],
    "val_losses": [
        0.8888473789723127,
        0.44336884420041034,
        0.2283828465914708,
        0.2197891342538976,
        0.08791111761831705,
        0.09509200311973519,
        0.07941215289749486,
        0.0631364907917378,
        0.040454504533948304,
        0.03022889048434662,
        0.0449417985981478,
        0.03316179135838686,
        0.02956441248995786,
        0.028390601931212955,
        0.023617336482061983,
        0.022450137633924946,
        0.02300871753802751,
        0.022719888755043622,
        0.02246944802462642,
        0.022458837755466077
    ],
    "config": {
        "FILES": {
            "WEEKS_TO_READ": [
                1
            ],
            "INPUT_PATH": "data/raw",
            "RESULTS_PATH": "output/results",
            "GRAPHS_PATH": "data/graphs"
        },
        "GCN": {
            "EPOCHS": 20,
            "HIDDEN_CHANNELS": 64,
            "HIDDEN_LAYERS": 2,
            "LEARNING_RATE": 0.001,
            "DROPOUT": 0.2,
            "WEIGHT_DECAY": 0.0005,
            "OPTIMIZER": "adamw",
            "WARMUP_EPOCHS": 5,
            "EARLY_STOP_PATIENCE": 50,
            "MIN_DELTA": 0.001
        },
        "RF": {
            "N_ESTIMATORS": 100
        },
        "MLP": {
            "HIDDEN_CHANNELS": 64,
            "HIDDEN_LAYERS": 2,
            "MAX_ITER": 3000,
            "LEARNING_RATE": 0.01,
            "ALPHA": 0.0005
        },
        "DATASET": {
            "VALIDATION_SPLIT": 0.7,
            "TEST_SPLIT": 0.15,
            "TRAIN_SPLIT": 0.15
        },
        "RANDOM_SEED": 1,
        "SHOW_INFO": true,
        "EDGE_STRATEGY": "DELAUNAY",
        "DOWN_SAMPLE": false,
        "FORCE_REBUILD": true,
        "N": 2,
        "QB_LINK": false
    }
}