{
    "last_gcn_results": {
        "Rush": {
            "precision": 0.44086021505376344,
            "recall": 0.7663551401869159,
            "f1-score": 0.5597269624573379,
            "support": 107.0
        },
        "Pass": {
            "precision": 0.7368421052631579,
            "recall": 0.40229885057471265,
            "f1-score": 0.5204460966542751,
            "support": 174.0
        },
        "accuracy": 0.5409252669039146,
        "macro avg": {
            "precision": 0.5888511601584606,
            "recall": 0.5843269953808142,
            "f1-score": 0.5400865295558065,
            "support": 281.0
        },
        "weighted avg": {
            "precision": 0.6241372573898298,
            "recall": 0.5409252669039146,
            "f1-score": 0.535403579362203,
            "support": 281.0
        },
        "confusion_matrix": [
            [
                82,
                25
            ],
            [
                104,
                70
            ]
        ]
    },
    "best_gcn_results": {
        "Rush": {
            "precision": 0.44086021505376344,
            "recall": 0.7663551401869159,
            "f1-score": 0.5597269624573379,
            "support": 107.0
        },
        "Pass": {
            "precision": 0.7368421052631579,
            "recall": 0.40229885057471265,
            "f1-score": 0.5204460966542751,
            "support": 174.0
        },
        "accuracy": 0.5409252669039146,
        "macro avg": {
            "precision": 0.5888511601584606,
            "recall": 0.5843269953808142,
            "f1-score": 0.5400865295558065,
            "support": 281.0
        },
        "weighted avg": {
            "precision": 0.6241372573898298,
            "recall": 0.5409252669039146,
            "f1-score": 0.535403579362203,
            "support": 281.0
        },
        "confusion_matrix": [
            [
                82,
                25
            ],
            [
                104,
                70
            ]
        ]
    },
    "rf_results": {
        "Rush": {
            "precision": 0.6333333333333333,
            "recall": 0.5327102803738317,
            "f1-score": 0.5786802030456852,
            "support": 107.0
        },
        "Pass": {
            "precision": 0.7382198952879581,
            "recall": 0.8103448275862069,
            "f1-score": 0.7726027397260274,
            "support": 174.0
        },
        "accuracy": 0.7046263345195729,
        "macro avg": {
            "precision": 0.6857766143106456,
            "recall": 0.6715275539800193,
            "f1-score": 0.6756414713858563,
            "support": 281.0
        },
        "weighted avg": {
            "precision": 0.6982808841522112,
            "recall": 0.7046263345195729,
            "f1-score": 0.6987603503139399,
            "support": 281.0
        },
        "confusion_matrix": [
            [
                57,
                50
            ],
            [
                33,
                141
            ]
        ]
    },
    "mlp_results": {
        "Rush": {
            "precision": 0.49122807017543857,
            "recall": 0.5233644859813084,
            "f1-score": 0.5067873303167421,
            "support": 107.0
        },
        "Pass": {
            "precision": 0.6946107784431138,
            "recall": 0.6666666666666666,
            "f1-score": 0.6803519061583577,
            "support": 174.0
        },
        "accuracy": 0.6120996441281139,
        "macro avg": {
            "precision": 0.5929194243092761,
            "recall": 0.5950155763239875,
            "f1-score": 0.5935696182375498,
            "support": 281.0
        },
        "weighted avg": {
            "precision": 0.6171661172878069,
            "recall": 0.6120996441281139,
            "f1-score": 0.614261480482013,
            "support": 281.0
        },
        "confusion_matrix": [
            [
                56,
                51
            ],
            [
                58,
                116
            ]
        ]
    },
    "train_losses": [
        0.963005587351408,
        0.6388490148585477,
        0.480537925692771,
        0.4639049262451611,
        0.3013497925490784,
        0.23162679535021885,
        0.19017774424106954,
        0.13309024092104796,
        0.09926740642931821,
        0.08169460339511898,
        0.06903462058348621,
        0.0723860911328158,
        0.04756063651695526,
        0.05011494661406647,
        0.03932251261292602,
        0.038600598736632644,
        0.03427603433458067,
        0.03227433283551991,
        0.03491087461547028,
        0.03691227358879803
    ],
    "val_losses": [
        0.8959260526485311,
        0.4644375515498043,
        0.25299008320257055,
        0.16645951671174528,
        0.1336049569212904,
        0.0825919813151723,
        0.11736969107201321,
        0.039994090497264316,
        0.05192504046603842,
        0.044978837952235735,
        0.04697126705340003,
        0.0302689212207339,
        0.04200259087359198,
        0.028443419217512735,
        0.035804242606893515,
        0.032452875279389136,
        0.026602278130159092,
        0.02775144246654202,
        0.028459114419028243,
        0.028784564681196324
    ],
    "config": {
        "FILES": {
            "WEEKS_TO_READ": [
                1
            ],
            "INPUT_PATH": "data/raw",
            "RESULTS_PATH": "output/results",
            "GRAPHS_PATH": "data/graphs"
        },
        "GCN": {
            "EPOCHS": 20,
            "HIDDEN_CHANNELS": 64,
            "HIDDEN_LAYERS": 2,
            "LEARNING_RATE": 0.001,
            "DROPOUT": 0.2,
            "WEIGHT_DECAY": 0.0005,
            "OPTIMIZER": "adamw",
            "WARMUP_EPOCHS": 5,
            "EARLY_STOP_PATIENCE": 50,
            "MIN_DELTA": 0.001
        },
        "RF": {
            "N_ESTIMATORS": 100
        },
        "MLP": {
            "HIDDEN_CHANNELS": 64,
            "HIDDEN_LAYERS": 2,
            "MAX_ITER": 3000,
            "LEARNING_RATE": 0.01,
            "ALPHA": 0.0005
        },
        "DATASET": {
            "VALIDATION_SPLIT": 0.7,
            "TEST_SPLIT": 0.15,
            "TRAIN_SPLIT": 0.15
        },
        "RANDOM_SEED": 1,
        "SHOW_INFO": true,
        "EDGE_STRATEGY": "DELAUNAY",
        "DOWN_SAMPLE": false,
        "FORCE_REBUILD": true,
        "N": 2
    }
}