{
    "last_gcn_results": {
        "Rush": {
            "precision": 0.6476426799007444,
            "recall": 0.5698689956331878,
            "f1-score": 0.6062717770034843,
            "support": 916.0
        },
        "Pass": {
            "precision": 0.7387267904509284,
            "recall": 0.7968526466380543,
            "f1-score": 0.76668960770819,
            "support": 1398.0
        },
        "accuracy": 0.7070008643042351,
        "macro avg": {
            "precision": 0.6931847351758365,
            "recall": 0.683360821135621,
            "f1-score": 0.6864806923558371,
            "support": 2314.0
        },
        "weighted avg": {
            "precision": 0.7026710232668452,
            "recall": 0.7070008643042351,
            "f1-score": 0.703187994516526,
            "support": 2314.0
        },
        "confusion_matrix": [
            [
                522,
                394
            ],
            [
                284,
                1114
            ]
        ]
    },
    "best_gcn_results": {
        "Rush": {
            "precision": 0.6476426799007444,
            "recall": 0.5698689956331878,
            "f1-score": 0.6062717770034843,
            "support": 916.0
        },
        "Pass": {
            "precision": 0.7387267904509284,
            "recall": 0.7968526466380543,
            "f1-score": 0.76668960770819,
            "support": 1398.0
        },
        "accuracy": 0.7070008643042351,
        "macro avg": {
            "precision": 0.6931847351758365,
            "recall": 0.683360821135621,
            "f1-score": 0.6864806923558371,
            "support": 2314.0
        },
        "weighted avg": {
            "precision": 0.7026710232668452,
            "recall": 0.7070008643042351,
            "f1-score": 0.703187994516526,
            "support": 2314.0
        },
        "confusion_matrix": [
            [
                522,
                394
            ],
            [
                284,
                1114
            ]
        ]
    },
    "rf_results": {
        "Rush": {
            "precision": 0.67,
            "recall": 0.6582969432314411,
            "f1-score": 0.6640969162995595,
            "support": 916.0
        },
        "Pass": {
            "precision": 0.7786421499292786,
            "recall": 0.7875536480686696,
            "f1-score": 0.783072546230441,
            "support": 1398.0
        },
        "accuracy": 0.7363872082973206,
        "macro avg": {
            "precision": 0.7243210749646394,
            "recall": 0.7229252956500554,
            "f1-score": 0.7235847312650002,
            "support": 2314.0
        },
        "weighted avg": {
            "precision": 0.7356360093349747,
            "recall": 0.7363872082973206,
            "f1-score": 0.7359758837340332,
            "support": 2314.0
        },
        "confusion_matrix": [
            [
                603,
                313
            ],
            [
                297,
                1101
            ]
        ]
    },
    "mlp_results": {
        "Rush": {
            "precision": 0.5969498910675382,
            "recall": 0.5982532751091703,
            "f1-score": 0.5976008724100327,
            "support": 916.0
        },
        "Pass": {
            "precision": 0.7363896848137536,
            "recall": 0.7353361945636624,
            "f1-score": 0.7358625626342162,
            "support": 1398.0
        },
        "accuracy": 0.6810717372515125,
        "macro avg": {
            "precision": 0.6666697879406458,
            "recall": 0.6667947348364163,
            "f1-score": 0.6667317175221245,
            "support": 2314.0
        },
        "weighted avg": {
            "precision": 0.6811922556557876,
            "recall": 0.6810717372515125,
            "f1-score": 0.6811314873337183,
            "support": 2314.0
        },
        "confusion_matrix": [
            [
                548,
                368
            ],
            [
                370,
                1028
            ]
        ]
    },