{
    "last_gcn_results": {
        "Rush": {
            "precision": 0.6828793774319066,
            "recall": 0.7663755458515283,
            "f1-score": 0.7222222222222222,
            "support": 916.0
        },
        "Pass": {
            "precision": 0.7338308457711443,
            "recall": 0.6441048034934498,
            "f1-score": 0.686046511627907,
            "support": 916.0
        },
        "accuracy": 0.7052401746724891,
        "macro avg": {
            "precision": 0.7083551116015254,
            "recall": 0.705240174672489,
            "f1-score": 0.7041343669250646,
            "support": 1832.0
        },
        "weighted avg": {
            "precision": 0.7083551116015255,
            "recall": 0.7052401746724891,
            "f1-score": 0.7041343669250646,
            "support": 1832.0
        },
        "confusion_matrix": [
            [
                702,
                214
            ],
            [
                326,
                590
            ]
        ]
    },
    "best_gcn_results": {
        "Rush": {
            "precision": 0.6828793774319066,
            "recall": 0.7663755458515283,
            "f1-score": 0.7222222222222222,
            "support": 916.0
        },
        "Pass": {
            "precision": 0.7338308457711443,
            "recall": 0.6441048034934498,
            "f1-score": 0.686046511627907,
            "support": 916.0
        },
        "accuracy": 0.7052401746724891,
        "macro avg": {
            "precision": 0.7083551116015254,
            "recall": 0.705240174672489,
            "f1-score": 0.7041343669250646,
            "support": 1832.0
        },
        "weighted avg": {
            "precision": 0.7083551116015255,
            "recall": 0.7052401746724891,
            "f1-score": 0.7041343669250646,
            "support": 1832.0
        },
        "confusion_matrix": [
            [
                702,
                214
            ],
            [
                326,
                590
            ]
        ]
    },
    "rf_results": {
        "Rush": {
            "precision": 0.7289823008849557,
            "recall": 0.7194323144104804,
            "f1-score": 0.7241758241758242,
            "support": 916.0
        },
        "Pass": {
            "precision": 0.7230603448275862,
            "recall": 0.732532751091703,
            "f1-score": 0.7277657266811279,
            "support": 916.0
        },
        "accuracy": 0.7259825327510917,
        "macro avg": {
            "precision": 0.726021322856271,
            "recall": 0.7259825327510917,
            "f1-score": 0.7259707754284761,
            "support": 1832.0
        },
        "weighted avg": {
            "precision": 0.726021322856271,
            "recall": 0.7259825327510917,
            "f1-score": 0.7259707754284761,
            "support": 1832.0
        },
        "confusion_matrix": [
            [
                659,
                257
            ],
            [
                245,
                671
            ]
        ]
    },
    "mlp_results": {
        "Rush": {
            "precision": 0.6962305986696231,
            "recall": 0.6855895196506551,
            "f1-score": 0.6908690869086909,
            "support": 916.0
        },
        "Pass": {
            "precision": 0.6903225806451613,
            "recall": 0.7008733624454149,
            "f1-score": 0.695557963163597,
            "support": 916.0
        },
        "accuracy": 0.6932314410480349,
        "macro avg": {
            "precision": 0.6932765896573923,
            "recall": 0.6932314410480349,
            "f1-score": 0.693213525036144,
            "support": 1832.0
        },
        "weighted avg": {
            "precision": 0.6932765896573921,
            "recall": 0.6932314410480349,
            "f1-score": 0.6932135250361439,
            "support": 1832.0
        },
        "confusion_matrix": [
            [
                628,
                288
            ],
            [
                274,
                642
            ]
        ]
    },