{
    "last_gcn_results": {
        "Rush": {
            "precision": 0.669047619047619,
            "recall": 0.6135371179039302,
            "f1-score": 0.6400911161731208,
            "support": 916.0
        },
        "Pass": {
            "precision": 0.7598371777476255,
            "recall": 0.8011444921316166,
            "f1-score": 0.7799442896935933,
            "support": 1398.0
        },
        "accuracy": 0.7268798617113224,
        "macro avg": {
            "precision": 0.7144423983976222,
            "recall": 0.7073408050177734,
            "f1-score": 0.710017702933357,
            "support": 2314.0
        },
        "weighted avg": {
            "precision": 0.7238980093080378,
            "recall": 0.7268798617113224,
            "f1-score": 0.7245832235981945,
            "support": 2314.0
        },
        "confusion_matrix": [
            [
                562,
                354
            ],
            [
                278,
                1120
            ]
        ]
    },
    "best_gcn_results": {
        "Rush": {
            "precision": 0.669047619047619,
            "recall": 0.6135371179039302,
            "f1-score": 0.6400911161731208,
            "support": 916.0
        },
        "Pass": {
            "precision": 0.7598371777476255,
            "recall": 0.8011444921316166,
            "f1-score": 0.7799442896935933,
            "support": 1398.0
        },
        "accuracy": 0.7268798617113224,
        "macro avg": {
            "precision": 0.7144423983976222,
            "recall": 0.7073408050177734,
            "f1-score": 0.710017702933357,
            "support": 2314.0
        },
        "weighted avg": {
            "precision": 0.7238980093080378,
            "recall": 0.7268798617113224,
            "f1-score": 0.7245832235981945,
            "support": 2314.0
        },
        "confusion_matrix": [
            [
                562,
                354
            ],
            [
                278,
                1120
            ]
        ]
    },
    "rf_results": {
        "Rush": {
            "precision": 0.6655480984340044,
            "recall": 0.6495633187772926,
            "f1-score": 0.6574585635359116,
            "support": 916.0
        },
        "Pass": {
            "precision": 0.773943661971831,
            "recall": 0.7861230329041488,
            "f1-score": 0.7799858055358411,
            "support": 1398.0
        },
        "accuracy": 0.7320656871218669,
        "macro avg": {
            "precision": 0.7197458802029177,
            "recall": 0.7178431758407207,
            "f1-score": 0.7187221845358763,
            "support": 2314.0
        },
        "weighted avg": {
            "precision": 0.7310351329309281,
            "recall": 0.7320656871218669,
            "f1-score": 0.731483232643907,
            "support": 2314.0
        },
        "confusion_matrix": [
            [
                595,
                321
            ],
            [
                299,
                1099
            ]
        ]
    },
    "mlp_results": {
        "Rush": {
            "precision": 0.6130434782608696,
            "recall": 0.6157205240174672,
            "f1-score": 0.6143790849673203,
            "support": 916.0
        },
        "Pass": {
            "precision": 0.7474892395982783,
            "recall": 0.7453505007153076,
            "f1-score": 0.7464183381088825,
            "support": 1398.0
        },
        "accuracy": 0.6940363007778738,
        "macro avg": {
            "precision": 0.6802663589295739,
            "recall": 0.6805355123663874,
            "f1-score": 0.6803987115381014,
            "support": 2314.0
        },
        "weighted avg": {
            "precision": 0.6942687048597017,
            "recall": 0.6940363007778738,
            "f1-score": 0.6941504228635623,
            "support": 2314.0
        },
        "confusion_matrix": [
            [
                564,
                352
            ],
            [
                356,
                1042
            ]
        ]
    },