{
    "last_gcn_results": {
        "Rush": {
            "precision": 0.6662721893491125,
            "recall": 0.6146288209606987,
            "f1-score": 0.6394094264622374,
            "support": 916.0
        },
        "Pass": {
            "precision": 0.7597004765146358,
            "recall": 0.7982832618025751,
            "f1-score": 0.7785141262643879,
            "support": 1398.0
        },
        "accuracy": 0.7255834053586863,
        "macro avg": {
            "precision": 0.7129863329318742,
            "recall": 0.706456041381637,
            "f1-score": 0.7089617763633127,
            "support": 2314.0
        },
        "weighted avg": {
            "precision": 0.7227167638769438,
            "recall": 0.7255834053586863,
            "f1-score": 0.7234493444930957,
            "support": 2314.0
        },
        "confusion_matrix": [
            [
                563,
                353
            ],
            [
                282,
                1116
            ]
        ]
    },
    "best_gcn_results": {
        "Rush": {
            "precision": 0.6662721893491125,
            "recall": 0.6146288209606987,
            "f1-score": 0.6394094264622374,
            "support": 916.0
        },
        "Pass": {
            "precision": 0.7597004765146358,
            "recall": 0.7982832618025751,
            "f1-score": 0.7785141262643879,
            "support": 1398.0
        },
        "accuracy": 0.7255834053586863,
        "macro avg": {
            "precision": 0.7129863329318742,
            "recall": 0.706456041381637,
            "f1-score": 0.7089617763633127,
            "support": 2314.0
        },
        "weighted avg": {
            "precision": 0.7227167638769438,
            "recall": 0.7255834053586863,
            "f1-score": 0.7234493444930957,
            "support": 2314.0
        },
        "confusion_matrix": [
            [
                563,
                353
            ],
            [
                282,
                1116
            ]
        ]
    },
    "rf_results": {
        "Rush": {
            "precision": 0.6741706161137441,
            "recall": 0.62117903930131,
            "f1-score": 0.6465909090909091,
            "support": 916.0
        },
        "Pass": {
            "precision": 0.7639455782312925,
            "recall": 0.8032904148783977,
            "f1-score": 0.7831241283124128,
            "support": 1398.0
        },
        "accuracy": 0.7312013828867762,
        "macro avg": {
            "precision": 0.7190580971725182,
            "recall": 0.7122347270898539,
            "f1-score": 0.714857518701661,
            "support": 2314.0
        },
        "weighted avg": {
            "precision": 0.7284080392080969,
            "recall": 0.7312013828867762,
            "f1-score": 0.7290772705739091,
            "support": 2314.0
        },
        "confusion_matrix": [
            [
                569,
                347
            ],
            [
                275,
                1123
            ]
        ]
    },
    "mlp_results": {
        "Rush": {
            "precision": 0.6146288209606987,
            "recall": 0.6146288209606987,
            "f1-score": 0.6146288209606987,
            "support": 916.0
        },
        "Pass": {
            "precision": 0.7474964234620887,
            "recall": 0.7474964234620887,
            "f1-score": 0.7474964234620887,
            "support": 1398.0
        },
        "accuracy": 0.6949006050129646,
        "macro avg": {
            "precision": 0.6810626222113937,
            "recall": 0.6810626222113937,
            "f1-score": 0.6810626222113937,
            "support": 2314.0
        },
        "weighted avg": {
            "precision": 0.6949006050129646,
            "recall": 0.6949006050129646,
            "f1-score": 0.6949006050129646,
            "support": 2314.0
        },
        "confusion_matrix": [
            [
                563,
                353
            ],
            [
                353,
                1045
            ]
        ]
    },