{
    "last_gcn_results": {
        "Rush": {
            "precision": 0.6871741397288843,
            "recall": 0.7194323144104804,
            "f1-score": 0.7029333333333333,
            "support": 916.0
        },
        "Pass": {
            "precision": 0.7056128293241696,
            "recall": 0.6724890829694323,
            "f1-score": 0.6886528787031861,
            "support": 916.0
        },
        "accuracy": 0.6959606986899564,
        "macro avg": {
            "precision": 0.6963934845265269,
            "recall": 0.6959606986899564,
            "f1-score": 0.6957931060182597,
            "support": 1832.0
        },
        "weighted avg": {
            "precision": 0.6963934845265269,
            "recall": 0.6959606986899564,
            "f1-score": 0.6957931060182598,
            "support": 1832.0
        },
        "confusion_matrix": [
            [
                659,
                257
            ],
            [
                300,
                616
            ]
        ]
    },
    "best_gcn_results": {
        "Rush": {
            "precision": 0.6871741397288843,
            "recall": 0.7194323144104804,
            "f1-score": 0.7029333333333333,
            "support": 916.0
        },
        "Pass": {
            "precision": 0.7056128293241696,
            "recall": 0.6724890829694323,
            "f1-score": 0.6886528787031861,
            "support": 916.0
        },
        "accuracy": 0.6959606986899564,
        "macro avg": {
            "precision": 0.6963934845265269,
            "recall": 0.6959606986899564,
            "f1-score": 0.6957931060182597,
            "support": 1832.0
        },
        "weighted avg": {
            "precision": 0.6963934845265269,
            "recall": 0.6959606986899564,
            "f1-score": 0.6957931060182598,
            "support": 1832.0
        },
        "confusion_matrix": [
            [
                659,
                257
            ],
            [
                300,
                616
            ]
        ]
    },
    "rf_results": {
        "Rush": {
            "precision": 0.718503937007874,
            "recall": 0.7969432314410481,
            "f1-score": 0.7556935817805382,
            "support": 916.0
        },
        "Pass": {
            "precision": 0.7720588235294118,
            "recall": 0.6877729257641921,
            "f1-score": 0.7274826789838337,
            "support": 916.0
        },
        "accuracy": 0.74235807860262,
        "macro avg": {
            "precision": 0.7452813802686429,
            "recall": 0.74235807860262,
            "f1-score": 0.741588130382186,
            "support": 1832.0
        },
        "weighted avg": {
            "precision": 0.7452813802686429,
            "recall": 0.74235807860262,
            "f1-score": 0.7415881303821859,
            "support": 1832.0
        },
        "confusion_matrix": [
            [
                730,
                186
            ],
            [
                286,
                630
            ]
        ]
    },
    "mlp_results": {
        "Rush": {
            "precision": 0.6918103448275862,
            "recall": 0.7008733624454149,
            "f1-score": 0.6963123644251626,
            "support": 916.0
        },
        "Pass": {
            "precision": 0.6969026548672567,
            "recall": 0.6877729257641921,
            "f1-score": 0.6923076923076923,
            "support": 916.0
        },
        "accuracy": 0.6943231441048034,
        "macro avg": {
            "precision": 0.6943564998474214,
            "recall": 0.6943231441048034,
            "f1-score": 0.6943100283664274,
            "support": 1832.0
        },
        "weighted avg": {
            "precision": 0.6943564998474215,
            "recall": 0.6943231441048034,
            "f1-score": 0.6943100283664275,
            "support": 1832.0
        },
        "confusion_matrix": [
            [
                642,
                274
            ],
            [
                286,
                630
            ]
        ]
    },