{
    "last_gcn_results": {
        "Rush": {
            "precision": 0.5793157076205288,
            "recall": 0.8133187772925764,
            "f1-score": 0.6766575840145322,
            "support": 916.0
        },
        "Pass": {
            "precision": 0.8336575875486382,
            "recall": 0.6130185979971388,
            "f1-score": 0.7065127782357791,
            "support": 1398.0
        },
        "accuracy": 0.6923076923076923,
        "macro avg": {
            "precision": 0.7064866475845835,
            "recall": 0.7131686876448575,
            "f1-score": 0.6915851811251557,
            "support": 2314.0
        },
        "weighted avg": {
            "precision": 0.7329760136445119,
            "recall": 0.6923076923076923,
            "f1-score": 0.6946945596071438,
            "support": 2314.0
        },
        "confusion_matrix": [
            [
                745,
                171
            ],
            [
                541,
                857
            ]
        ]
    },
    "best_gcn_results": {
        "Rush": {
            "precision": 0.5793157076205288,
            "recall": 0.8133187772925764,
            "f1-score": 0.6766575840145322,
            "support": 916.0
        },
        "Pass": {
            "precision": 0.8336575875486382,
            "recall": 0.6130185979971388,
            "f1-score": 0.7065127782357791,
            "support": 1398.0
        },
        "accuracy": 0.6923076923076923,
        "macro avg": {
            "precision": 0.7064866475845835,
            "recall": 0.7131686876448575,
            "f1-score": 0.6915851811251557,
            "support": 2314.0
        },
        "weighted avg": {
            "precision": 0.7329760136445119,
            "recall": 0.6923076923076923,
            "f1-score": 0.6946945596071438,
            "support": 2314.0
        },
        "confusion_matrix": [
            [
                745,
                171
            ],
            [
                541,
                857
            ]
        ]
    },
    "rf_results": {
        "Rush": {
            "precision": 0.6662763466042154,
            "recall": 0.62117903930131,
            "f1-score": 0.6429378531073446,
            "support": 916.0
        },
        "Pass": {
            "precision": 0.7623287671232877,
            "recall": 0.796137339055794,
            "f1-score": 0.7788663400979706,
            "support": 1398.0
        },
        "accuracy": 0.7268798617113224,
        "macro avg": {
            "precision": 0.7143025568637515,
            "recall": 0.708658189178552,
            "f1-score": 0.7109020966026576,
            "support": 2314.0
        },
        "weighted avg": {
            "precision": 0.7243062877821165,
            "recall": 0.7268798617113224,
            "f1-score": 0.7250588664232025,
            "support": 2314.0
        },
        "confusion_matrix": [
            [
                569,
                347
            ],
            [
                285,
                1113
            ]
        ]
    },
    "mlp_results": {
        "Rush": {
            "precision": 0.5746192893401015,
            "recall": 0.6179039301310044,
            "f1-score": 0.5954760652288269,
            "support": 916.0
        },
        "Pass": {
            "precision": 0.7366440933032355,
            "recall": 0.7002861230329042,
            "f1-score": 0.718005133846718,
            "support": 1398.0
        },
        "accuracy": 0.6676750216076058,
        "macro avg": {
            "precision": 0.6556316913216685,
            "recall": 0.6590950265819543,
            "f1-score": 0.6567405995377724,
            "support": 2314.0
        },
        "weighted avg": {
            "precision": 0.6725063575944064,
            "recall": 0.6676750216076058,
            "f1-score": 0.6695018378856168,
            "support": 2314.0
        },
        "confusion_matrix": [
            [
                566,
                350
            ],
            [
                419,
                979
            ]
        ]
    },