{
    "last_gcn_results": {
        "Rush": {
            "precision": 0.6592261904761905,
            "recall": 0.7250409165302782,
            "f1-score": 0.6905689789555729,
            "support": 611.0
        },
        "Pass": {
            "precision": 0.6945454545454546,
            "recall": 0.6252045826513911,
            "f1-score": 0.6580534022394487,
            "support": 611.0
        },
        "accuracy": 0.6751227495908347,
        "macro avg": {
            "precision": 0.6768858225108225,
            "recall": 0.6751227495908347,
            "f1-score": 0.6743111905975108,
            "support": 1222.0
        },
        "weighted avg": {
            "precision": 0.6768858225108225,
            "recall": 0.6751227495908347,
            "f1-score": 0.6743111905975108,
            "support": 1222.0
        },
        "confusion_matrix": [
            [
                443,
                168
            ],
            [
                229,
                382
            ]
        ]
    },
    "best_gcn_results": {
        "Rush": {
            "precision": 0.6592261904761905,
            "recall": 0.7250409165302782,
            "f1-score": 0.6905689789555729,
            "support": 611.0
        },
        "Pass": {
            "precision": 0.6945454545454546,
            "recall": 0.6252045826513911,
            "f1-score": 0.6580534022394487,
            "support": 611.0
        },
        "accuracy": 0.6751227495908347,
        "macro avg": {
            "precision": 0.6768858225108225,
            "recall": 0.6751227495908347,
            "f1-score": 0.6743111905975108,
            "support": 1222.0
        },
        "weighted avg": {
            "precision": 0.6768858225108225,
            "recall": 0.6751227495908347,
            "f1-score": 0.6743111905975108,
            "support": 1222.0
        },
        "confusion_matrix": [
            [
                443,
                168
            ],
            [
                229,
                382
            ]
        ]
    },
    "rf_results": {
        "Rush": {
            "precision": 0.7065868263473054,
            "recall": 0.7725040916530278,
            "f1-score": 0.7380766223612197,
            "support": 611.0
        },
        "Pass": {
            "precision": 0.7490974729241877,
            "recall": 0.679214402618658,
            "f1-score": 0.7124463519313304,
            "support": 611.0
        },
        "accuracy": 0.7258592471358429,
        "macro avg": {
            "precision": 0.7278421496357466,
            "recall": 0.7258592471358429,
            "f1-score": 0.725261487146275,
            "support": 1222.0
        },
        "weighted avg": {
            "precision": 0.7278421496357466,
            "recall": 0.7258592471358429,
            "f1-score": 0.7252614871462751,
            "support": 1222.0
        },
        "confusion_matrix": [
            [
                472,
                139
            ],
            [
                196,
                415
            ]
        ]
    },
    "mlp_results": {
        "Rush": {
            "precision": 0.6843003412969283,
            "recall": 0.6563011456628478,
            "f1-score": 0.6700083542188805,
            "support": 611.0
        },
        "Pass": {
            "precision": 0.6698113207547169,
            "recall": 0.6972176759410802,
            "f1-score": 0.6832397754611067,
            "support": 611.0
        },
        "accuracy": 0.676759410801964,
        "macro avg": {
            "precision": 0.6770558310258226,
            "recall": 0.676759410801964,
            "f1-score": 0.6766240648399936,
            "support": 1222.0
        },
        "weighted avg": {
            "precision": 0.6770558310258227,
            "recall": 0.676759410801964,
            "f1-score": 0.6766240648399936,
            "support": 1222.0
        },
        "confusion_matrix": [
            [
                401,
                210
            ],
            [
                185,
                426
            ]
        ]
    },
    "config": {
        "RANDOM_SEED": 24,
        "GNN_EPOCHS": 500,
        "GNN_HIDDEN_CHANNELS": 128,
        "GNN_HIDDEN_LAYERS": 1,
        "GNN_LEARNING_RATE": 0.001,
        "GNN_DROPOUT": 0.3,
        "GNN_WEIGHT_DECAY": 0.005,
        "RF_ESTIMATORS": 50,
        "MLP_HIDDEN_CHANNELS": 128,
        "MLP_HIDDEN_LAYERS": 3,
        "MLP_MAX_ITER": 3000,
        "MLP_LEARNING_RATE": 0.01,
        "MLP_ALPHA": 5e-05,
        "VALIDATION_SPLIT": 0.8,
        "TEST_SPLIT": 0.9,
        "SHOW_INFO": true
    }
}