{
    "last_gcn_results": {
        "Rush": {
            "precision": 0.6628498727735369,
            "recall": 0.5687772925764192,
            "f1-score": 0.6122209165687427,
            "support": 916.0
        },
        "Pass": {
            "precision": 0.7414921465968587,
            "recall": 0.8104434907010014,
            "f1-score": 0.7744360902255639,
            "support": 1398.0
        },
        "accuracy": 0.7147796024200519,
        "macro avg": {
            "precision": 0.7021710096851979,
            "recall": 0.6896103916387103,
            "f1-score": 0.6933285033971532,
            "support": 2314.0
        },
        "weighted avg": {
            "precision": 0.7103614971490787,
            "recall": 0.7147796024200519,
            "f1-score": 0.7102229964184558,
            "support": 2314.0
        },
        "confusion_matrix": [
            [
                521,
                395
            ],
            [
                265,
                1133
            ]
        ]
    },
    "best_gcn_results": {
        "Rush": {
            "precision": 0.6628498727735369,
            "recall": 0.5687772925764192,
            "f1-score": 0.6122209165687427,
            "support": 916.0
        },
        "Pass": {
            "precision": 0.7414921465968587,
            "recall": 0.8104434907010014,
            "f1-score": 0.7744360902255639,
            "support": 1398.0
        },
        "accuracy": 0.7147796024200519,
        "macro avg": {
            "precision": 0.7021710096851979,
            "recall": 0.6896103916387103,
            "f1-score": 0.6933285033971532,
            "support": 2314.0
        },
        "weighted avg": {
            "precision": 0.7103614971490787,
            "recall": 0.7147796024200519,
            "f1-score": 0.7102229964184558,
            "support": 2314.0
        },
        "confusion_matrix": [
            [
                521,
                395
            ],
            [
                265,
                1133
            ]
        ]
    },
    "rf_results": {
        "Rush": {
            "precision": 0.6574185765983113,
            "recall": 0.5949781659388647,
            "f1-score": 0.6246418338108882,
            "support": 916.0
        },
        "Pass": {
            "precision": 0.7501683501683502,
            "recall": 0.7968526466380543,
            "f1-score": 0.7728061047519944,
            "support": 1398.0
        },
        "accuracy": 0.7169403630077787,
        "macro avg": {
            "precision": 0.7037934633833307,
            "recall": 0.6959154062884595,
            "f1-score": 0.6987239692814413,
            "support": 2314.0
        },
        "weighted avg": {
            "precision": 0.7134532280464161,
            "recall": 0.7169403630077787,
            "f1-score": 0.7141550796084969,
            "support": 2314.0
        },
        "confusion_matrix": [
            [
                545,
                371
            ],
            [
                284,
                1114
            ]
        ]
    },
    "mlp_results": {
        "Rush": {
            "precision": 0.5758218451749735,
            "recall": 0.5927947598253275,
            "f1-score": 0.5841850457235073,
            "support": 916.0
        },
        "Pass": {
            "precision": 0.7279358132749818,
            "recall": 0.7138769670958512,
            "f1-score": 0.720837847598411,
            "support": 1398.0
        },
        "accuracy": 0.6659464131374244,
        "macro avg": {
            "precision": 0.6518788292249776,
            "recall": 0.6533358634605894,
            "f1-score": 0.6525114466609592,
            "support": 2314.0
        },
        "weighted avg": {
            "precision": 0.6677212952198359,
            "recall": 0.6659464131374244,
            "f1-score": 0.6667436529063575,
            "support": 2314.0
        },
        "confusion_matrix": [
            [
                543,
                373
            ],
            [
                400,
                998
            ]
        ]
    },