{
    "last_gcn_results": {
        "Rush": {
            "precision": 0.6137303556658396,
            "recall": 0.8100436681222707,
            "f1-score": 0.6983529411764706,
            "support": 916.0
        },
        "Pass": {
            "precision": 0.7207062600321027,
            "recall": 0.490174672489083,
            "f1-score": 0.5834957764782326,
            "support": 916.0
        },
        "accuracy": 0.6501091703056768,
        "macro avg": {
            "precision": 0.6672183078489711,
            "recall": 0.6501091703056768,
            "f1-score": 0.6409243588273517,
            "support": 1832.0
        },
        "weighted avg": {
            "precision": 0.6672183078489712,
            "recall": 0.6501091703056768,
            "f1-score": 0.6409243588273517,
            "support": 1832.0
        },
        "confusion_matrix": [
            [
                742,
                174
            ],
            [
                467,
                449
            ]
        ]
    },
    "best_gcn_results": {
        "Rush": {
            "precision": 0.6137303556658396,
            "recall": 0.8100436681222707,
            "f1-score": 0.6983529411764706,
            "support": 916.0
        },
        "Pass": {
            "precision": 0.7207062600321027,
            "recall": 0.490174672489083,
            "f1-score": 0.5834957764782326,
            "support": 916.0
        },
        "accuracy": 0.6501091703056768,
        "macro avg": {
            "precision": 0.6672183078489711,
            "recall": 0.6501091703056768,
            "f1-score": 0.6409243588273517,
            "support": 1832.0
        },
        "weighted avg": {
            "precision": 0.6672183078489712,
            "recall": 0.6501091703056768,
            "f1-score": 0.6409243588273517,
            "support": 1832.0
        },
        "confusion_matrix": [
            [
                742,
                174
            ],
            [
                467,
                449
            ]
        ]
    },
    "rf_results": {
        "Rush": {
            "precision": 0.6896217264791464,
            "recall": 0.7762008733624454,
            "f1-score": 0.7303543913713405,
            "support": 916.0
        },
        "Pass": {
            "precision": 0.7440699126092385,
            "recall": 0.6506550218340611,
            "f1-score": 0.6942341292952825,
            "support": 916.0
        },
        "accuracy": 0.7134279475982532,
        "macro avg": {
            "precision": 0.7168458195441925,
            "recall": 0.7134279475982532,
            "f1-score": 0.7122942603333116,
            "support": 1832.0
        },
        "weighted avg": {
            "precision": 0.7168458195441925,
            "recall": 0.7134279475982532,
            "f1-score": 0.7122942603333116,
            "support": 1832.0
        },
        "confusion_matrix": [
            [
                711,
                205
            ],
            [
                320,
                596
            ]
        ]
    },
    "mlp_results": {
        "Rush": {
            "precision": 0.64613880742913,
            "recall": 0.7216157205240175,
            "f1-score": 0.6817947395564724,
            "support": 916.0
        },
        "Pass": {
            "precision": 0.6847960444993819,
            "recall": 0.6048034934497817,
            "f1-score": 0.6423188405797101,
            "support": 916.0
        },
        "accuracy": 0.6632096069868996,
        "macro avg": {
            "precision": 0.6654674259642559,
            "recall": 0.6632096069868996,
            "f1-score": 0.6620567900680913,
            "support": 1832.0
        },
        "weighted avg": {
            "precision": 0.6654674259642559,
            "recall": 0.6632096069868996,
            "f1-score": 0.6620567900680913,
            "support": 1832.0
        },
        "confusion_matrix": [
            [
                661,
                255
            ],
            [
                362,
                554
            ]
        ]
    },