{
    "last_gcn_results": {
        "Rush": {
            "precision": 0.5439716312056737,
            "recall": 0.8373362445414847,
            "f1-score": 0.6595012897678418,
            "support": 916.0
        },
        "Pass": {
            "precision": 0.6469194312796208,
            "recall": 0.2980349344978166,
            "f1-score": 0.4080717488789238,
            "support": 916.0
        },
        "accuracy": 0.5676855895196506,
        "macro avg": {
            "precision": 0.5954455312426472,
            "recall": 0.5676855895196506,
            "f1-score": 0.5337865193233828,
            "support": 1832.0
        },
        "weighted avg": {
            "precision": 0.5954455312426473,
            "recall": 0.5676855895196506,
            "f1-score": 0.5337865193233828,
            "support": 1832.0
        },
        "confusion_matrix": [
            [
                767,
                149
            ],
            [
                643,
                273
            ]
        ]
    },
    "best_gcn_results": {
        "Rush": {
            "precision": 0.5439716312056737,
            "recall": 0.8373362445414847,
            "f1-score": 0.6595012897678418,
            "support": 916.0
        },
        "Pass": {
            "precision": 0.6469194312796208,
            "recall": 0.2980349344978166,
            "f1-score": 0.4080717488789238,
            "support": 916.0
        },
        "accuracy": 0.5676855895196506,
        "macro avg": {
            "precision": 0.5954455312426472,
            "recall": 0.5676855895196506,
            "f1-score": 0.5337865193233828,
            "support": 1832.0
        },
        "weighted avg": {
            "precision": 0.5954455312426473,
            "recall": 0.5676855895196506,
            "f1-score": 0.5337865193233828,
            "support": 1832.0
        },
        "confusion_matrix": [
            [
                767,
                149
            ],
            [
                643,
                273
            ]
        ]
    },
    "rf_results": {
        "Rush": {
            "precision": 0.6985221674876847,
            "recall": 0.7740174672489083,
            "f1-score": 0.7343345416882444,
            "support": 916.0
        },
        "Pass": {
            "precision": 0.7466340269277846,
            "recall": 0.665938864628821,
            "f1-score": 0.7039815349105597,
            "support": 916.0
        },
        "accuracy": 0.7199781659388647,
        "macro avg": {
            "precision": 0.7225780972077347,
            "recall": 0.7199781659388647,
            "f1-score": 0.7191580382994021,
            "support": 1832.0
        },
        "weighted avg": {
            "precision": 0.7225780972077346,
            "recall": 0.7199781659388647,
            "f1-score": 0.7191580382994021,
            "support": 1832.0
        },
        "confusion_matrix": [
            [
                709,
                207
            ],
            [
                306,
                610
            ]
        ]
    },
    "mlp_results": {
        "Rush": {
            "precision": 0.6547497446373851,
            "recall": 0.6997816593886463,
            "f1-score": 0.6765171503957783,
            "support": 916.0
        },
        "Pass": {
            "precision": 0.6776084407971864,
            "recall": 0.631004366812227,
            "f1-score": 0.6534765404183154,
            "support": 916.0
        },
        "accuracy": 0.6653930131004366,
        "macro avg": {
            "precision": 0.6661790927172857,
            "recall": 0.6653930131004366,
            "f1-score": 0.6649968454070468,
            "support": 1832.0
        },
        "weighted avg": {
            "precision": 0.6661790927172857,
            "recall": 0.6653930131004366,
            "f1-score": 0.664996845407047,
            "support": 1832.0
        },
        "confusion_matrix": [
            [
                641,
                275
            ],
            [
                338,
                578
            ]
        ]
    },
    "train_losses": [
        0.9562496967002994,
        0.7826960089428178,
        0.5872794677650993,
        0.369948516517389,
        0.2530154946071854,
        0.15284391029284952,
        0.07980198410690809,
        0.036648832481415546,
        0.026683725261948798,
        0.025369470790435708,
        0.023939691768969342,
        0.022647133551008714,
        0.022507582694454922,
        0.02251700175915911,
        0.022134285155541257,
        0.0222206156110503,
        0.022051617226314022,
        0.0221203547032153,
        0.021979077070788607,
        0.021776875088123676,
        0.02237631137905225,
        0.022118160926579127,
        0.021924292292099832,
        0.021829249005500085,
        0.02183768674324119,
        0.021918913282331875,
        0.02189892465299596,
        0.02180315119321229,
        0.021825066192553994,
        0.021823760525124972,
        0.021796088303373158,
        0.021856078000667967,
        0.021835736694231712,
        0.022107807013506446,
        0.02177115219538329,
        0.021595494929558593,
        0.021522543632267604,
        0.02165941045583923,
        0.021765919558988895,
        0.02189159380282209,
        0.021587637148268234,
        0.02158156766917536,
        0.021693792466908855,
        0.02161698575879707,
        0.021416565629302477,
        0.02142065001315758,
        0.02155970501118019,
        0.021606043355712475,
        0.021523843208948772,
        0.02136524580215496,
        0.02159337977894017,
        0.021395849139312577,
        0.021657293318399315,
        0.02156422261983319,
        0.021762366307889178,
        0.021438296049670444,
        0.021530300443941126,
        0.02154194132877829,
        0.02115918922294033,
        0.021221761918458783,
        0.02131042793148854,
        0.021483691142556445,
        0.021170190774677883,
        0.02125489786674416,
        0.020943919785035764,
        0.02125535949331815,
        0.021406942703684824,
        0.021088207680019525,
        0.02134739437389895,
        0.02106179819732416,
        0.020944665950504156,
        0.02110477829240059,
        0.021078515378503852,
        0.021143603064323384,
        0.02146031752310164,
        0.020560197410036306,
        0.02078976601850791,
        0.020883647470526356,
        0.021070199195153076,
        0.02059551628886676,
        0.02099363966717746,
        0.02086189760536444,
        0.02054733233373673,
        0.020415689287289894,
        0.020609971897198202
    ],