{
    "last_gcn_results": {
        "Rush": {
            "precision": 0.673407482305359,
            "recall": 0.7270742358078602,
            "f1-score": 0.6992125984251969,
            "support": 916.0
        },
        "Pass": {
            "precision": 0.7034400948991696,
            "recall": 0.6473799126637555,
            "f1-score": 0.6742467310972143,
            "support": 916.0
        },
        "accuracy": 0.6872270742358079,
        "macro avg": {
            "precision": 0.6884237886022643,
            "recall": 0.6872270742358079,
            "f1-score": 0.6867296647612056,
            "support": 1832.0
        },
        "weighted avg": {
            "precision": 0.6884237886022643,
            "recall": 0.6872270742358079,
            "f1-score": 0.6867296647612056,
            "support": 1832.0
        },
        "confusion_matrix": [
            [
                666,
                250
            ],
            [
                323,
                593
            ]
        ]
    },
    "best_gcn_results": {
        "Rush": {
            "precision": 0.673407482305359,
            "recall": 0.7270742358078602,
            "f1-score": 0.6992125984251969,
            "support": 916.0
        },
        "Pass": {
            "precision": 0.7034400948991696,
            "recall": 0.6473799126637555,
            "f1-score": 0.6742467310972143,
            "support": 916.0
        },
        "accuracy": 0.6872270742358079,
        "macro avg": {
            "precision": 0.6884237886022643,
            "recall": 0.6872270742358079,
            "f1-score": 0.6867296647612056,
            "support": 1832.0
        },
        "weighted avg": {
            "precision": 0.6884237886022643,
            "recall": 0.6872270742358079,
            "f1-score": 0.6867296647612056,
            "support": 1832.0
        },
        "confusion_matrix": [
            [
                666,
                250
            ],
            [
                323,
                593
            ]
        ]
    },
    "rf_results": {
        "Rush": {
            "precision": 0.687984496124031,
            "recall": 0.7751091703056768,
            "f1-score": 0.728952772073922,
            "support": 916.0
        },
        "Pass": {
            "precision": 0.7425,
            "recall": 0.648471615720524,
            "f1-score": 0.6923076923076923,
            "support": 916.0
        },
        "accuracy": 0.7117903930131004,
        "macro avg": {
            "precision": 0.7152422480620155,
            "recall": 0.7117903930131004,
            "f1-score": 0.7106302321908071,
            "support": 1832.0
        },
        "weighted avg": {
            "precision": 0.7152422480620154,
            "recall": 0.7117903930131004,
            "f1-score": 0.7106302321908071,
            "support": 1832.0
        },
        "confusion_matrix": [
            [
                710,
                206
            ],
            [
                322,
                594
            ]
        ]
    },
    "mlp_results": {
        "Rush": {
            "precision": 0.6594202898550725,
            "recall": 0.6954148471615721,
            "f1-score": 0.6769394261424017,
            "support": 916.0
        },
        "Pass": {
            "precision": 0.6778290993071594,
            "recall": 0.6408296943231441,
            "f1-score": 0.6588103254769921,
            "support": 916.0
        },
        "accuracy": 0.6681222707423581,
        "macro avg": {
            "precision": 0.668624694581116,
            "recall": 0.6681222707423581,
            "f1-score": 0.6678748758096968,
            "support": 1832.0
        },
        "weighted avg": {
            "precision": 0.6686246945811158,
            "recall": 0.6681222707423581,
            "f1-score": 0.667874875809697,
            "support": 1832.0
        },
        "confusion_matrix": [
            [
                637,
                279
            ],
            [
                329,
                587
            ]
        ]
    },