{
    "last_gcn_results": {
        "Rush": {
            "precision": 0.6920415224913494,
            "recall": 0.8733624454148472,
            "f1-score": 0.7722007722007722,
            "support": 916.0
        },
        "Pass": {
            "precision": 0.8284023668639053,
            "recall": 0.611353711790393,
            "f1-score": 0.7035175879396985,
            "support": 916.0
        },
        "accuracy": 0.74235807860262,
        "macro avg": {
            "precision": 0.7602219446776274,
            "recall": 0.74235807860262,
            "f1-score": 0.7378591800702354,
            "support": 1832.0
        },
        "weighted avg": {
            "precision": 0.7602219446776275,
            "recall": 0.74235807860262,
            "f1-score": 0.7378591800702354,
            "support": 1832.0
        },
        "confusion_matrix": [
            [
                800,
                116
            ],
            [
                356,
                560
            ]
        ]
    },
    "best_gcn_results": {
        "Rush": {
            "precision": 0.6920415224913494,
            "recall": 0.8733624454148472,
            "f1-score": 0.7722007722007722,
            "support": 916.0
        },
        "Pass": {
            "precision": 0.8284023668639053,
            "recall": 0.611353711790393,
            "f1-score": 0.7035175879396985,
            "support": 916.0
        },
        "accuracy": 0.74235807860262,
        "macro avg": {
            "precision": 0.7602219446776274,
            "recall": 0.74235807860262,
            "f1-score": 0.7378591800702354,
            "support": 1832.0
        },
        "weighted avg": {
            "precision": 0.7602219446776275,
            "recall": 0.74235807860262,
            "f1-score": 0.7378591800702354,
            "support": 1832.0
        },
        "confusion_matrix": [
            [
                800,
                116
            ],
            [
                356,
                560
            ]
        ]
    },
    "rf_results": {
        "Rush": {
            "precision": 0.7142857142857143,
            "recall": 0.7860262008733624,
            "f1-score": 0.7484407484407485,
            "support": 916.0
        },
        "Pass": {
            "precision": 0.7621359223300971,
            "recall": 0.6855895196506551,
            "f1-score": 0.7218390804597701,
            "support": 916.0
        },
        "accuracy": 0.7358078602620087,
        "macro avg": {
            "precision": 0.7382108183079057,
            "recall": 0.7358078602620087,
            "f1-score": 0.7351399144502593,
            "support": 1832.0
        },
        "weighted avg": {
            "precision": 0.7382108183079057,
            "recall": 0.7358078602620087,
            "f1-score": 0.7351399144502593,
            "support": 1832.0
        },
        "confusion_matrix": [
            [
                720,
                196
            ],
            [
                288,
                628
            ]
        ]
    },
    "mlp_results": {
        "Rush": {
            "precision": 0.6915688367129136,
            "recall": 0.7074235807860262,
            "f1-score": 0.6994063680518079,
            "support": 916.0
        },
        "Pass": {
            "precision": 0.7005586592178771,
            "recall": 0.6844978165938864,
            "f1-score": 0.6924351187189398,
            "support": 916.0
        },
        "accuracy": 0.6959606986899564,
        "macro avg": {
            "precision": 0.6960637479653953,
            "recall": 0.6959606986899562,
            "f1-score": 0.6959207433853738,
            "support": 1832.0
        },
        "weighted avg": {
            "precision": 0.6960637479653954,
            "recall": 0.6959606986899564,
            "f1-score": 0.6959207433853738,
            "support": 1832.0
        },
        "confusion_matrix": [
            [
                648,
                268
            ],
            [
                289,
                627
            ]
        ]
    },
    "config": {
        "RANDOM_SEED": 8,
        "GNN_EPOCHS": 500,
        "GNN_HIDDEN_CHANNELS": 64,
        "GNN_HIDDEN_LAYERS": 2,
        "GNN_LEARNING_RATE": 0.001,
        "GNN_DROPOUT": 0.2,
        "GNN_WEIGHT_DECAY": 0.0005,
        "RF_ESTIMATORS": 100,
        "MLP_HIDDEN_CHANNELS": 64,
        "MLP_HIDDEN_LAYERS": 1,
        "MLP_MAX_ITER": 3000,
        "MLP_LEARNING_RATE": 0.01,
        "MLP_ALPHA": 5e-05,
        "VALIDATION_SPLIT": 0.7,
        "TEST_SPLIT": 0.85,
        "SHOW_INFO": true
    }
}