{
    "last_gcn_results": {
        "Rush": {
            "precision": 0.674573055028463,
            "recall": 0.7762008733624454,
            "f1-score": 0.7218274111675127,
            "support": 916.0
        },
        "Pass": {
            "precision": 0.7365038560411311,
            "recall": 0.6255458515283843,
            "f1-score": 0.6765053128689492,
            "support": 916.0
        },
        "accuracy": 0.7008733624454149,
        "macro avg": {
            "precision": 0.705538455534797,
            "recall": 0.7008733624454149,
            "f1-score": 0.6991663620182309,
            "support": 1832.0
        },
        "weighted avg": {
            "precision": 0.705538455534797,
            "recall": 0.7008733624454149,
            "f1-score": 0.6991663620182309,
            "support": 1832.0
        },
        "confusion_matrix": [
            [
                711,
                205
            ],
            [
                343,
                573
            ]
        ]
    },
    "best_gcn_results": {
        "Rush": {
            "precision": 0.674573055028463,
            "recall": 0.7762008733624454,
            "f1-score": 0.7218274111675127,
            "support": 916.0
        },
        "Pass": {
            "precision": 0.7365038560411311,
            "recall": 0.6255458515283843,
            "f1-score": 0.6765053128689492,
            "support": 916.0
        },
        "accuracy": 0.7008733624454149,
        "macro avg": {
            "precision": 0.705538455534797,
            "recall": 0.7008733624454149,
            "f1-score": 0.6991663620182309,
            "support": 1832.0
        },
        "weighted avg": {
            "precision": 0.705538455534797,
            "recall": 0.7008733624454149,
            "f1-score": 0.6991663620182309,
            "support": 1832.0
        },
        "confusion_matrix": [
            [
                711,
                205
            ],
            [
                343,
                573
            ]
        ]
    },
    "rf_results": {
        "Rush": {
            "precision": 0.7000983284169124,
            "recall": 0.777292576419214,
            "f1-score": 0.7366787377133989,
            "support": 916.0
        },
        "Pass": {
            "precision": 0.7496932515337423,
            "recall": 0.6670305676855895,
            "f1-score": 0.7059503177354131,
            "support": 916.0
        },
        "accuracy": 0.7221615720524017,
        "macro avg": {
            "precision": 0.7248957899753274,
            "recall": 0.7221615720524017,
            "f1-score": 0.721314527724406,
            "support": 1832.0
        },
        "weighted avg": {
            "precision": 0.7248957899753273,
            "recall": 0.7221615720524017,
            "f1-score": 0.721314527724406,
            "support": 1832.0
        },
        "confusion_matrix": [
            [
                712,
                204
            ],
            [
                305,
                611
            ]
        ]
    },
    "mlp_results": {
        "Rush": {
            "precision": 0.653,
            "recall": 0.712882096069869,
            "f1-score": 0.6816283924843424,
            "support": 916.0
        },
        "Pass": {
            "precision": 0.6838942307692307,
            "recall": 0.62117903930131,
            "f1-score": 0.6510297482837528,
            "support": 916.0
        },
        "accuracy": 0.6670305676855895,
        "macro avg": {
            "precision": 0.6684471153846154,
            "recall": 0.6670305676855894,
            "f1-score": 0.6663290703840477,
            "support": 1832.0
        },
        "weighted avg": {
            "precision": 0.6684471153846154,
            "recall": 0.6670305676855895,
            "f1-score": 0.6663290703840477,
            "support": 1832.0
        },
        "confusion_matrix": [
            [
                653,
                263
            ],
            [
                347,
                569
            ]
        ]
    },