{
    "last_gcn_results": {
        "Rush": {
            "precision": 0.6362637362637362,
            "recall": 0.6320960698689956,
            "f1-score": 0.6341730558598029,
            "support": 916.0
        },
        "Pass": {
            "precision": 0.75997150997151,
            "recall": 0.7632331902718169,
            "f1-score": 0.761598857958601,
            "support": 1398.0
        },
        "accuracy": 0.7113223854796888,
        "macro avg": {
            "precision": 0.6981176231176232,
            "recall": 0.6976646300704062,
            "f1-score": 0.697885956909202,
            "support": 2314.0
        },
        "weighted avg": {
            "precision": 0.711001622021501,
            "recall": 0.7113223854796888,
            "f1-score": 0.7111571834890681,
            "support": 2314.0
        },
        "confusion_matrix": [
            [
                579,
                337
            ],
            [
                331,
                1067
            ]
        ]
    },
    "best_gcn_results": {
        "Rush": {
            "precision": 0.6362637362637362,
            "recall": 0.6320960698689956,
            "f1-score": 0.6341730558598029,
            "support": 916.0
        },
        "Pass": {
            "precision": 0.75997150997151,
            "recall": 0.7632331902718169,
            "f1-score": 0.761598857958601,
            "support": 1398.0
        },
        "accuracy": 0.7113223854796888,
        "macro avg": {
            "precision": 0.6981176231176232,
            "recall": 0.6976646300704062,
            "f1-score": 0.697885956909202,
            "support": 2314.0
        },
        "weighted avg": {
            "precision": 0.711001622021501,
            "recall": 0.7113223854796888,
            "f1-score": 0.7111571834890681,
            "support": 2314.0
        },
        "confusion_matrix": [
            [
                579,
                337
            ],
            [
                331,
                1067
            ]
        ]
    },
    "rf_results": {
        "Rush": {
            "precision": 0.6571087216248507,
            "recall": 0.6004366812227074,
            "f1-score": 0.6274957216200798,
            "support": 916.0
        },
        "Pass": {
            "precision": 0.7522004062288422,
            "recall": 0.7947067238912733,
            "f1-score": 0.7728695652173913,
            "support": 1398.0
        },
        "accuracy": 0.7178046672428695,
        "macro avg": {
            "precision": 0.7046545639268464,
            "recall": 0.6975717025569903,
            "f1-score": 0.7001826434187355,
            "support": 2314.0
        },
        "weighted avg": {
            "precision": 0.7145582354867263,
            "recall": 0.7178046672428695,
            "f1-score": 0.7153231344761911,
            "support": 2314.0
        },
        "confusion_matrix": [
            [
                550,
                366
            ],
            [
                287,
                1111
            ]
        ]
    },
    "mlp_results": {
        "Rush": {
            "precision": 0.5805084745762712,
            "recall": 0.5982532751091703,
            "f1-score": 0.589247311827957,
            "support": 916.0
        },
        "Pass": {
            "precision": 0.7313868613138687,
            "recall": 0.7167381974248928,
            "f1-score": 0.7239884393063584,
            "support": 1398.0
        },
        "accuracy": 0.6698357821953328,
        "macro avg": {
            "precision": 0.65594766794507,
            "recall": 0.6574957362670315,
            "f1-score": 0.6566178755671577,
            "support": 2314.0
        },
        "weighted avg": {
            "precision": 0.6716614497963063,
            "recall": 0.6698357821953328,
            "f1-score": 0.6706509834851762,
            "support": 2314.0
        },
        "confusion_matrix": [
            [
                548,
                368
            ],
            [
                396,
                1002
            ]
        ]
    },