{
    "last_gcn_results": {
        "Rush": {
            "precision": 0.5779436152570481,
            "recall": 0.7609170305676856,
            "f1-score": 0.6569274269557022,
            "support": 916.0
        },
        "Pass": {
            "precision": 0.6501597444089456,
            "recall": 0.4443231441048035,
            "f1-score": 0.5278858625162127,
            "support": 916.0
        },
        "accuracy": 0.6026200873362445,
        "macro avg": {
            "precision": 0.6140516798329969,
            "recall": 0.6026200873362445,
            "f1-score": 0.5924066447359575,
            "support": 1832.0
        },
        "weighted avg": {
            "precision": 0.6140516798329968,
            "recall": 0.6026200873362445,
            "f1-score": 0.5924066447359575,
            "support": 1832.0
        },
        "confusion_matrix": [
            [
                697,
                219
            ],
            [
                509,
                407
            ]
        ]
    },
    "best_gcn_results": {
        "Rush": {
            "precision": 0.5779436152570481,
            "recall": 0.7609170305676856,
            "f1-score": 0.6569274269557022,
            "support": 916.0
        },
        "Pass": {
            "precision": 0.6501597444089456,
            "recall": 0.4443231441048035,
            "f1-score": 0.5278858625162127,
            "support": 916.0
        },
        "accuracy": 0.6026200873362445,
        "macro avg": {
            "precision": 0.6140516798329969,
            "recall": 0.6026200873362445,
            "f1-score": 0.5924066447359575,
            "support": 1832.0
        },
        "weighted avg": {
            "precision": 0.6140516798329968,
            "recall": 0.6026200873362445,
            "f1-score": 0.5924066447359575,
            "support": 1832.0
        },
        "confusion_matrix": [
            [
                697,
                219
            ],
            [
                509,
                407
            ]
        ]
    },
    "rf_results": {
        "Rush": {
            "precision": 0.6873184898354308,
            "recall": 0.7751091703056768,
            "f1-score": 0.728578758337609,
            "support": 916.0
        },
        "Pass": {
            "precision": 0.7421777221526908,
            "recall": 0.6473799126637555,
            "f1-score": 0.6915451895043732,
            "support": 916.0
        },
        "accuracy": 0.7112445414847162,
        "macro avg": {
            "precision": 0.7147481059940608,
            "recall": 0.7112445414847162,
            "f1-score": 0.710061973920991,
            "support": 1832.0
        },
        "weighted avg": {
            "precision": 0.7147481059940608,
            "recall": 0.7112445414847162,
            "f1-score": 0.710061973920991,
            "support": 1832.0
        },
        "confusion_matrix": [
            [
                710,
                206
            ],
            [
                323,
                593
            ]
        ]
    },
    "mlp_results": {
        "Rush": {
            "precision": 0.6547972304648862,
            "recall": 0.722707423580786,
            "f1-score": 0.6870783601453035,
            "support": 916.0
        },
        "Pass": {
            "precision": 0.6906211936662606,
            "recall": 0.618995633187773,
            "f1-score": 0.6528497409326425,
            "support": 916.0
        },
        "accuracy": 0.6708515283842795,
        "macro avg": {
            "precision": 0.6727092120655734,
            "recall": 0.6708515283842795,
            "f1-score": 0.669964050538973,
            "support": 1832.0
        },
        "weighted avg": {
            "precision": 0.6727092120655735,
            "recall": 0.6708515283842795,
            "f1-score": 0.6699640505389729,
            "support": 1832.0
        },
        "confusion_matrix": [
            [
                662,
                254
            ],
            [
                349,
                567
            ]
        ]
    },
    "train_losses": [
        0.7625959881016465,
        0.46605101204960725,
        0.35975733389619924,
        0.2656628883601538,
        0.17637989690395,
        0.10981437247958992,
        0.07173897464418671,
        0.04046013544166023,
        0.029526030691595026,
        0.02489431314781064,
        0.022861482146007767,
        0.023127452174171073,
        0.022689111636636037,
        0.022702898907531154,
        0.022327769454059704,
        0.022108167670463603,
        0.02227351834865216,
        0.022015867695782353,
        0.022120574882121685,
        0.022089696842464594,
        0.021900139480340676,
        0.022149392425036822,
        0.021830885885843164,
        0.022139609055440934,
        0.021875452181029188,
        0.022287285165057156,
        0.0221841643091108,
        0.021984844976435592,
        0.021892445009262837,
        0.02173779922756341,
        0.022054810439302623,
        0.021813143830481774,
        0.02187973413962484,
        0.021706715828734017,
        0.02163443422056938,
        0.021834311231237944,
        0.021763910035618016,
        0.021741624249786626,
        0.021631050533284256,
        0.021633895922228287,
        0.02165161889107501,
        0.021523674003413467,
        0.02215934741041048,
        0.021424127406761296,
        0.021169615085007715,
        0.02144238434202684,
        0.021672487063486068,
        0.02155326396389737,
        0.021454473173683458,
        0.02158748963491513,
        0.021328253791631897,
        0.021424311920593346,
        0.021165541644956244,
        0.021125248221100353,
        0.02111969694413774,
        0.021070940279569784,
        0.02121148337431944,
        0.02098288343903797,
        0.020958373259976914,
        0.020992724296173763,
        0.02060980640473913,
        0.02105530080248098,
        0.02104470251036472,
        0.02088384442642087,
        0.02091595879017981,
        0.020707131116116634,
        0.020372492123822698,
        0.020975352278172644,
        0.02054049721181067,
        0.02048070815091576,
        0.020606040922019,
        0.02056989630714792,
        0.020866024689596207,
        0.02044801148560529,
        0.020217987031884533,
        0.020391305027112283,
        0.020137536330301253,
        0.020465451837237414,
        0.020135157306989036,
        0.020162501263488185,
        0.02025866401000101,
        0.020250607953696955,
        0.020055079557856577,
        0.019383211556028148
    ],