{
    "last_gcn_results": {
        "Rush": {
            "precision": 0.6829679595278246,
            "recall": 0.8842794759825328,
            "f1-score": 0.7706945765937203,
            "support": 916.0
        },
        "Pass": {
            "precision": 0.8359133126934984,
            "recall": 0.5895196506550219,
            "f1-score": 0.6914212548015365,
            "support": 916.0
        },
        "accuracy": 0.7368995633187773,
        "macro avg": {
            "precision": 0.7594406361106616,
            "recall": 0.7368995633187774,
            "f1-score": 0.7310579156976285,
            "support": 1832.0
        },
        "weighted avg": {
            "precision": 0.7594406361106615,
            "recall": 0.7368995633187773,
            "f1-score": 0.7310579156976285,
            "support": 1832.0
        },
        "confusion_matrix": [
            [
                810,
                106
            ],
            [
                376,
                540
            ]
        ]
    },
    "best_gcn_results": {
        "Rush": {
            "precision": 0.6829679595278246,
            "recall": 0.8842794759825328,
            "f1-score": 0.7706945765937203,
            "support": 916.0
        },
        "Pass": {
            "precision": 0.8359133126934984,
            "recall": 0.5895196506550219,
            "f1-score": 0.6914212548015365,
            "support": 916.0
        },
        "accuracy": 0.7368995633187773,
        "macro avg": {
            "precision": 0.7594406361106616,
            "recall": 0.7368995633187774,
            "f1-score": 0.7310579156976285,
            "support": 1832.0
        },
        "weighted avg": {
            "precision": 0.7594406361106615,
            "recall": 0.7368995633187773,
            "f1-score": 0.7310579156976285,
            "support": 1832.0
        },
        "confusion_matrix": [
            [
                810,
                106
            ],
            [
                376,
                540
            ]
        ]
    },
    "rf_results": {
        "Rush": {
            "precision": 0.685823754789272,
            "recall": 0.7816593886462883,
            "f1-score": 0.7306122448979592,
            "support": 916.0
        },
        "Pass": {
            "precision": 0.7461928934010152,
            "recall": 0.6419213973799127,
            "f1-score": 0.6901408450704225,
            "support": 916.0
        },
        "accuracy": 0.7117903930131004,
        "macro avg": {
            "precision": 0.7160083240951436,
            "recall": 0.7117903930131004,
            "f1-score": 0.7103765449841908,
            "support": 1832.0
        },
        "weighted avg": {
            "precision": 0.7160083240951437,
            "recall": 0.7117903930131004,
            "f1-score": 0.7103765449841908,
            "support": 1832.0
        },
        "confusion_matrix": [
            [
                716,
                200
            ],
            [
                328,
                588
            ]
        ]
    },
    "mlp_results": {
        "Rush": {
            "precision": 0.666323377960865,
            "recall": 0.7063318777292577,
            "f1-score": 0.6857445680975093,
            "support": 916.0
        },
        "Pass": {
            "precision": 0.6875725900116144,
            "recall": 0.6462882096069869,
            "f1-score": 0.6662915025323579,
            "support": 916.0
        },
        "accuracy": 0.6763100436681223,
        "macro avg": {
            "precision": 0.6769479839862398,
            "recall": 0.6763100436681222,
            "f1-score": 0.6760180353149337,
            "support": 1832.0
        },
        "weighted avg": {
            "precision": 0.6769479839862397,
            "recall": 0.6763100436681223,
            "f1-score": 0.6760180353149335,
            "support": 1832.0
        },
        "confusion_matrix": [
            [
                647,
                269
            ],
            [
                324,
                592
            ]
        ]
    },