{
    "last_gcn_results": {
        "Rush": {
            "precision": 0.708029197080292,
            "recall": 0.8471615720524017,
            "f1-score": 0.7713717693836978,
            "support": 916.0
        },
        "Pass": {
            "precision": 0.8097826086956522,
            "recall": 0.6506550218340611,
            "f1-score": 0.7215496368038741,
            "support": 916.0
        },
        "accuracy": 0.7489082969432315,
        "macro avg": {
            "precision": 0.7589059028879721,
            "recall": 0.7489082969432315,
            "f1-score": 0.746460703093786,
            "support": 1832.0
        },
        "weighted avg": {
            "precision": 0.7589059028879721,
            "recall": 0.7489082969432315,
            "f1-score": 0.7464607030937859,
            "support": 1832.0
        },
        "confusion_matrix": [
            [
                776,
                140
            ],
            [
                320,
                596
            ]
        ]
    },
    "best_gcn_results": {
        "Rush": {
            "precision": 0.708029197080292,
            "recall": 0.8471615720524017,
            "f1-score": 0.7713717693836978,
            "support": 916.0
        },
        "Pass": {
            "precision": 0.8097826086956522,
            "recall": 0.6506550218340611,
            "f1-score": 0.7215496368038741,
            "support": 916.0
        },
        "accuracy": 0.7489082969432315,
        "macro avg": {
            "precision": 0.7589059028879721,
            "recall": 0.7489082969432315,
            "f1-score": 0.746460703093786,
            "support": 1832.0
        },
        "weighted avg": {
            "precision": 0.7589059028879721,
            "recall": 0.7489082969432315,
            "f1-score": 0.7464607030937859,
            "support": 1832.0
        },
        "confusion_matrix": [
            [
                776,
                140
            ],
            [
                320,
                596
            ]
        ]
    },
    "rf_results": {
        "Rush": {
            "precision": 0.6918547595682041,
            "recall": 0.769650655021834,
            "f1-score": 0.7286821705426356,
            "support": 916.0
        },
        "Pass": {
            "precision": 0.7404674046740467,
            "recall": 0.6572052401746725,
            "f1-score": 0.6963562753036437,
            "support": 916.0
        },
        "accuracy": 0.7134279475982532,
        "macro avg": {
            "precision": 0.7161610821211254,
            "recall": 0.7134279475982532,
            "f1-score": 0.7125192229231396,
            "support": 1832.0
        },
        "weighted avg": {
            "precision": 0.7161610821211254,
            "recall": 0.7134279475982532,
            "f1-score": 0.7125192229231397,
            "support": 1832.0
        },
        "confusion_matrix": [
            [
                705,
                211
            ],
            [
                314,
                602
            ]
        ]
    },
    "mlp_results": {
        "Rush": {
            "precision": 0.6602150537634408,
            "recall": 0.6703056768558951,
            "f1-score": 0.6652221018418202,
            "support": 916.0
        },
        "Pass": {
            "precision": 0.6651884700665188,
            "recall": 0.6550218340611353,
            "f1-score": 0.6600660066006601,
            "support": 916.0
        },
        "accuracy": 0.6626637554585153,
        "macro avg": {
            "precision": 0.6627017619149798,
            "recall": 0.6626637554585153,
            "f1-score": 0.6626440542212402,
            "support": 1832.0
        },
        "weighted avg": {
            "precision": 0.6627017619149799,
            "recall": 0.6626637554585153,
            "f1-score": 0.6626440542212402,
            "support": 1832.0
        },
        "confusion_matrix": [
            [
                614,
                302
            ],
            [
                316,
                600
            ]
        ]
    },