{
    "last_gcn_results": {
        "Rush": {
            "precision": 0.6527886881382561,
            "recall": 0.9072052401746725,
            "f1-score": 0.7592507994518045,
            "support": 916.0
        },
        "Pass": {
            "precision": 0.8479427549194991,
            "recall": 0.517467248908297,
            "f1-score": 0.6427118644067796,
            "support": 916.0
        },
        "accuracy": 0.7123362445414847,
        "macro avg": {
            "precision": 0.7503657215288776,
            "recall": 0.7123362445414847,
            "f1-score": 0.7009813319292921,
            "support": 1832.0
        },
        "weighted avg": {
            "precision": 0.7503657215288776,
            "recall": 0.7123362445414847,
            "f1-score": 0.7009813319292921,
            "support": 1832.0
        },
        "confusion_matrix": [
            [
                831,
                85
            ],
            [
                442,
                474
            ]
        ]
    },
    "best_gcn_results": {
        "Rush": {
            "precision": 0.6527886881382561,
            "recall": 0.9072052401746725,
            "f1-score": 0.7592507994518045,
            "support": 916.0
        },
        "Pass": {
            "precision": 0.8479427549194991,
            "recall": 0.517467248908297,
            "f1-score": 0.6427118644067796,
            "support": 916.0
        },
        "accuracy": 0.7123362445414847,
        "macro avg": {
            "precision": 0.7503657215288776,
            "recall": 0.7123362445414847,
            "f1-score": 0.7009813319292921,
            "support": 1832.0
        },
        "weighted avg": {
            "precision": 0.7503657215288776,
            "recall": 0.7123362445414847,
            "f1-score": 0.7009813319292921,
            "support": 1832.0
        },
        "confusion_matrix": [
            [
                831,
                85
            ],
            [
                442,
                474
            ]
        ]
    },
    "rf_results": {
        "Rush": {
            "precision": 0.7022749752720079,
            "recall": 0.7751091703056768,
            "f1-score": 0.7368967306694344,
            "support": 916.0
        },
        "Pass": {
            "precision": 0.7490864799025578,
            "recall": 0.6713973799126638,
            "f1-score": 0.7081174438687392,
            "support": 916.0
        },
        "accuracy": 0.7232532751091703,
        "macro avg": {
            "precision": 0.7256807275872829,
            "recall": 0.7232532751091703,
            "f1-score": 0.7225070872690869,
            "support": 1832.0
        },
        "weighted avg": {
            "precision": 0.7256807275872829,
            "recall": 0.7232532751091703,
            "f1-score": 0.7225070872690869,
            "support": 1832.0
        },
        "confusion_matrix": [
            [
                710,
                206
            ],
            [
                301,
                615
            ]
        ]
    },
    "mlp_results": {
        "Rush": {
            "precision": 0.641213389121339,
            "recall": 0.6692139737991266,
            "f1-score": 0.6549145299145299,
            "support": 916.0
        },
        "Pass": {
            "precision": 0.6541095890410958,
            "recall": 0.6255458515283843,
            "f1-score": 0.6395089285714286,
            "support": 916.0
        },
        "accuracy": 0.6473799126637555,
        "macro avg": {
            "precision": 0.6476614890812173,
            "recall": 0.6473799126637554,
            "f1-score": 0.6472117292429793,
            "support": 1832.0
        },
        "weighted avg": {
            "precision": 0.6476614890812175,
            "recall": 0.6473799126637555,
            "f1-score": 0.6472117292429792,
            "support": 1832.0
        },
        "confusion_matrix": [
            [
                613,
                303
            ],
            [
                343,
                573
            ]
        ]
    },
    "config": {
        "RANDOM_SEED": 2,
        "GNN_EPOCHS": 500,
        "GNN_HIDDEN_CHANNELS": 64,
        "GNN_HIDDEN_LAYERS": 2,
        "GNN_LEARNING_RATE": 0.001,
        "GNN_DROPOUT": 0.2,
        "GNN_WEIGHT_DECAY": 0.0005,
        "RF_ESTIMATORS": 50,
        "MLP_HIDDEN_CHANNELS": 32,
        "MLP_HIDDEN_LAYERS": 2,
        "MLP_MAX_ITER": 3000,
        "MLP_LEARNING_RATE": 0.01,
        "MLP_ALPHA": 5e-05,
        "VALIDATION_SPLIT": 0.7,
        "TEST_SPLIT": 0.85,
        "SHOW_INFO": true
    }
}