{
    "last_gcn_results": {
        "Rush": {
            "precision": 0.7071917808219178,
            "recall": 0.6759410801963993,
            "f1-score": 0.6912133891213389,
            "support": 611.0
        },
        "Pass": {
            "precision": 0.6896551724137931,
            "recall": 0.7201309328968903,
            "f1-score": 0.7045636509207366,
            "support": 611.0
        },
        "accuracy": 0.6980360065466449,
        "macro avg": {
            "precision": 0.6984234766178554,
            "recall": 0.6980360065466449,
            "f1-score": 0.6978885200210377,
            "support": 1222.0
        },
        "weighted avg": {
            "precision": 0.6984234766178555,
            "recall": 0.6980360065466449,
            "f1-score": 0.6978885200210377,
            "support": 1222.0
        },
        "confusion_matrix": [
            [
                413,
                198
            ],
            [
                171,
                440
            ]
        ]
    },
    "best_gcn_results": {
        "Rush": {
            "precision": 0.7071917808219178,
            "recall": 0.6759410801963993,
            "f1-score": 0.6912133891213389,
            "support": 611.0
        },
        "Pass": {
            "precision": 0.6896551724137931,
            "recall": 0.7201309328968903,
            "f1-score": 0.7045636509207366,
            "support": 611.0
        },
        "accuracy": 0.6980360065466449,
        "macro avg": {
            "precision": 0.6984234766178554,
            "recall": 0.6980360065466449,
            "f1-score": 0.6978885200210377,
            "support": 1222.0
        },
        "weighted avg": {
            "precision": 0.6984234766178555,
            "recall": 0.6980360065466449,
            "f1-score": 0.6978885200210377,
            "support": 1222.0
        },
        "confusion_matrix": [
            [
                413,
                198
            ],
            [
                171,
                440
            ]
        ]
    },
    "rf_results": {
        "Rush": {
            "precision": 0.71071953010279,
            "recall": 0.7921440261865794,
            "f1-score": 0.7492260061919505,
            "support": 611.0
        },
        "Pass": {
            "precision": 0.7652495378927912,
            "recall": 0.6775777414075287,
            "f1-score": 0.71875,
            "support": 611.0
        },
        "accuracy": 0.734860883797054,
        "macro avg": {
            "precision": 0.7379845339977906,
            "recall": 0.734860883797054,
            "f1-score": 0.7339880030959752,
            "support": 1222.0
        },
        "weighted avg": {
            "precision": 0.7379845339977905,
            "recall": 0.734860883797054,
            "f1-score": 0.7339880030959752,
            "support": 1222.0
        },
        "confusion_matrix": [
            [
                484,
                127
            ],
            [
                197,
                414
            ]
        ]
    },
    "mlp_results": {
        "Rush": {
            "precision": 0.6714285714285714,
            "recall": 0.6923076923076923,
            "f1-score": 0.6817082997582594,
            "support": 611.0
        },
        "Pass": {
            "precision": 0.6824324324324325,
            "recall": 0.6612111292962357,
            "f1-score": 0.6716541978387365,
            "support": 611.0
        },
        "accuracy": 0.676759410801964,
        "macro avg": {
            "precision": 0.6769305019305019,
            "recall": 0.676759410801964,
            "f1-score": 0.6766812487984979,
            "support": 1222.0
        },
        "weighted avg": {
            "precision": 0.676930501930502,
            "recall": 0.676759410801964,
            "f1-score": 0.6766812487984979,
            "support": 1222.0
        },
        "confusion_matrix": [
            [
                423,
                188
            ],
            [
                207,
                404
            ]
        ]
    },
    "config": {
        "RANDOM_SEED": 19,
        "GNN_EPOCHS": 300,
        "GNN_HIDDEN_CHANNELS": 32,
        "GNN_HIDDEN_LAYERS": 3,
        "GNN_LEARNING_RATE": 0.001,
        "GNN_DROPOUT": 0.3,
        "GNN_WEIGHT_DECAY": 0.0005,
        "RF_ESTIMATORS": 100,
        "MLP_HIDDEN_CHANNELS": 128,
        "MLP_HIDDEN_LAYERS": 2,
        "MLP_MAX_ITER": 3000,
        "MLP_LEARNING_RATE": 0.0001,
        "MLP_ALPHA": 0.005,
        "VALIDATION_SPLIT": 0.8,
        "TEST_SPLIT": 0.9,
        "SHOW_INFO": true
    }
}