{
    "last_gcn_results": {
        "Rush": {
            "precision": 0.6849925705794948,
            "recall": 0.7545008183306056,
            "f1-score": 0.7180685358255452,
            "support": 611.0
        },
        "Pass": {
            "precision": 0.726775956284153,
            "recall": 0.6530278232405892,
            "f1-score": 0.6879310344827586,
            "support": 611.0
        },
        "accuracy": 0.7037643207855974,
        "macro avg": {
            "precision": 0.7058842634318239,
            "recall": 0.7037643207855974,
            "f1-score": 0.7029997851541518,
            "support": 1222.0
        },
        "weighted avg": {
            "precision": 0.7058842634318239,
            "recall": 0.7037643207855974,
            "f1-score": 0.702999785154152,
            "support": 1222.0
        },
        "confusion_matrix": [
            [
                461,
                150
            ],
            [
                212,
                399
            ]
        ]
    },
    "best_gcn_results": {
        "Rush": {
            "precision": 0.6849925705794948,
            "recall": 0.7545008183306056,
            "f1-score": 0.7180685358255452,
            "support": 611.0
        },
        "Pass": {
            "precision": 0.726775956284153,
            "recall": 0.6530278232405892,
            "f1-score": 0.6879310344827586,
            "support": 611.0
        },
        "accuracy": 0.7037643207855974,
        "macro avg": {
            "precision": 0.7058842634318239,
            "recall": 0.7037643207855974,
            "f1-score": 0.7029997851541518,
            "support": 1222.0
        },
        "weighted avg": {
            "precision": 0.7058842634318239,
            "recall": 0.7037643207855974,
            "f1-score": 0.702999785154152,
            "support": 1222.0
        },
        "confusion_matrix": [
            [
                461,
                150
            ],
            [
                212,
                399
            ]
        ]
    },
    "rf_results": {
        "Rush": {
            "precision": 0.7228915662650602,
            "recall": 0.7855973813420621,
            "f1-score": 0.7529411764705882,
            "support": 611.0
        },
        "Pass": {
            "precision": 0.7652329749103942,
            "recall": 0.6988543371522095,
            "f1-score": 0.7305389221556886,
            "support": 611.0
        },
        "accuracy": 0.7422258592471358,
        "macro avg": {
            "precision": 0.7440622705877272,
            "recall": 0.7422258592471358,
            "f1-score": 0.7417400493131384,
            "support": 1222.0
        },
        "weighted avg": {
            "precision": 0.7440622705877271,
            "recall": 0.7422258592471358,
            "f1-score": 0.7417400493131384,
            "support": 1222.0
        },
        "confusion_matrix": [
            [
                480,
                131
            ],
            [
                184,
                427
            ]
        ]
    },
    "mlp_results": {
        "Rush": {
            "precision": 0.6779661016949152,
            "recall": 0.6546644844517185,
            "f1-score": 0.6661115736885929,
            "support": 611.0
        },
        "Pass": {
            "precision": 0.6661392405063291,
            "recall": 0.6890343698854338,
            "f1-score": 0.6773934030571199,
            "support": 611.0
        },
        "accuracy": 0.6718494271685761,
        "macro avg": {
            "precision": 0.6720526711006222,
            "recall": 0.6718494271685762,
            "f1-score": 0.6717524883728564,
            "support": 1222.0
        },
        "weighted avg": {
            "precision": 0.6720526711006222,
            "recall": 0.6718494271685761,
            "f1-score": 0.6717524883728564,
            "support": 1222.0
        },
        "confusion_matrix": [
            [
                400,
                211
            ],
            [
                190,
                421
            ]
        ]
    },
    "config": {
        "RANDOM_SEED": 10,
        "GNN_EPOCHS": 500,
        "GNN_HIDDEN_CHANNELS": 64,
        "GNN_HIDDEN_LAYERS": 2,
        "GNN_LEARNING_RATE": 1e-05,
        "GNN_DROPOUT": 0.2,
        "GNN_WEIGHT_DECAY": 0.005,
        "RF_ESTIMATORS": 100,
        "MLP_HIDDEN_CHANNELS": 64,
        "MLP_HIDDEN_LAYERS": 2,
        "MLP_MAX_ITER": 3000,
        "MLP_LEARNING_RATE": 0.0001,
        "MLP_ALPHA": 0.005,
        "VALIDATION_SPLIT": 0.8,
        "TEST_SPLIT": 0.9,
        "SHOW_INFO": true
    }
}