{
    "last_gcn_results": {
        "Rush": {
            "precision": 0.5,
            "recall": 0.9950900163666121,
            "f1-score": 0.6655719759168035,
            "support": 611.0
        },
        "Pass": {
            "precision": 0.5,
            "recall": 0.004909983633387889,
            "f1-score": 0.009724473257698542,
            "support": 611.0
        },
        "accuracy": 0.5,
        "macro avg": {
            "precision": 0.5,
            "recall": 0.5,
            "f1-score": 0.337648224587251,
            "support": 1222.0
        },
        "weighted avg": {
            "precision": 0.5,
            "recall": 0.5,
            "f1-score": 0.337648224587251,
            "support": 1222.0
        },
        "confusion_matrix": [
            [
                608,
                3
            ],
            [
                608,
                3
            ]
        ]
    },
    "best_gcn_results": {
        "Rush": {
            "precision": 0.5,
            "recall": 0.9950900163666121,
            "f1-score": 0.6655719759168035,
            "support": 611.0
        },
        "Pass": {
            "precision": 0.5,
            "recall": 0.004909983633387889,
            "f1-score": 0.009724473257698542,
            "support": 611.0
        },
        "accuracy": 0.5,
        "macro avg": {
            "precision": 0.5,
            "recall": 0.5,
            "f1-score": 0.337648224587251,
            "support": 1222.0
        },
        "weighted avg": {
            "precision": 0.5,
            "recall": 0.5,
            "f1-score": 0.337648224587251,
            "support": 1222.0
        },
        "confusion_matrix": [
            [
                608,
                3
            ],
            [
                608,
                3
            ]
        ]
    },
    "rf_results": {
        "Rush": {
            "precision": 0.7181818181818181,
            "recall": 0.7757774140752864,
            "f1-score": 0.7458693941778127,
            "support": 611.0
        },
        "Pass": {
            "precision": 0.7562277580071174,
            "recall": 0.6955810147299509,
            "f1-score": 0.7246376811594203,
            "support": 611.0
        },
        "accuracy": 0.7356792144026186,
        "macro avg": {
            "precision": 0.7372047880944678,
            "recall": 0.7356792144026187,
            "f1-score": 0.7352535376686165,
            "support": 1222.0
        },
        "weighted avg": {
            "precision": 0.7372047880944678,
            "recall": 0.7356792144026186,
            "f1-score": 0.7352535376686165,
            "support": 1222.0
        },
        "confusion_matrix": [
            [
                474,
                137
            ],
            [
                186,
                425
            ]
        ]
    },
    "mlp_results": {
        "Rush": {
            "precision": 0.6820428336079077,
            "recall": 0.6775777414075287,
            "f1-score": 0.6798029556650246,
            "support": 611.0
        },
        "Pass": {
            "precision": 0.6796747967479675,
            "recall": 0.6841243862520459,
            "f1-score": 0.6818923327895595,
            "support": 611.0
        },
        "accuracy": 0.6808510638297872,
        "macro avg": {
            "precision": 0.6808588151779376,
            "recall": 0.6808510638297873,
            "f1-score": 0.680847644227292,
            "support": 1222.0
        },
        "weighted avg": {
            "precision": 0.6808588151779376,
            "recall": 0.6808510638297872,
            "f1-score": 0.680847644227292,
            "support": 1222.0
        },
        "confusion_matrix": [
            [
                414,
                197
            ],
            [
                193,
                418
            ]
        ]
    },
    "config": {
        "RANDOM_SEED": 10,
        "GNN_EPOCHS": 500,
        "GNN_HIDDEN_CHANNELS": 16,
        "GNN_HIDDEN_LAYERS": 1,
        "GNN_LEARNING_RATE": 0.01,
        "GNN_DROPOUT": 0.4,
        "GNN_WEIGHT_DECAY": 0.05,
        "RF_ESTIMATORS": 100,
        "MLP_HIDDEN_CHANNELS": 64,
        "MLP_HIDDEN_LAYERS": 3,
        "MLP_MAX_ITER": 3000,
        "MLP_LEARNING_RATE": 0.01,
        "MLP_ALPHA": 0.005,
        "VALIDATION_SPLIT": 0.8,
        "TEST_SPLIT": 0.9,
        "SHOW_INFO": true
    }
}