{
    "last_gcn_results": {
        "Rush": {
            "precision": 0.6802919708029197,
            "recall": 0.762684124386252,
            "f1-score": 0.7191358024691358,
            "support": 611.0
        },
        "Pass": {
            "precision": 0.7299813780260708,
            "recall": 0.6415711947626841,
            "f1-score": 0.6829268292682927,
            "support": 611.0
        },
        "accuracy": 0.7021276595744681,
        "macro avg": {
            "precision": 0.7051366744144952,
            "recall": 0.7021276595744681,
            "f1-score": 0.7010313158687143,
            "support": 1222.0
        },
        "weighted avg": {
            "precision": 0.7051366744144952,
            "recall": 0.7021276595744681,
            "f1-score": 0.7010313158687143,
            "support": 1222.0
        },
        "confusion_matrix": [
            [
                466,
                145
            ],
            [
                219,
                392
            ]
        ]
    },
    "best_gcn_results": {
        "Rush": {
            "precision": 0.6802919708029197,
            "recall": 0.762684124386252,
            "f1-score": 0.7191358024691358,
            "support": 611.0
        },
        "Pass": {
            "precision": 0.7299813780260708,
            "recall": 0.6415711947626841,
            "f1-score": 0.6829268292682927,
            "support": 611.0
        },
        "accuracy": 0.7021276595744681,
        "macro avg": {
            "precision": 0.7051366744144952,
            "recall": 0.7021276595744681,
            "f1-score": 0.7010313158687143,
            "support": 1222.0
        },
        "weighted avg": {
            "precision": 0.7051366744144952,
            "recall": 0.7021276595744681,
            "f1-score": 0.7010313158687143,
            "support": 1222.0
        },
        "confusion_matrix": [
            [
                466,
                145
            ],
            [
                219,
                392
            ]
        ]
    },
    "rf_results": {
        "Rush": {
            "precision": 0.7177177177177178,
            "recall": 0.7823240589198036,
            "f1-score": 0.7486296006264683,
            "support": 611.0
        },
        "Pass": {
            "precision": 0.7607913669064749,
            "recall": 0.6923076923076923,
            "f1-score": 0.7249357326478149,
            "support": 611.0
        },
        "accuracy": 0.737315875613748,
        "macro avg": {
            "precision": 0.7392545423120963,
            "recall": 0.7373158756137479,
            "f1-score": 0.7367826666371415,
            "support": 1222.0
        },
        "weighted avg": {
            "precision": 0.7392545423120963,
            "recall": 0.737315875613748,
            "f1-score": 0.7367826666371416,
            "support": 1222.0
        },
        "confusion_matrix": [
            [
                478,
                133
            ],
            [
                188,
                423
            ]
        ]
    },
    "mlp_results": {
        "Rush": {
            "precision": 0.6995073891625616,
            "recall": 0.6972176759410802,
            "f1-score": 0.6983606557377049,
            "support": 611.0
        },
        "Pass": {
            "precision": 0.6982055464926591,
            "recall": 0.7004909983633388,
            "f1-score": 0.6993464052287581,
            "support": 611.0
        },
        "accuracy": 0.6988543371522095,
        "macro avg": {
            "precision": 0.6988564678276104,
            "recall": 0.6988543371522096,
            "f1-score": 0.6988535304832315,
            "support": 1222.0
        },
        "weighted avg": {
            "precision": 0.6988564678276104,
            "recall": 0.6988543371522095,
            "f1-score": 0.6988535304832315,
            "support": 1222.0
        },
        "confusion_matrix": [
            [
                426,
                185
            ],
            [
                183,
                428
            ]
        ]
    },
    "config": {
        "RANDOM_SEED": 3,
        "GNN_EPOCHS": 500,
        "GNN_HIDDEN_CHANNELS": 128,
        "GNN_HIDDEN_LAYERS": 3,
        "GNN_LEARNING_RATE": 0.001,
        "GNN_DROPOUT": 0.4,
        "GNN_WEIGHT_DECAY": 5e-05,
        "RF_ESTIMATORS": 100,
        "MLP_HIDDEN_CHANNELS": 128,
        "MLP_HIDDEN_LAYERS": 3,
        "MLP_MAX_ITER": 3000,
        "MLP_LEARNING_RATE": 0.01,
        "MLP_ALPHA": 5e-05,
        "VALIDATION_SPLIT": 0.8,
        "TEST_SPLIT": 0.9,
        "SHOW_INFO": true
    }
}