{
    "last_gcn_results": {
        "Rush": {
            "precision": 0.5510204081632653,
            "recall": 0.044189852700491,
            "f1-score": 0.08181818181818182,
            "support": 611.0
        },
        "Pass": {
            "precision": 0.5021312872975278,
            "recall": 0.9639934533551555,
            "f1-score": 0.6603139013452914,
            "support": 611.0
        },
        "accuracy": 0.5040916530278232,
        "macro avg": {
            "precision": 0.5265758477303966,
            "recall": 0.5040916530278232,
            "f1-score": 0.3710660415817366,
            "support": 1222.0
        },
        "weighted avg": {
            "precision": 0.5265758477303966,
            "recall": 0.5040916530278232,
            "f1-score": 0.3710660415817366,
            "support": 1222.0
        },
        "confusion_matrix": [
            [
                27,
                584
            ],
            [
                22,
                589
            ]
        ]
    },
    "best_gcn_results": {
        "Rush": {
            "precision": 0.5510204081632653,
            "recall": 0.044189852700491,
            "f1-score": 0.08181818181818182,
            "support": 611.0
        },
        "Pass": {
            "precision": 0.5021312872975278,
            "recall": 0.9639934533551555,
            "f1-score": 0.6603139013452914,
            "support": 611.0
        },
        "accuracy": 0.5040916530278232,
        "macro avg": {
            "precision": 0.5265758477303966,
            "recall": 0.5040916530278232,
            "f1-score": 0.3710660415817366,
            "support": 1222.0
        },
        "weighted avg": {
            "precision": 0.5265758477303966,
            "recall": 0.5040916530278232,
            "f1-score": 0.3710660415817366,
            "support": 1222.0
        },
        "confusion_matrix": [
            [
                27,
                584
            ],
            [
                22,
                589
            ]
        ]
    },
    "rf_results": {
        "Rush": {
            "precision": 0.7140695915279879,
            "recall": 0.7725040916530278,
            "f1-score": 0.7421383647798742,
            "support": 611.0
        },
        "Pass": {
            "precision": 0.7522281639928698,
            "recall": 0.690671031096563,
            "f1-score": 0.7201365187713311,
            "support": 611.0
        },
        "accuracy": 0.7315875613747954,
        "macro avg": {
            "precision": 0.7331488777604289,
            "recall": 0.7315875613747954,
            "f1-score": 0.7311374417756027,
            "support": 1222.0
        },
        "weighted avg": {
            "precision": 0.7331488777604288,
            "recall": 0.7315875613747954,
            "f1-score": 0.7311374417756027,
            "support": 1222.0
        },
        "confusion_matrix": [
            [
                472,
                139
            ],
            [
                189,
                422
            ]
        ]
    },
    "mlp_results": {
        "Rush": {
            "precision": 0.676948051948052,
            "recall": 0.6824877250409165,
            "f1-score": 0.6797066014669927,
            "support": 611.0
        },
        "Pass": {
            "precision": 0.6798679867986799,
            "recall": 0.67430441898527,
            "f1-score": 0.6770747740345111,
            "support": 611.0
        },
        "accuracy": 0.6783960720130933,
        "macro avg": {
            "precision": 0.6784080193733659,
            "recall": 0.6783960720130933,
            "f1-score": 0.678390687750752,
            "support": 1222.0
        },
        "weighted avg": {
            "precision": 0.6784080193733659,
            "recall": 0.6783960720130933,
            "f1-score": 0.678390687750752,
            "support": 1222.0
        },
        "confusion_matrix": [
            [
                417,
                194
            ],
            [
                199,
                412
            ]
        ]
    },
    "config": {
        "RANDOM_SEED": 5,
        "GNN_EPOCHS": 500,
        "GNN_HIDDEN_CHANNELS": 16,
        "GNN_HIDDEN_LAYERS": 1,
        "GNN_LEARNING_RATE": 0.01,
        "GNN_DROPOUT": 0.5,
        "GNN_WEIGHT_DECAY": 0.05,
        "RF_ESTIMATORS": 150,
        "MLP_HIDDEN_CHANNELS": 64,
        "MLP_HIDDEN_LAYERS": 3,
        "MLP_MAX_ITER": 3000,
        "MLP_LEARNING_RATE": 0.0001,
        "MLP_ALPHA": 5e-05,
        "VALIDATION_SPLIT": 0.8,
        "TEST_SPLIT": 0.9,
        "SHOW_INFO": true
    }
}