{
    "last_gcn_results": {
        "Rush": {
            "precision": 0.6358974358974359,
            "recall": 0.6088379705400983,
            "f1-score": 0.6220735785953178,
            "support": 611.0
        },
        "Pass": {
            "precision": 0.6248037676609105,
            "recall": 0.6513911620294599,
            "f1-score": 0.6378205128205128,
            "support": 611.0
        },
        "accuracy": 0.630114566284779,
        "macro avg": {
            "precision": 0.6303506017791731,
            "recall": 0.6301145662847791,
            "f1-score": 0.6299470457079153,
            "support": 1222.0
        },
        "weighted avg": {
            "precision": 0.6303506017791732,
            "recall": 0.630114566284779,
            "f1-score": 0.6299470457079153,
            "support": 1222.0
        },
        "confusion_matrix": [
            [
                372,
                239
            ],
            [
                213,
                398
            ]
        ]
    },
    "best_gcn_results": {
        "Rush": {
            "precision": 0.6358974358974359,
            "recall": 0.6088379705400983,
            "f1-score": 0.6220735785953178,
            "support": 611.0
        },
        "Pass": {
            "precision": 0.6248037676609105,
            "recall": 0.6513911620294599,
            "f1-score": 0.6378205128205128,
            "support": 611.0
        },
        "accuracy": 0.630114566284779,
        "macro avg": {
            "precision": 0.6303506017791731,
            "recall": 0.6301145662847791,
            "f1-score": 0.6299470457079153,
            "support": 1222.0
        },
        "weighted avg": {
            "precision": 0.6303506017791732,
            "recall": 0.630114566284779,
            "f1-score": 0.6299470457079153,
            "support": 1222.0
        },
        "confusion_matrix": [
            [
                372,
                239
            ],
            [
                213,
                398
            ]
        ]
    },
    "rf_results": {
        "Rush": {
            "precision": 0.7132132132132132,
            "recall": 0.7774140752864157,
            "f1-score": 0.7439310884886453,
            "support": 611.0
        },
        "Pass": {
            "precision": 0.7553956834532374,
            "recall": 0.6873977086743044,
            "f1-score": 0.7197943444730077,
            "support": 611.0
        },
        "accuracy": 0.7324058919803601,
        "macro avg": {
            "precision": 0.7343044483332253,
            "recall": 0.73240589198036,
            "f1-score": 0.7318627164808265,
            "support": 1222.0
        },
        "weighted avg": {
            "precision": 0.7343044483332254,
            "recall": 0.7324058919803601,
            "f1-score": 0.7318627164808265,
            "support": 1222.0
        },
        "confusion_matrix": [
            [
                475,
                136
            ],
            [
                191,
                420
            ]
        ]
    },
    "mlp_results": {
        "Rush": {
            "precision": 0.6873015873015873,
            "recall": 0.7086743044189853,
            "f1-score": 0.6978243352135375,
            "support": 611.0
        },
        "Pass": {
            "precision": 0.6993243243243243,
            "recall": 0.6775777414075287,
            "f1-score": 0.6882793017456359,
            "support": 611.0
        },
        "accuracy": 0.693126022913257,
        "macro avg": {
            "precision": 0.6933129558129558,
            "recall": 0.693126022913257,
            "f1-score": 0.6930518184795866,
            "support": 1222.0
        },
        "weighted avg": {
            "precision": 0.6933129558129559,
            "recall": 0.693126022913257,
            "f1-score": 0.6930518184795866,
            "support": 1222.0
        },
        "confusion_matrix": [
            [
                433,
                178
            ],
            [
                197,
                414
            ]
        ]
    },
    "config": {
        "RANDOM_SEED": 4,
        "GNN_EPOCHS": 500,
        "GNN_HIDDEN_CHANNELS": 128,
        "GNN_HIDDEN_LAYERS": 1,
        "GNN_LEARNING_RATE": 1e-05,
        "GNN_DROPOUT": 0.4,
        "GNN_WEIGHT_DECAY": 0.005,
        "RF_ESTIMATORS": 150,
        "MLP_HIDDEN_CHANNELS": 64,
        "MLP_HIDDEN_LAYERS": 2,
        "MLP_MAX_ITER": 3000,
        "MLP_LEARNING_RATE": 0.01,
        "MLP_ALPHA": 0.005,
        "VALIDATION_SPLIT": 0.8,
        "TEST_SPLIT": 0.9,
        "SHOW_INFO": true
    }
}