{
    "last_gcn_results": {
        "Rush": {
            "precision": 0.7282415630550622,
            "recall": 0.6710310965630114,
            "f1-score": 0.6984667802385008,
            "support": 611.0
        },
        "Pass": {
            "precision": 0.6949924127465857,
            "recall": 0.7495908346972177,
            "f1-score": 0.721259842519685,
            "support": 611.0
        },
        "accuracy": 0.7103109656301145,
        "macro avg": {
            "precision": 0.711616987900824,
            "recall": 0.7103109656301145,
            "f1-score": 0.7098633113790929,
            "support": 1222.0
        },
        "weighted avg": {
            "precision": 0.7116169879008241,
            "recall": 0.7103109656301145,
            "f1-score": 0.7098633113790929,
            "support": 1222.0
        },
        "confusion_matrix": [
            [
                410,
                201
            ],
            [
                153,
                458
            ]
        ]
    },
    "best_gcn_results": {
        "Rush": {
            "precision": 0.7282415630550622,
            "recall": 0.6710310965630114,
            "f1-score": 0.6984667802385008,
            "support": 611.0
        },
        "Pass": {
            "precision": 0.6949924127465857,
            "recall": 0.7495908346972177,
            "f1-score": 0.721259842519685,
            "support": 611.0
        },
        "accuracy": 0.7103109656301145,
        "macro avg": {
            "precision": 0.711616987900824,
            "recall": 0.7103109656301145,
            "f1-score": 0.7098633113790929,
            "support": 1222.0
        },
        "weighted avg": {
            "precision": 0.7116169879008241,
            "recall": 0.7103109656301145,
            "f1-score": 0.7098633113790929,
            "support": 1222.0
        },
        "confusion_matrix": [
            [
                410,
                201
            ],
            [
                153,
                458
            ]
        ]
    },
    "rf_results": {
        "Rush": {
            "precision": 0.7050898203592815,
            "recall": 0.7708674304418985,
            "f1-score": 0.7365129007036747,
            "support": 611.0
        },
        "Pass": {
            "precision": 0.7472924187725631,
            "recall": 0.6775777414075287,
            "f1-score": 0.7107296137339055,
            "support": 611.0
        },
        "accuracy": 0.7242225859247136,
        "macro avg": {
            "precision": 0.7261911195659223,
            "recall": 0.7242225859247136,
            "f1-score": 0.7236212572187901,
            "support": 1222.0
        },
        "weighted avg": {
            "precision": 0.7261911195659223,
            "recall": 0.7242225859247136,
            "f1-score": 0.7236212572187901,
            "support": 1222.0
        },
        "confusion_matrix": [
            [
                471,
                140
            ],
            [
                197,
                414
            ]
        ]
    },
    "mlp_results": {
        "Rush": {
            "precision": 0.688,
            "recall": 0.7037643207855974,
            "f1-score": 0.6957928802588996,
            "support": 611.0
        },
        "Pass": {
            "precision": 0.6968174204355109,
            "recall": 0.6808510638297872,
            "f1-score": 0.6887417218543046,
            "support": 611.0
        },
        "accuracy": 0.6923076923076923,
        "macro avg": {
            "precision": 0.6924087102177554,
            "recall": 0.6923076923076923,
            "f1-score": 0.6922673010566021,
            "support": 1222.0
        },
        "weighted avg": {
            "precision": 0.6924087102177554,
            "recall": 0.6923076923076923,
            "f1-score": 0.6922673010566022,
            "support": 1222.0
        },
        "confusion_matrix": [
            [
                430,
                181
            ],
            [
                195,
                416
            ]
        ]
    },
    "config": {
        "RANDOM_SEED": 21,
        "GNN_EPOCHS": 500,
        "GNN_HIDDEN_CHANNELS": 64,
        "GNN_HIDDEN_LAYERS": 3,
        "GNN_LEARNING_RATE": 0.0001,
        "GNN_DROPOUT": 0.4,
        "GNN_WEIGHT_DECAY": 0.0005,
        "RF_ESTIMATORS": 50,
        "MLP_HIDDEN_CHANNELS": 64,
        "MLP_HIDDEN_LAYERS": 3,
        "MLP_MAX_ITER": 3000,
        "MLP_LEARNING_RATE": 0.01,
        "MLP_ALPHA": 5e-05,
        "VALIDATION_SPLIT": 0.8,
        "TEST_SPLIT": 0.9,
        "SHOW_INFO": true
    }
}