{
    "last_gcn_results": {
        "Rush": {
            "precision": 0.5980066445182725,
            "recall": 0.2945990180032733,
            "f1-score": 0.39473684210526316,
            "support": 611.0
        },
        "Pass": {
            "precision": 0.5320304017372421,
            "recall": 0.8019639934533551,
            "f1-score": 0.639686684073107,
            "support": 611.0
        },
        "accuracy": 0.5482815057283142,
        "macro avg": {
            "precision": 0.5650185231277574,
            "recall": 0.5482815057283142,
            "f1-score": 0.517211763089185,
            "support": 1222.0
        },
        "weighted avg": {
            "precision": 0.5650185231277574,
            "recall": 0.5482815057283142,
            "f1-score": 0.517211763089185,
            "support": 1222.0
        },
        "confusion_matrix": [
            [
                180,
                431
            ],
            [
                121,
                490
            ]
        ]
    },
    "best_gcn_results": {
        "Rush": {
            "precision": 0.5980066445182725,
            "recall": 0.2945990180032733,
            "f1-score": 0.39473684210526316,
            "support": 611.0
        },
        "Pass": {
            "precision": 0.5320304017372421,
            "recall": 0.8019639934533551,
            "f1-score": 0.639686684073107,
            "support": 611.0
        },
        "accuracy": 0.5482815057283142,
        "macro avg": {
            "precision": 0.5650185231277574,
            "recall": 0.5482815057283142,
            "f1-score": 0.517211763089185,
            "support": 1222.0
        },
        "weighted avg": {
            "precision": 0.5650185231277574,
            "recall": 0.5482815057283142,
            "f1-score": 0.517211763089185,
            "support": 1222.0
        },
        "confusion_matrix": [
            [
                180,
                431
            ],
            [
                121,
                490
            ]
        ]
    },
    "rf_results": {
        "Rush": {
            "precision": 0.7140695915279879,
            "recall": 0.7725040916530278,
            "f1-score": 0.7421383647798742,
            "support": 611.0
        },
        "Pass": {
            "precision": 0.7522281639928698,
            "recall": 0.690671031096563,
            "f1-score": 0.7201365187713311,
            "support": 611.0
        },
        "accuracy": 0.7315875613747954,
        "macro avg": {
            "precision": 0.7331488777604289,
            "recall": 0.7315875613747954,
            "f1-score": 0.7311374417756027,
            "support": 1222.0
        },
        "weighted avg": {
            "precision": 0.7331488777604288,
            "recall": 0.7315875613747954,
            "f1-score": 0.7311374417756027,
            "support": 1222.0
        },
        "confusion_matrix": [
            [
                472,
                139
            ],
            [
                189,
                422
            ]
        ]
    },
    "mlp_results": {
        "Rush": {
            "precision": 0.676948051948052,
            "recall": 0.6824877250409165,
            "f1-score": 0.6797066014669927,
            "support": 611.0
        },
        "Pass": {
            "precision": 0.6798679867986799,
            "recall": 0.67430441898527,
            "f1-score": 0.6770747740345111,
            "support": 611.0
        },
        "accuracy": 0.6783960720130933,
        "macro avg": {
            "precision": 0.6784080193733659,
            "recall": 0.6783960720130933,
            "f1-score": 0.678390687750752,
            "support": 1222.0
        },
        "weighted avg": {
            "precision": 0.6784080193733659,
            "recall": 0.6783960720130933,
            "f1-score": 0.678390687750752,
            "support": 1222.0
        },
        "confusion_matrix": [
            [
                417,
                194
            ],
            [
                199,
                412
            ]
        ]
    },
    "config": {
        "RANDOM_SEED": 5,
        "GNN_EPOCHS": 500,
        "GNN_HIDDEN_CHANNELS": 16,
        "GNN_HIDDEN_LAYERS": 1,
        "GNN_LEARNING_RATE": 0.01,
        "GNN_DROPOUT": 0.3,
        "GNN_WEIGHT_DECAY": 0.05,
        "RF_ESTIMATORS": 150,
        "MLP_HIDDEN_CHANNELS": 64,
        "MLP_HIDDEN_LAYERS": 3,
        "MLP_MAX_ITER": 3000,
        "MLP_LEARNING_RATE": 0.0001,
        "MLP_ALPHA": 5e-05,
        "VALIDATION_SPLIT": 0.8,
        "TEST_SPLIT": 0.9,
        "SHOW_INFO": true
    }
}