{
    "last_gcn_results": {
        "Rush": {
            "precision": 0.6741693461950696,
            "recall": 0.6866812227074236,
            "f1-score": 0.6803677663601947,
            "support": 916.0
        },
        "Pass": {
            "precision": 0.7921795800144823,
            "recall": 0.7825464949928469,
            "f1-score": 0.7873335732277797,
            "support": 1398.0
        },
        "accuracy": 0.7445980985306828,
        "macro avg": {
            "precision": 0.733174463104776,
            "recall": 0.7346138588501352,
            "f1-score": 0.7338506697939873,
            "support": 2314.0
        },
        "weighted avg": {
            "precision": 0.7454650708621132,
            "recall": 0.7445980985306828,
            "f1-score": 0.7449910152801964,
            "support": 2314.0
        },
        "confusion_matrix": [
            [
                629,
                287
            ],
            [
                304,
                1094
            ]
        ]
    },
    "best_gcn_results": {
        "Rush": {
            "precision": 0.6741693461950696,
            "recall": 0.6866812227074236,
            "f1-score": 0.6803677663601947,
            "support": 916.0
        },
        "Pass": {
            "precision": 0.7921795800144823,
            "recall": 0.7825464949928469,
            "f1-score": 0.7873335732277797,
            "support": 1398.0
        },
        "accuracy": 0.7445980985306828,
        "macro avg": {
            "precision": 0.733174463104776,
            "recall": 0.7346138588501352,
            "f1-score": 0.7338506697939873,
            "support": 2314.0
        },
        "weighted avg": {
            "precision": 0.7454650708621132,
            "recall": 0.7445980985306828,
            "f1-score": 0.7449910152801964,
            "support": 2314.0
        },
        "confusion_matrix": [
            [
                629,
                287
            ],
            [
                304,
                1094
            ]
        ]
    },
    "rf_results": {
        "Rush": {
            "precision": 0.6731470230862697,
            "recall": 0.6048034934497817,
            "f1-score": 0.6371477860839563,
            "support": 916.0
        },
        "Pass": {
            "precision": 0.7572099262240107,
            "recall": 0.8075822603719599,
            "f1-score": 0.7815853236413984,
            "support": 1398.0
        },
        "accuracy": 0.7273120138288678,
        "macro avg": {
            "precision": 0.7151784746551402,
            "recall": 0.7061928769108707,
            "f1-score": 0.7093665548626773,
            "support": 2314.0
        },
        "weighted avg": {
            "precision": 0.723933513400255,
            "recall": 0.7273120138288678,
            "f1-score": 0.724409530900423,
            "support": 2314.0
        },
        "confusion_matrix": [
            [
                554,
                362
            ],
            [
                269,
                1129
            ]
        ]
    },
    "mlp_results": {
        "Rush": {
            "precision": 0.6270270270270271,
            "recall": 0.6331877729257642,
            "f1-score": 0.6300923411189571,
            "support": 916.0
        },
        "Pass": {
            "precision": 0.7580993520518359,
            "recall": 0.7532188841201717,
            "f1-score": 0.7556512378902045,
            "support": 1398.0
        },
        "accuracy": 0.7057044079515989,
        "macro avg": {
            "precision": 0.6925631895394315,
            "recall": 0.693203328522968,
            "f1-score": 0.6928717895045808,
            "support": 2314.0
        },
        "weighted avg": {
            "precision": 0.7062141965968985,
            "recall": 0.7057044079515989,
            "f1-score": 0.7059485803956226,
            "support": 2314.0
        },
        "confusion_matrix": [
            [
                580,
                336
            ],
            [
                345,
                1053
            ]
        ]
    },