{
    "last_gcn_results": {
        "Rush": {
            "precision": 0.7759562841530054,
            "recall": 0.6972176759410802,
            "f1-score": 0.7344827586206897,
            "support": 611.0
        },
        "Pass": {
            "precision": 0.725111441307578,
            "recall": 0.7986906710310966,
            "f1-score": 0.7601246105919003,
            "support": 611.0
        },
        "accuracy": 0.7479541734860884,
        "macro avg": {
            "precision": 0.7505338627302918,
            "recall": 0.7479541734860884,
            "f1-score": 0.747303684606295,
            "support": 1222.0
        },
        "weighted avg": {
            "precision": 0.7505338627302917,
            "recall": 0.7479541734860884,
            "f1-score": 0.747303684606295,
            "support": 1222.0
        },
        "confusion_matrix": [
            [
                426,
                185
            ],
            [
                123,
                488
            ]
        ]
    },
    "best_gcn_results": {
        "Rush": {
            "precision": 0.7759562841530054,
            "recall": 0.6972176759410802,
            "f1-score": 0.7344827586206897,
            "support": 611.0
        },
        "Pass": {
            "precision": 0.725111441307578,
            "recall": 0.7986906710310966,
            "f1-score": 0.7601246105919003,
            "support": 611.0
        },
        "accuracy": 0.7479541734860884,
        "macro avg": {
            "precision": 0.7505338627302918,
            "recall": 0.7479541734860884,
            "f1-score": 0.747303684606295,
            "support": 1222.0
        },
        "weighted avg": {
            "precision": 0.7505338627302917,
            "recall": 0.7479541734860884,
            "f1-score": 0.747303684606295,
            "support": 1222.0
        },
        "confusion_matrix": [
            [
                426,
                185
            ],
            [
                123,
                488
            ]
        ]
    },
    "rf_results": {
        "Rush": {
            "precision": 0.7091454272863568,
            "recall": 0.7741407528641571,
            "f1-score": 0.7402190923317684,
            "support": 611.0
        },
        "Pass": {
            "precision": 0.7513513513513513,
            "recall": 0.6824877250409165,
            "f1-score": 0.7152658662092625,
            "support": 611.0
        },
        "accuracy": 0.7283142389525368,
        "macro avg": {
            "precision": 0.730248389318854,
            "recall": 0.7283142389525368,
            "f1-score": 0.7277424792705154,
            "support": 1222.0
        },
        "weighted avg": {
            "precision": 0.730248389318854,
            "recall": 0.7283142389525368,
            "f1-score": 0.7277424792705154,
            "support": 1222.0
        },
        "confusion_matrix": [
            [
                473,
                138
            ],
            [
                194,
                417
            ]
        ]
    },
    "mlp_results": {
        "Rush": {
            "precision": 0.6868686868686869,
            "recall": 0.6677577741407529,
            "f1-score": 0.6771784232365146,
            "support": 611.0
        },
        "Pass": {
            "precision": 0.6767515923566879,
            "recall": 0.6955810147299509,
            "f1-score": 0.6860371267150929,
            "support": 611.0
        },
        "accuracy": 0.6816693944353519,
        "macro avg": {
            "precision": 0.6818101396126874,
            "recall": 0.6816693944353519,
            "f1-score": 0.6816077749758037,
            "support": 1222.0
        },
        "weighted avg": {
            "precision": 0.6818101396126873,
            "recall": 0.6816693944353519,
            "f1-score": 0.6816077749758037,
            "support": 1222.0
        },
        "confusion_matrix": [
            [
                408,
                203
            ],
            [
                186,
                425
            ]
        ]
    },
    "config": {
        "RANDOM_SEED": 17,
        "GNN_EPOCHS": 500,
        "GNN_HIDDEN_CHANNELS": 64,
        "GNN_HIDDEN_LAYERS": 2,
        "GNN_LEARNING_RATE": 0.0001,
        "GNN_DROPOUT": 0.3,
        "GNN_WEIGHT_DECAY": 5e-05,
        "RF_ESTIMATORS": 150,
        "MLP_HIDDEN_CHANNELS": 128,
        "MLP_HIDDEN_LAYERS": 3,
        "MLP_MAX_ITER": 3000,
        "MLP_LEARNING_RATE": 0.001,
        "MLP_ALPHA": 0.005,
        "VALIDATION_SPLIT": 0.8,
        "TEST_SPLIT": 0.9,
        "SHOW_INFO": true
    }
}