{
    "last_gcn_results": {
        "Rush": {
            "precision": 0.7141434262948207,
            "recall": 0.7827510917030568,
            "f1-score": 0.746875,
            "support": 916.0
        },
        "Pass": {
            "precision": 0.7596618357487923,
            "recall": 0.6866812227074236,
            "f1-score": 0.7213302752293578,
            "support": 916.0
        },
        "accuracy": 0.7347161572052402,
        "macro avg": {
            "precision": 0.7369026310218065,
            "recall": 0.7347161572052402,
            "f1-score": 0.7341026376146789,
            "support": 1832.0
        },
        "weighted avg": {
            "precision": 0.7369026310218065,
            "recall": 0.7347161572052402,
            "f1-score": 0.7341026376146789,
            "support": 1832.0
        },
        "confusion_matrix": [
            [
                717,
                199
            ],
            [
                287,
                629
            ]
        ]
    },
    "best_gcn_results": {
        "Rush": {
            "precision": 0.7141434262948207,
            "recall": 0.7827510917030568,
            "f1-score": 0.746875,
            "support": 916.0
        },
        "Pass": {
            "precision": 0.7596618357487923,
            "recall": 0.6866812227074236,
            "f1-score": 0.7213302752293578,
            "support": 916.0
        },
        "accuracy": 0.7347161572052402,
        "macro avg": {
            "precision": 0.7369026310218065,
            "recall": 0.7347161572052402,
            "f1-score": 0.7341026376146789,
            "support": 1832.0
        },
        "weighted avg": {
            "precision": 0.7369026310218065,
            "recall": 0.7347161572052402,
            "f1-score": 0.7341026376146789,
            "support": 1832.0
        },
        "confusion_matrix": [
            [
                717,
                199
            ],
            [
                287,
                629
            ]
        ]
    },
    "rf_results": {
        "Rush": {
            "precision": 0.6930596285434996,
            "recall": 0.7740174672489083,
            "f1-score": 0.7313047962867457,
            "support": 916.0
        },
        "Pass": {
            "precision": 0.7441285537700866,
            "recall": 0.6572052401746725,
            "f1-score": 0.6979710144927537,
            "support": 916.0
        },
        "accuracy": 0.7156113537117904,
        "macro avg": {
            "precision": 0.7185940911567931,
            "recall": 0.7156113537117904,
            "f1-score": 0.7146379053897497,
            "support": 1832.0
        },
        "weighted avg": {
            "precision": 0.7185940911567931,
            "recall": 0.7156113537117904,
            "f1-score": 0.7146379053897497,
            "support": 1832.0
        },
        "confusion_matrix": [
            [
                709,
                207
            ],
            [
                314,
                602
            ]
        ]
    },
    "mlp_results": {
        "Rush": {
            "precision": 0.6608247422680412,
            "recall": 0.6997816593886463,
            "f1-score": 0.679745493107105,
            "support": 916.0
        },
        "Pass": {
            "precision": 0.6809744779582366,
            "recall": 0.6408296943231441,
            "f1-score": 0.6602924634420697,
            "support": 916.0
        },
        "accuracy": 0.6703056768558951,
        "macro avg": {
            "precision": 0.6708996101131389,
            "recall": 0.6703056768558953,
            "f1-score": 0.6700189782745873,
            "support": 1832.0
        },
        "weighted avg": {
            "precision": 0.6708996101131389,
            "recall": 0.6703056768558951,
            "f1-score": 0.6700189782745872,
            "support": 1832.0
        },
        "confusion_matrix": [
            [
                641,
                275
            ],
            [
                329,
                587
            ]
        ]
    },