{
    "last_gcn_results": {
        "Rush": {
            "precision": 0.7282976324689966,
            "recall": 0.7052401746724891,
            "f1-score": 0.7165834719911259,
            "support": 916.0
        },
        "Pass": {
            "precision": 0.810791871058164,
            "recall": 0.8276108726752504,
            "f1-score": 0.8191150442477876,
            "support": 1398.0
        },
        "accuracy": 0.7791702679343129,
        "macro avg": {
            "precision": 0.7695447517635803,
            "recall": 0.7664255236738697,
            "f1-score": 0.7678492581194567,
            "support": 2314.0
        },
        "weighted avg": {
            "precision": 0.7781364161974565,
            "recall": 0.7791702679343129,
            "f1-score": 0.7785277840113564,
            "support": 2314.0
        },
        "confusion_matrix": [
            [
                646,
                270
            ],
            [
                241,
                1157
            ]
        ]
    },
    "best_gcn_results": {
        "Rush": {
            "precision": 0.7282976324689966,
            "recall": 0.7052401746724891,
            "f1-score": 0.7165834719911259,
            "support": 916.0
        },
        "Pass": {
            "precision": 0.810791871058164,
            "recall": 0.8276108726752504,
            "f1-score": 0.8191150442477876,
            "support": 1398.0
        },
        "accuracy": 0.7791702679343129,
        "macro avg": {
            "precision": 0.7695447517635803,
            "recall": 0.7664255236738697,
            "f1-score": 0.7678492581194567,
            "support": 2314.0
        },
        "weighted avg": {
            "precision": 0.7781364161974565,
            "recall": 0.7791702679343129,
            "f1-score": 0.7785277840113564,
            "support": 2314.0
        },
        "confusion_matrix": [
            [
                646,
                270
            ],
            [
                241,
                1157
            ]
        ]
    },
    "rf_results": {
        "Rush": {
            "precision": 0.6696730552423901,
            "recall": 0.648471615720524,
            "f1-score": 0.6589018302828619,
            "support": 916.0
        },
        "Pass": {
            "precision": 0.7743517869656622,
            "recall": 0.790414878397711,
            "f1-score": 0.7823008849557522,
            "support": 1398.0
        },
        "accuracy": 0.7342264477095938,
        "macro avg": {
            "precision": 0.7220124211040262,
            "recall": 0.7194432470591174,
            "f1-score": 0.7206013576193071,
            "support": 2314.0
        },
        "weighted avg": {
            "precision": 0.7329145707778846,
            "recall": 0.7342264477095938,
            "f1-score": 0.7334532038492839,
            "support": 2314.0
        },
        "confusion_matrix": [
            [
                594,
                322
            ],
            [
                293,
                1105
            ]
        ]
    },
    "mlp_results": {
        "Rush": {
            "precision": 0.6068012752391073,
            "recall": 0.6233624454148472,
            "f1-score": 0.6149703823371029,
            "support": 916.0
        },
        "Pass": {
            "precision": 0.7487254187909687,
            "recall": 0.7353361945636624,
            "f1-score": 0.7419704077950199,
            "support": 1398.0
        },
        "accuracy": 0.6910112359550562,
        "macro avg": {
            "precision": 0.6777633470150379,
            "recall": 0.6793493199892549,
            "f1-score": 0.6784703950660613,
            "support": 2314.0
        },
        "weighted avg": {
            "precision": 0.692544556434225,
            "recall": 0.6910112359550562,
            "f1-score": 0.6916972775791806,
            "support": 2314.0
        },
        "confusion_matrix": [
            [
                571,
                345
            ],
            [
                370,
                1028
            ]
        ]
    },