{
    "last_gcn_results": {
        "Rush": {
            "precision": 0.6864686468646864,
            "recall": 0.6812227074235808,
            "f1-score": 0.6838356164383562,
            "support": 916.0
        },
        "Pass": {
            "precision": 0.7921708185053381,
            "recall": 0.796137339055794,
            "f1-score": 0.7941491259364966,
            "support": 1398.0
        },
        "accuracy": 0.750648228176318,
        "macro avg": {
            "precision": 0.7393197326850123,
            "recall": 0.7386800232396874,
            "f1-score": 0.7389923711874264,
            "support": 2314.0
        },
        "weighted avg": {
            "precision": 0.7503284722551925,
            "recall": 0.750648228176318,
            "f1-score": 0.7504813754177858,
            "support": 2314.0
        },
        "confusion_matrix": [
            [
                624,
                292
            ],
            [
                285,
                1113
            ]
        ]
    },
    "best_gcn_results": {
        "Rush": {
            "precision": 0.6864686468646864,
            "recall": 0.6812227074235808,
            "f1-score": 0.6838356164383562,
            "support": 916.0
        },
        "Pass": {
            "precision": 0.7921708185053381,
            "recall": 0.796137339055794,
            "f1-score": 0.7941491259364966,
            "support": 1398.0
        },
        "accuracy": 0.750648228176318,
        "macro avg": {
            "precision": 0.7393197326850123,
            "recall": 0.7386800232396874,
            "f1-score": 0.7389923711874264,
            "support": 2314.0
        },
        "weighted avg": {
            "precision": 0.7503284722551925,
            "recall": 0.750648228176318,
            "f1-score": 0.7504813754177858,
            "support": 2314.0
        },
        "confusion_matrix": [
            [
                624,
                292
            ],
            [
                285,
                1113
            ]
        ]
    },
    "rf_results": {
        "Rush": {
            "precision": 0.6594724220623501,
            "recall": 0.6004366812227074,
            "f1-score": 0.6285714285714286,
            "support": 916.0
        },
        "Pass": {
            "precision": 0.7527027027027027,
            "recall": 0.7968526466380543,
            "f1-score": 0.7741487143849896,
            "support": 1398.0
        },
        "accuracy": 0.7191011235955056,
        "macro avg": {
            "precision": 0.7060875623825265,
            "recall": 0.6986446639303809,
            "f1-score": 0.7013600714782091,
            "support": 2314.0
        },
        "weighted avg": {
            "precision": 0.7157973712132633,
            "recall": 0.7191011235955056,
            "f1-score": 0.7165217507699412,
            "support": 2314.0
        },
        "confusion_matrix": [
            [
                550,
                366
            ],
            [
                284,
                1114
            ]
        ]
    },
    "mlp_results": {
        "Rush": {
            "precision": 0.5645491803278688,
            "recall": 0.601528384279476,
            "f1-score": 0.5824524312896406,
            "support": 916.0
        },
        "Pass": {
            "precision": 0.727204783258595,
            "recall": 0.695994277539342,
            "f1-score": 0.7112573099415205,
            "support": 1398.0
        },
        "accuracy": 0.658599827139153,
        "macro avg": {
            "precision": 0.6458769817932319,
            "recall": 0.6487613309094089,
            "f1-score": 0.6468548706155806,
            "support": 2314.0
        },
        "weighted avg": {
            "precision": 0.662817344933381,
            "recall": 0.658599827139153,
            "f1-score": 0.6602697261709405,
            "support": 2314.0
        },
        "confusion_matrix": [
            [
                551,
                365
            ],
            [
                425,
                973
            ]
        ]
    },
    "train_losses": [
        0.595165483057112,
        0.38966402539129846,
        0.2710293980709457,
        0.18622655313492648,
        0.12248885879161707,
        0.07131456438982348,
        0.04308565580602437,
        0.02810463480802905,
        0.02363967462207063,
        0.022182405278673423,
        0.021966013878467847,
        0.021531478273357885,
        0.021277798532356385,
        0.020943716226434976,
        0.020916586737775123,
        0.021019822201755644,
        0.020971473833535564,
        0.02043464291100892,
        0.0208666346280516,
        0.020504059522299476,
        0.020459628863439886,
        0.02010919781073715,
        0.01992627742330732,
        0.019596917592617714,
        0.01999751275001486,
        0.019714998533487422,
        0.01976903390956616,
        0.019389991814932336,
        0.01934765209010647,
        0.019396877273343334,
        0.019131203342030854,
        0.019068963764447354,
        0.018903752236797508,
        0.018949793046400796,
        0.01876728755733452,
        0.018687604864868236,
        0.018559075869403842,
        0.018537300133901157,
        0.0186949580430675,
        0.018426340594017262,
        0.018198853225637853,
        0.018402191492346447,
        0.018335653726077605,
        0.01824730881000174,
        0.017874075872771206,
        0.018021273089404335,
        0.01782274869085648,
        0.017767434716482587,
        0.01811282850611731,
        0.017963554734329493,
        0.017583902240160584,
        0.01746303115196426,
        0.01774630555339006,
        0.01738012970551326,
        0.01765116054946754,
        0.01699766190420338,
        0.016933366508001067,
        0.0169672071159995,
        0.017032761199295855,
        0.01719394764669114,
        0.017047519397034062,
        0.01682448206604017,
        0.016752677168076505,
        0.01642877583068359,
        0.016454330180847816,
        0.01676540081246185,
        0.016817906391873395,
        0.016302051468361823,
        0.016140086794766136,
        0.016003561788490456,
        0.016455788895558713,
        0.016454495376758582,
        0.01601542396392723,
        0.01573970262646314,
        0.016425695049458382,
        0.016008981052594285,
        0.01595525424854934,
        0.015741570887757503,
        0.01610365769193576,
        0.015331722837874819,
        0.0156075774153194,
        0.015843913339526557,
        0.01581777320801567,
        0.015532603218977403,
        0.01537495560070386,
        0.015640772908139363,
        0.015469775848293758,
        0.015033130519888402,
        0.015699646473962575,
        0.015503071748245747,
        0.015071385334137455,
        0.015502849758986734,
        0.015134867408068239,
        0.015184698902853946,
        0.01530306947174551,
        0.015245239722269637,
        0.0148261238271568,
        0.01524650609529364,
        0.015148299479835325,
        0.014952792756643093,
        0.015161412082570602,
        0.01471475737789192,
        0.014783085875571006,
        0.015084879325355405,
        0.01503593180923429,
        0.01459116225942086,
        0.014536061962927022,
        0.014910597852276084,
        0.01451486408426771,
        0.014489793702669857,
        0.014511538694452692,
        0.014330255242458725,
        0.014448419432524529,
        0.014906816697130983,
        0.014124394352948804,
        0.014824359712792598,
        0.014347708867463855,
        0.014430260056027702,
        0.014553079830522096,
        0.013892122422240607,
        0.014508940663135501,
        0.014170092139239953,
        0.014073771800586332,
        0.014100703853696314,
        0.01435779810777117,
        0.014132925838373896,
        0.014118331327731349,
        0.014055469931332594,
        0.013952581449691892,
        0.014273084355143436
    ],