{
    "last_gcn_results": {
        "Rush": {
            "precision": 0.7255520504731862,
            "recall": 0.7532751091703057,
            "f1-score": 0.7391537225495447,
            "support": 916.0
        },
        "Pass": {
            "precision": 0.8341892883345561,
            "recall": 0.8133047210300429,
            "f1-score": 0.8236146323795727,
            "support": 1398.0
        },
        "accuracy": 0.7895419187554019,
        "macro avg": {
            "precision": 0.7798706694038711,
            "recall": 0.7832899151001743,
            "f1-score": 0.7813841774645587,
            "support": 2314.0
        },
        "weighted avg": {
            "precision": 0.7911850921889144,
            "recall": 0.7895419187554019,
            "f1-score": 0.7901806680734769,
            "support": 2314.0
        },
        "confusion_matrix": [
            [
                690,
                226
            ],
            [
                261,
                1137
            ]
        ]
    },
    "best_gcn_results": {
        "Rush": {
            "precision": 0.7255520504731862,
            "recall": 0.7532751091703057,
            "f1-score": 0.7391537225495447,
            "support": 916.0
        },
        "Pass": {
            "precision": 0.8341892883345561,
            "recall": 0.8133047210300429,
            "f1-score": 0.8236146323795727,
            "support": 1398.0
        },
        "accuracy": 0.7895419187554019,
        "macro avg": {
            "precision": 0.7798706694038711,
            "recall": 0.7832899151001743,
            "f1-score": 0.7813841774645587,
            "support": 2314.0
        },
        "weighted avg": {
            "precision": 0.7911850921889144,
            "recall": 0.7895419187554019,
            "f1-score": 0.7901806680734769,
            "support": 2314.0
        },
        "confusion_matrix": [
            [
                690,
                226
            ],
            [
                261,
                1137
            ]
        ]
    },
    "rf_results": {
        "Rush": {
            "precision": 0.6758849557522124,
            "recall": 0.6670305676855895,
            "f1-score": 0.6714285714285714,
            "support": 916.0
        },
        "Pass": {
            "precision": 0.7836879432624113,
            "recall": 0.790414878397711,
            "f1-score": 0.7870370370370371,
            "support": 1398.0
        },
        "accuracy": 0.7415730337078652,
        "macro avg": {
            "precision": 0.7297864495073119,
            "recall": 0.7287227230416502,
            "f1-score": 0.7292328042328042,
            "support": 2314.0
        },
        "weighted avg": {
            "precision": 0.7410139862359022,
            "recall": 0.7415730337078652,
            "f1-score": 0.741273271048552,
            "support": 2314.0
        },
        "confusion_matrix": [
            [
                611,
                305
            ],
            [
                293,
                1105
            ]
        ]
    },
    "mlp_results": {
        "Rush": {
            "precision": 0.6141124586549063,
            "recall": 0.6080786026200873,
            "f1-score": 0.6110806363137685,
            "support": 916.0
        },
        "Pass": {
            "precision": 0.7448471926083866,
            "recall": 0.7496423462088698,
            "f1-score": 0.7472370766488413,
            "support": 1398.0
        },
        "accuracy": 0.6936041486603285,
        "macro avg": {
            "precision": 0.6794798256316464,
            "recall": 0.6788604744144786,
            "f1-score": 0.6791588564813049,
            "support": 2314.0
        },
        "weighted avg": {
            "precision": 0.6930956730312958,
            "recall": 0.6936041486603285,
            "f1-score": 0.6933393673372914,
            "support": 2314.0
        },
        "confusion_matrix": [
            [
                557,
                359
            ],
            [
                350,
                1048
            ]
        ]
    },