{
    "last_gcn_results": {
        "Rush": {
            "precision": 0.7420814479638009,
            "recall": 0.537117903930131,
            "f1-score": 0.623179227359088,
            "support": 916.0
        },
        "Pass": {
            "precision": 0.7431859479103574,
            "recall": 0.8776824034334764,
            "f1-score": 0.8048540505083634,
            "support": 1398.0
        },
        "accuracy": 0.7428694900605013,
        "macro avg": {
            "precision": 0.7426336979370791,
            "recall": 0.7074001536818038,
            "f1-score": 0.7140166389337257,
            "support": 2314.0
        },
        "weighted avg": {
            "precision": 0.7427487301268458,
            "recall": 0.7428694900605013,
            "f1-score": 0.7329378283801282,
            "support": 2314.0
        },
        "confusion_matrix": [
            [
                492,
                424
            ],
            [
                171,
                1227
            ]
        ]
    },
    "best_gcn_results": {
        "Rush": {
            "precision": 0.7420814479638009,
            "recall": 0.537117903930131,
            "f1-score": 0.623179227359088,
            "support": 916.0
        },
        "Pass": {
            "precision": 0.7431859479103574,
            "recall": 0.8776824034334764,
            "f1-score": 0.8048540505083634,
            "support": 1398.0
        },
        "accuracy": 0.7428694900605013,
        "macro avg": {
            "precision": 0.7426336979370791,
            "recall": 0.7074001536818038,
            "f1-score": 0.7140166389337257,
            "support": 2314.0
        },
        "weighted avg": {
            "precision": 0.7427487301268458,
            "recall": 0.7428694900605013,
            "f1-score": 0.7329378283801282,
            "support": 2314.0
        },
        "confusion_matrix": [
            [
                492,
                424
            ],
            [
                171,
                1227
            ]
        ]
    },
    "rf_results": {
        "Rush": {
            "precision": 0.6804374240583232,
            "recall": 0.611353711790393,
            "f1-score": 0.6440483036227717,
            "support": 916.0
        },
        "Pass": {
            "precision": 0.761234071093226,
            "recall": 0.8118741058655222,
            "f1-score": 0.7857390100380754,
            "support": 1398.0
        },
        "accuracy": 0.7324978392394123,
        "macro avg": {
            "precision": 0.7208357475757746,
            "recall": 0.7116139088279576,
            "f1-score": 0.7148936568304236,
            "support": 2314.0
        },
        "weighted avg": {
            "precision": 0.7292506101234892,
            "recall": 0.7324978392394123,
            "f1-score": 0.7296505540845671,
            "support": 2314.0
        },
        "confusion_matrix": [
            [
                560,
                356
            ],
            [
                263,
                1135
            ]
        ]
    },
    "mlp_results": {
        "Rush": {
            "precision": 0.6114570361145704,
            "recall": 0.5360262008733624,
            "f1-score": 0.571262361838278,
            "support": 916.0
        },
        "Pass": {
            "precision": 0.7187293183322303,
            "recall": 0.776824034334764,
            "f1-score": 0.7466483327603988,
            "support": 1398.0
        },
        "accuracy": 0.6815038893690579,
        "macro avg": {
            "precision": 0.6650931772234003,
            "recall": 0.6564251176040632,
            "f1-score": 0.6589553472993384,
            "support": 2314.0
        },
        "weighted avg": {
            "precision": 0.6762654417067435,
            "recall": 0.6815038893690579,
            "f1-score": 0.6772215612112793,
            "support": 2314.0
        },
        "confusion_matrix": [
            [
                491,
                425
            ],
            [
                312,
                1086
            ]
        ]
    },