{
    "last_gcn_results": {
        "Rush": {
            "precision": 0.679920477137177,
            "recall": 0.7467248908296943,
            "f1-score": 0.7117585848074922,
            "support": 916.0
        },
        "Pass": {
            "precision": 0.8226299694189603,
            "recall": 0.7696709585121603,
            "f1-score": 0.795269770879527,
            "support": 1398.0
        },
        "accuracy": 0.7605877268798618,
        "macro avg": {
            "precision": 0.7512752232780686,
            "recall": 0.7581979246709273,
            "f1-score": 0.7535141778435096,
            "support": 2314.0
        },
        "weighted avg": {
            "precision": 0.7661382257153676,
            "recall": 0.7605877268798618,
            "f1-score": 0.7622117559953507,
            "support": 2314.0
        },
        "confusion_matrix": [
            [
                684,
                232
            ],
            [
                322,
                1076
            ]
        ]
    },
    "best_gcn_results": {
        "Rush": {
            "precision": 0.679920477137177,
            "recall": 0.7467248908296943,
            "f1-score": 0.7117585848074922,
            "support": 916.0
        },
        "Pass": {
            "precision": 0.8226299694189603,
            "recall": 0.7696709585121603,
            "f1-score": 0.795269770879527,
            "support": 1398.0
        },
        "accuracy": 0.7605877268798618,
        "macro avg": {
            "precision": 0.7512752232780686,
            "recall": 0.7581979246709273,
            "f1-score": 0.7535141778435096,
            "support": 2314.0
        },
        "weighted avg": {
            "precision": 0.7661382257153676,
            "recall": 0.7605877268798618,
            "f1-score": 0.7622117559953507,
            "support": 2314.0
        },
        "confusion_matrix": [
            [
                684,
                232
            ],
            [
                322,
                1076
            ]
        ]
    },
    "rf_results": {
        "Rush": {
            "precision": 0.6682188591385332,
            "recall": 0.6266375545851528,
            "f1-score": 0.6467605633802817,
            "support": 916.0
        },
        "Pass": {
            "precision": 0.7649484536082474,
            "recall": 0.796137339055794,
            "f1-score": 0.7802313354363828,
            "support": 1398.0
        },
        "accuracy": 0.7290406222990493,
        "macro avg": {
            "precision": 0.7165836563733903,
            "recall": 0.7113874468204734,
            "f1-score": 0.7134959494083322,
            "support": 2314.0
        },
        "weighted avg": {
            "precision": 0.7266579140515239,
            "recall": 0.7290406222990493,
            "f1-score": 0.727396751510977,
            "support": 2314.0
        },
        "confusion_matrix": [
            [
                574,
                342
            ],
            [
                285,
                1113
            ]
        ]
    },
    "mlp_results": {
        "Rush": {
            "precision": 0.6126126126126126,
            "recall": 0.5938864628820961,
            "f1-score": 0.6031042128603105,
            "support": 916.0
        },
        "Pass": {
            "precision": 0.7391304347826086,
            "recall": 0.753934191702432,
            "f1-score": 0.7464589235127479,
            "support": 1398.0
        },
        "accuracy": 0.6905790838375108,
        "macro avg": {
            "precision": 0.6758715236976106,
            "recall": 0.6739103272922641,
            "f1-score": 0.6747815681865292,
            "support": 2314.0
        },
        "weighted avg": {
            "precision": 0.689048185384287,
            "recall": 0.6905790838375108,
            "f1-score": 0.689711769252751,
            "support": 2314.0
        },
        "confusion_matrix": [
            [
                544,
                372
            ],
            [
                344,
                1054
            ]
        ]
    },