{
    "last_gcn_results": {
        "Rush": {
            "precision": 0.7022900763358778,
            "recall": 0.8034934497816594,
            "f1-score": 0.7494908350305499,
            "support": 916.0
        },
        "Pass": {
            "precision": 0.7704081632653061,
            "recall": 0.6593886462882096,
            "f1-score": 0.7105882352941176,
            "support": 916.0
        },
        "accuracy": 0.7314410480349345,
        "macro avg": {
            "precision": 0.736349119800592,
            "recall": 0.7314410480349345,
            "f1-score": 0.7300395351623338,
            "support": 1832.0
        },
        "weighted avg": {
            "precision": 0.736349119800592,
            "recall": 0.7314410480349345,
            "f1-score": 0.7300395351623338,
            "support": 1832.0
        },
        "confusion_matrix": [
            [
                736,
                180
            ],
            [
                312,
                604
            ]
        ]
    },
    "best_gcn_results": {
        "Rush": {
            "precision": 0.7022900763358778,
            "recall": 0.8034934497816594,
            "f1-score": 0.7494908350305499,
            "support": 916.0
        },
        "Pass": {
            "precision": 0.7704081632653061,
            "recall": 0.6593886462882096,
            "f1-score": 0.7105882352941176,
            "support": 916.0
        },
        "accuracy": 0.7314410480349345,
        "macro avg": {
            "precision": 0.736349119800592,
            "recall": 0.7314410480349345,
            "f1-score": 0.7300395351623338,
            "support": 1832.0
        },
        "weighted avg": {
            "precision": 0.736349119800592,
            "recall": 0.7314410480349345,
            "f1-score": 0.7300395351623338,
            "support": 1832.0
        },
        "confusion_matrix": [
            [
                736,
                180
            ],
            [
                312,
                604
            ]
        ]
    },
    "rf_results": {
        "Rush": {
            "precision": 0.6987366375121478,
            "recall": 0.7849344978165939,
            "f1-score": 0.7393316195372751,
            "support": 916.0
        },
        "Pass": {
            "precision": 0.7546699875466999,
            "recall": 0.6615720524017468,
            "f1-score": 0.7050610820244329,
            "support": 916.0
        },
        "accuracy": 0.7232532751091703,
        "macro avg": {
            "precision": 0.7267033125294238,
            "recall": 0.7232532751091703,
            "f1-score": 0.722196350780854,
            "support": 1832.0
        },
        "weighted avg": {
            "precision": 0.7267033125294238,
            "recall": 0.7232532751091703,
            "f1-score": 0.7221963507808539,
            "support": 1832.0
        },
        "confusion_matrix": [
            [
                719,
                197
            ],
            [
                310,
                606
            ]
        ]
    },
    "mlp_results": {
        "Rush": {
            "precision": 0.6583166332665331,
            "recall": 0.7172489082969432,
            "f1-score": 0.6865203761755486,
            "support": 916.0
        },
        "Pass": {
            "precision": 0.6894484412470024,
            "recall": 0.6277292576419214,
            "f1-score": 0.6571428571428571,
            "support": 916.0
        },
        "accuracy": 0.6724890829694323,
        "macro avg": {
            "precision": 0.6738825372567678,
            "recall": 0.6724890829694323,
            "f1-score": 0.6718316166592029,
            "support": 1832.0
        },
        "weighted avg": {
            "precision": 0.6738825372567677,
            "recall": 0.6724890829694323,
            "f1-score": 0.6718316166592029,
            "support": 1832.0
        },
        "confusion_matrix": [
            [
                657,
                259
            ],
            [
                341,
                575
            ]
        ]
    },