{
    "last_gcn_results": {
        "Rush": {
            "precision": 0.7061105722599418,
            "recall": 0.7947598253275109,
            "f1-score": 0.7478171545968156,
            "support": 916.0
        },
        "Pass": {
            "precision": 0.8534684333593141,
            "recall": 0.7832618025751072,
            "f1-score": 0.8168593808280492,
            "support": 1398.0
        },
        "accuracy": 0.7878133102852204,
        "macro avg": {
            "precision": 0.779789502809628,
            "recall": 0.789010813951309,
            "f1-score": 0.7823382677124324,
            "support": 2314.0
        },
        "weighted avg": {
            "precision": 0.7951366266319913,
            "recall": 0.7878133102852204,
            "f1-score": 0.7895289230805081,
            "support": 2314.0
        },
        "confusion_matrix": [
            [
                728,
                188
            ],
            [
                303,
                1095
            ]
        ]
    },
    "best_gcn_results": {
        "Rush": {
            "precision": 0.7061105722599418,
            "recall": 0.7947598253275109,
            "f1-score": 0.7478171545968156,
            "support": 916.0
        },
        "Pass": {
            "precision": 0.8534684333593141,
            "recall": 0.7832618025751072,
            "f1-score": 0.8168593808280492,
            "support": 1398.0
        },
        "accuracy": 0.7878133102852204,
        "macro avg": {
            "precision": 0.779789502809628,
            "recall": 0.789010813951309,
            "f1-score": 0.7823382677124324,
            "support": 2314.0
        },
        "weighted avg": {
            "precision": 0.7951366266319913,
            "recall": 0.7878133102852204,
            "f1-score": 0.7895289230805081,
            "support": 2314.0
        },
        "confusion_matrix": [
            [
                728,
                188
            ],
            [
                303,
                1095
            ]
        ]
    },
    "rf_results": {
        "Rush": {
            "precision": 0.6980920314253648,
            "recall": 0.6790393013100436,
            "f1-score": 0.6884338682899834,
            "support": 916.0
        },
        "Pass": {
            "precision": 0.7933942375263527,
            "recall": 0.8075822603719599,
            "f1-score": 0.8004253810705424,
            "support": 1398.0
        },
        "accuracy": 0.7566983578219534,
        "macro avg": {
            "precision": 0.7457431344758587,
            "recall": 0.7433107808410018,
            "f1-score": 0.7444296246802629,
            "support": 2314.0
        },
        "weighted avg": {
            "precision": 0.7556687315676212,
            "recall": 0.7566983578219534,
            "f1-score": 0.756093390704513,
            "support": 2314.0
        },
        "confusion_matrix": [
            [
                622,
                294
            ],
            [
                269,
                1129
            ]
        ]
    },
    "mlp_results": {
        "Rush": {
            "precision": 0.6037151702786377,
            "recall": 0.638646288209607,
            "f1-score": 0.6206896551724138,
            "support": 916.0
        },
        "Pass": {
            "precision": 0.753903345724907,
            "recall": 0.7253218884120172,
            "f1-score": 0.7393364928909952,
            "support": 1398.0
        },
        "accuracy": 0.6910112359550562,
        "macro avg": {
            "precision": 0.6788092580017724,
            "recall": 0.6819840883108121,
            "f1-score": 0.6800130740317045,
            "support": 2314.0
        },
        "weighted avg": {
            "precision": 0.6944511552716733,
            "recall": 0.6910112359550562,
            "f1-score": 0.6923699832323001,
            "support": 2314.0
        },
        "confusion_matrix": [
            [
                585,
                331
            ],
            [
                384,
                1014
            ]
        ]
    },