{
    "last_gcn_results": {
        "Rush": {
            "precision": 0.687374749498998,
            "recall": 0.7489082969432315,
            "f1-score": 0.7168234064785789,
            "support": 916.0
        },
        "Pass": {
            "precision": 0.8252279635258358,
            "recall": 0.776824034334764,
            "f1-score": 0.8002947678703022,
            "support": 1398.0
        },
        "accuracy": 0.7657735522904062,
        "macro avg": {
            "precision": 0.7563013565124169,
            "recall": 0.7628661656389977,
            "f1-score": 0.7585590871744405,
            "support": 2314.0
        },
        "weighted avg": {
            "precision": 0.7706585840752811,
            "recall": 0.7657735522904062,
            "f1-score": 0.7672525176391793,
            "support": 2314.0
        },
        "confusion_matrix": [
            [
                686,
                230
            ],
            [
                312,
                1086
            ]
        ]
    },
    "best_gcn_results": {
        "Rush": {
            "precision": 0.687374749498998,
            "recall": 0.7489082969432315,
            "f1-score": 0.7168234064785789,
            "support": 916.0
        },
        "Pass": {
            "precision": 0.8252279635258358,
            "recall": 0.776824034334764,
            "f1-score": 0.8002947678703022,
            "support": 1398.0
        },
        "accuracy": 0.7657735522904062,
        "macro avg": {
            "precision": 0.7563013565124169,
            "recall": 0.7628661656389977,
            "f1-score": 0.7585590871744405,
            "support": 2314.0
        },
        "weighted avg": {
            "precision": 0.7706585840752811,
            "recall": 0.7657735522904062,
            "f1-score": 0.7672525176391793,
            "support": 2314.0
        },
        "confusion_matrix": [
            [
                686,
                230
            ],
            [
                312,
                1086
            ]
        ]
    },
    "rf_results": {
        "Rush": {
            "precision": 0.696,
            "recall": 0.5698689956331878,
            "f1-score": 0.6266506602641057,
            "support": 916.0
        },
        "Pass": {
            "precision": 0.7480818414322251,
            "recall": 0.8369098712446352,
            "f1-score": 0.7900067521944631,
            "support": 1398.0
        },
        "accuracy": 0.7312013828867762,
        "macro avg": {
            "precision": 0.7220409207161125,
            "recall": 0.7033894334389115,
            "f1-score": 0.7083287062292845,
            "support": 2314.0
        },
        "weighted avg": {
            "precision": 0.7274651747287169,
            "recall": 0.7312013828867762,
            "f1-score": 0.7253420243603198,
            "support": 2314.0
        },
        "confusion_matrix": [
            [
                522,
                394
            ],
            [
                228,
                1170
            ]
        ]
    },
    "mlp_results": {
        "Rush": {
            "precision": 0.6242707117852976,
            "recall": 0.584061135371179,
            "f1-score": 0.6034968979131415,
            "support": 916.0
        },
        "Pass": {
            "precision": 0.7385037748798902,
            "recall": 0.7696709585121603,
            "f1-score": 0.7537653239929948,
            "support": 1398.0
        },
        "accuracy": 0.6961970613656007,
        "macro avg": {
            "precision": 0.6813872433325938,
            "recall": 0.6768660469416696,
            "f1-score": 0.6786311109530682,
            "support": 2314.0
        },
        "weighted avg": {
            "precision": 0.6932844638191094,
            "recall": 0.6961970613656007,
            "f1-score": 0.6942813662189475,
            "support": 2314.0
        },
        "confusion_matrix": [
            [
                535,
                381
            ],
            [
                322,
                1076
            ]
        ]
    },