{
    "last_gcn_results": {
        "Rush": {
            "precision": 0.581446311176041,
            "recall": 0.868995633187773,
            "f1-score": 0.6967177242888403,
            "support": 916.0
        },
        "Pass": {
            "precision": 0.873015873015873,
            "recall": 0.5901287553648069,
            "f1-score": 0.704225352112676,
            "support": 1398.0
        },
        "accuracy": 0.7005185825410545,
        "macro avg": {
            "precision": 0.727231092095957,
            "recall": 0.72956219427629,
            "f1-score": 0.7004715382007581,
            "support": 2314.0
        },
        "weighted avg": {
            "precision": 0.7575976713541245,
            "recall": 0.7005185825410545,
            "f1-score": 0.7012534475808552,
            "support": 2314.0
        },
        "confusion_matrix": [
            [
                796,
                120
            ],
            [
                573,
                825
            ]
        ]
    },
    "best_gcn_results": {
        "Rush": {
            "precision": 0.581446311176041,
            "recall": 0.868995633187773,
            "f1-score": 0.6967177242888403,
            "support": 916.0
        },
        "Pass": {
            "precision": 0.873015873015873,
            "recall": 0.5901287553648069,
            "f1-score": 0.704225352112676,
            "support": 1398.0
        },
        "accuracy": 0.7005185825410545,
        "macro avg": {
            "precision": 0.727231092095957,
            "recall": 0.72956219427629,
            "f1-score": 0.7004715382007581,
            "support": 2314.0
        },
        "weighted avg": {
            "precision": 0.7575976713541245,
            "recall": 0.7005185825410545,
            "f1-score": 0.7012534475808552,
            "support": 2314.0
        },
        "confusion_matrix": [
            [
                796,
                120
            ],
            [
                573,
                825
            ]
        ]
    },
    "rf_results": {
        "Rush": {
            "precision": 0.6670644391408115,
            "recall": 0.6102620087336245,
            "f1-score": 0.637400228050171,
            "support": 916.0
        },
        "Pass": {
            "precision": 0.758130081300813,
            "recall": 0.8004291845493562,
            "f1-score": 0.778705636743215,
            "support": 1398.0
        },
        "accuracy": 0.7251512532411409,
        "macro avg": {
            "precision": 0.7125972602208123,
            "recall": 0.7053455966414903,
            "f1-score": 0.7080529323966931,
            "support": 2314.0
        },
        "weighted avg": {
            "precision": 0.7220816248537252,
            "recall": 0.7251512532411409,
            "f1-score": 0.7227697014092357,
            "support": 2314.0
        },
        "confusion_matrix": [
            [
                559,
                357
            ],
            [
                279,
                1119
            ]
        ]
    },
    "mlp_results": {
        "Rush": {
            "precision": 0.5850622406639004,
            "recall": 0.6157205240174672,
            "f1-score": 0.6,
            "support": 916.0
        },
        "Pass": {
            "precision": 0.7392592592592593,
            "recall": 0.7138769670958512,
            "f1-score": 0.7263464337700145,
            "support": 1398.0
        },
        "accuracy": 0.6750216076058773,
        "macro avg": {
            "precision": 0.6621607499615798,
            "recall": 0.6647987455566593,
            "f1-score": 0.6631732168850073,
            "support": 2314.0
        },
        "weighted avg": {
            "precision": 0.6782201628749254,
            "recall": 0.6750216076058773,
            "f1-score": 0.6763320286994298,
            "support": 2314.0
        },
        "confusion_matrix": [
            [
                564,
                352
            ],
            [
                400,
                998
            ]
        ]
    },
    "train_losses": [
        0.7588012122530176,
        0.5358306987107135,
        0.3468670306500807,
        0.2099886030306913,
        0.1223078442569008,
        0.0639818971521253,
        0.03189729505522021,
        0.025636201140066598,
        0.023073342882261188,
        0.021894627167310925,
        0.021671607258618008,
        0.021344508638840017,
        0.021651996285922598,
        0.021261317216179063,
        0.021067580249287874,
        0.020926517410641467,
        0.02039373622524537,
        0.02036015353435977,
        0.02040978573659239,
        0.020353138111515616,
        0.02053025804624471,
        0.02004711824493045,
        0.020183945220561834,
        0.019945648442816807,
        0.020271346791901665,
        0.0200047471186961,
        0.01979354822186875,
        0.019885102710080114,
        0.01982363167390943,
        0.019487947419008514,
        0.019471687524672557,
        0.019323034185395514,
        0.01931905545284613,
        0.019108150194651737,
        0.01900324060358768,
        0.018933635132491255,
        0.01894136321900573,
        0.018771834829471576,
        0.01855050220163495,
        0.018631332496294777,
        0.018543515291527618,
        0.018237498558635372,
        0.017916197051531513,
        0.018134362676452114,
        0.018033292813509485,
        0.017774088952201932,
        0.017430687520680412,
        0.017866134411429285,
        0.017562165630683916,
        0.017483211425102826,
        0.01738730261254651,
        0.01754618714970977,
        0.017533797353235275,
        0.017530244351568185,
        0.017124686546523764,
        0.017059841090494913,
        0.01698050055087051,
        0.016749370438564604,
        0.016958533028202726,
        0.01705278364005722,
        0.01671907359880062,
        0.01682772839136425,
        0.01696191531453283,
        0.016413400153585556,
        0.01634747521127266,
        0.016589512470634095,
        0.016381799762045755,
        0.016369585529749965,
        0.016296841246077942,
        0.01637905059774837,
        0.016063305244255973,
        0.015843322206399803,
        0.016068959677183282,
        0.016296184124857872,
        0.01632452702326261,
        0.015974214883244745,
        0.015746855364378167,
        0.01596740427237989,
        0.015648431537575353,
        0.015975618261839082,
        0.01637850672793254,
        0.01603120901996261,
        0.015916375294231018,
        0.015739644085726454,
        0.015459064898785962,
        0.01540823076411998,
        0.015478488146510799,
        0.016046443061878135,
        0.015660856926611417,
        0.01567968037519451,
        0.016088159710542817,
        0.01591711301454885,
        0.015639143852071297,
        0.015549944585559174,
        0.01532238808249767,
        0.01539612653347281,
        0.015320945926065416,
        0.01563595219227928,
        0.015242566630624683,
        0.015196417818230399,
        0.015166897528205584,
        0.015197820100677007,
        0.014952486247946204,
        0.015216091077908557,
        0.01566146851256522,
        0.014944610697322468,
        0.015089841295970255,
        0.015081281001203662,
        0.014968854106385591,
        0.015201561536586734,
        0.014812392197559015,
        0.015012312572480074,
        0.014784569298741314,
        0.014925822879988514,
        0.01488396882598197,
        0.014873938996881594,
        0.014927411294767528,
        0.01478063745552304,
        0.014744431734704085,
        0.014923455768310369,
        0.01471850582592315,
        0.014634268139926245
    ],