{
    "last_gcn_results": {
        "Rush": {
            "precision": 0.7359550561797753,
            "recall": 0.7150655021834061,
            "f1-score": 0.7253599114064231,
            "support": 916.0
        },
        "Pass": {
            "precision": 0.8167134831460674,
            "recall": 0.8319027181688126,
            "f1-score": 0.8242381289865344,
            "support": 1398.0
        },
        "accuracy": 0.7856525496974935,
        "macro avg": {
            "precision": 0.7763342696629214,
            "recall": 0.7734841101761094,
            "f1-score": 0.7747990201964787,
            "support": 2314.0
        },
        "weighted avg": {
            "precision": 0.7847451516416925,
            "recall": 0.7856525496974935,
            "f1-score": 0.7850970540931108,
            "support": 2314.0
        },
        "confusion_matrix": [
            [
                655,
                261
            ],
            [
                235,
                1163
            ]
        ]
    },
    "best_gcn_results": {
        "Rush": {
            "precision": 0.7359550561797753,
            "recall": 0.7150655021834061,
            "f1-score": 0.7253599114064231,
            "support": 916.0
        },
        "Pass": {
            "precision": 0.8167134831460674,
            "recall": 0.8319027181688126,
            "f1-score": 0.8242381289865344,
            "support": 1398.0
        },
        "accuracy": 0.7856525496974935,
        "macro avg": {
            "precision": 0.7763342696629214,
            "recall": 0.7734841101761094,
            "f1-score": 0.7747990201964787,
            "support": 2314.0
        },
        "weighted avg": {
            "precision": 0.7847451516416925,
            "recall": 0.7856525496974935,
            "f1-score": 0.7850970540931108,
            "support": 2314.0
        },
        "confusion_matrix": [
            [
                655,
                261
            ],
            [
                235,
                1163
            ]
        ]
    },
    "rf_results": {
        "Rush": {
            "precision": 0.6777041942604857,
            "recall": 0.6703056768558951,
            "f1-score": 0.6739846322722283,
            "support": 916.0
        },
        "Pass": {
            "precision": 0.7855113636363636,
            "recall": 0.7911301859799714,
            "f1-score": 0.7883107626514612,
            "support": 1398.0
        },
        "accuracy": 0.7433016421780466,
        "macro avg": {
            "precision": 0.7316077789484247,
            "recall": 0.7307179314179333,
            "f1-score": 0.7311476974618447,
            "support": 2314.0
        },
        "weighted avg": {
            "precision": 0.7428357512127232,
            "recall": 0.7433016421780466,
            "f1-score": 0.7430546107813759,
            "support": 2314.0
        },
        "confusion_matrix": [
            [
                614,
                302
            ],
            [
                292,
                1106
            ]
        ]
    },
    "mlp_results": {
        "Rush": {
            "precision": 0.595213319458897,
            "recall": 0.6244541484716157,
            "f1-score": 0.6094832179009056,
            "support": 916.0
        },
        "Pass": {
            "precision": 0.745750184774575,
            "recall": 0.7217453505007153,
            "f1-score": 0.7335514358415122,
            "support": 1398.0
        },
        "accuracy": 0.6832324978392394,
        "macro avg": {
            "precision": 0.670481752116736,
            "recall": 0.6730997494861655,
            "f1-score": 0.6715173268712089,
            "support": 2314.0
        },
        "weighted avg": {
            "precision": 0.6861599649694059,
            "recall": 0.6832324978392394,
            "f1-score": 0.6844388655590594,
            "support": 2314.0
        },
        "confusion_matrix": [
            [
                572,
                344
            ],
            [
                389,
                1009
            ]
        ]
    },