{
    "last_gcn_results": {
        "Rush": {
            "precision": 0.7015755329008341,
            "recall": 0.8264192139737991,
            "f1-score": 0.7588972431077694,
            "support": 916.0
        },
        "Pass": {
            "precision": 0.7888446215139442,
            "recall": 0.648471615720524,
            "f1-score": 0.7118034751348112,
            "support": 916.0
        },
        "accuracy": 0.7374454148471615,
        "macro avg": {
            "precision": 0.7452100772073891,
            "recall": 0.7374454148471616,
            "f1-score": 0.7353503591212903,
            "support": 1832.0
        },
        "weighted avg": {
            "precision": 0.7452100772073891,
            "recall": 0.7374454148471615,
            "f1-score": 0.7353503591212902,
            "support": 1832.0
        },
        "confusion_matrix": [
            [
                757,
                159
            ],
            [
                322,
                594
            ]
        ]
    },
    "best_gcn_results": {
        "Rush": {
            "precision": 0.7015755329008341,
            "recall": 0.8264192139737991,
            "f1-score": 0.7588972431077694,
            "support": 916.0
        },
        "Pass": {
            "precision": 0.7888446215139442,
            "recall": 0.648471615720524,
            "f1-score": 0.7118034751348112,
            "support": 916.0
        },
        "accuracy": 0.7374454148471615,
        "macro avg": {
            "precision": 0.7452100772073891,
            "recall": 0.7374454148471616,
            "f1-score": 0.7353503591212903,
            "support": 1832.0
        },
        "weighted avg": {
            "precision": 0.7452100772073891,
            "recall": 0.7374454148471615,
            "f1-score": 0.7353503591212902,
            "support": 1832.0
        },
        "confusion_matrix": [
            [
                757,
                159
            ],
            [
                322,
                594
            ]
        ]
    },
    "rf_results": {
        "Rush": {
            "precision": 0.697560975609756,
            "recall": 0.7805676855895196,
            "f1-score": 0.7367336424523442,
            "support": 916.0
        },
        "Pass": {
            "precision": 0.7509293680297398,
            "recall": 0.6615720524017468,
            "f1-score": 0.7034242600116076,
            "support": 916.0
        },
        "accuracy": 0.7210698689956332,
        "macro avg": {
            "precision": 0.7242451718197479,
            "recall": 0.7210698689956332,
            "f1-score": 0.7200789512319759,
            "support": 1832.0
        },
        "weighted avg": {
            "precision": 0.7242451718197479,
            "recall": 0.7210698689956332,
            "f1-score": 0.720078951231976,
            "support": 1832.0
        },
        "confusion_matrix": [
            [
                715,
                201
            ],
            [
                310,
                606
            ]
        ]
    },
    "mlp_results": {
        "Rush": {
            "precision": 0.638974358974359,
            "recall": 0.6801310043668122,
            "f1-score": 0.6589106292966684,
            "support": 916.0
        },
        "Pass": {
            "precision": 0.6581096849474912,
            "recall": 0.6157205240174672,
            "f1-score": 0.6362098138747885,
            "support": 916.0
        },
        "accuracy": 0.6479257641921398,
        "macro avg": {
            "precision": 0.648542021960925,
            "recall": 0.6479257641921397,
            "f1-score": 0.6475602215857285,
            "support": 1832.0
        },
        "weighted avg": {
            "precision": 0.6485420219609251,
            "recall": 0.6479257641921398,
            "f1-score": 0.6475602215857285,
            "support": 1832.0
        },
        "confusion_matrix": [
            [
                623,
                293
            ],
            [
                352,
                564
            ]
        ]
    },