{
    "last_gcn_results": {
        "Rush": {
            "precision": 0.6822633297062024,
            "recall": 0.6844978165938864,
            "f1-score": 0.6833787465940054,
            "support": 916.0
        },
        "Pass": {
            "precision": 0.792831541218638,
            "recall": 0.7911301859799714,
            "f1-score": 0.7919799498746867,
            "support": 1398.0
        },
        "accuracy": 0.7489196197061365,
        "macro avg": {
            "precision": 0.7375474354624202,
            "recall": 0.737814001286929,
            "f1-score": 0.737679348234346,
            "support": 2314.0
        },
        "weighted avg": {
            "precision": 0.7490629665663515,
            "recall": 0.7489196197061365,
            "f1-score": 0.7489900180660852,
            "support": 2314.0
        },
        "confusion_matrix": [
            [
                627,
                289
            ],
            [
                292,
                1106
            ]
        ]
    },
    "best_gcn_results": {
        "Rush": {
            "precision": 0.6822633297062024,
            "recall": 0.6844978165938864,
            "f1-score": 0.6833787465940054,
            "support": 916.0
        },
        "Pass": {
            "precision": 0.792831541218638,
            "recall": 0.7911301859799714,
            "f1-score": 0.7919799498746867,
            "support": 1398.0
        },
        "accuracy": 0.7489196197061365,
        "macro avg": {
            "precision": 0.7375474354624202,
            "recall": 0.737814001286929,
            "f1-score": 0.737679348234346,
            "support": 2314.0
        },
        "weighted avg": {
            "precision": 0.7490629665663515,
            "recall": 0.7489196197061365,
            "f1-score": 0.7489900180660852,
            "support": 2314.0
        },
        "confusion_matrix": [
            [
                627,
                289
            ],
            [
                292,
                1106
            ]
        ]
    },
    "rf_results": {
        "Rush": {
            "precision": 0.6650426309378806,
            "recall": 0.5960698689956332,
            "f1-score": 0.6286701208981001,
            "support": 916.0
        },
        "Pass": {
            "precision": 0.7521768251841929,
            "recall": 0.8032904148783977,
            "f1-score": 0.7768938083708059,
            "support": 1398.0
        },
        "accuracy": 0.7212618841832324,
        "macro avg": {
            "precision": 0.7086097280610368,
            "recall": 0.6996801419370154,
            "f1-score": 0.7027819646344531,
            "support": 2314.0
        },
        "weighted avg": {
            "precision": 0.7176846376605879,
            "recall": 0.7212618841832324,
            "f1-score": 0.718219263113676,
            "support": 2314.0
        },
        "confusion_matrix": [
            [
                546,
                370
            ],
            [
                275,
                1123
            ]
        ]
    },
    "mlp_results": {
        "Rush": {
            "precision": 0.5922528032619776,
            "recall": 0.6342794759825328,
            "f1-score": 0.6125461254612546,
            "support": 916.0
        },
        "Pass": {
            "precision": 0.7486871717929482,
            "recall": 0.7138769670958512,
            "f1-score": 0.7308678139875503,
            "support": 1398.0
        },
        "accuracy": 0.6823681936041487,
        "macro avg": {
            "precision": 0.6704699875274629,
            "recall": 0.6740782215391921,
            "f1-score": 0.6717069697244025,
            "support": 2314.0
        },
        "weighted avg": {
            "precision": 0.6867624174392883,
            "recall": 0.6823681936041487,
            "f1-score": 0.6840300150722146,
            "support": 2314.0
        },
        "confusion_matrix": [
            [
                581,
                335
            ],
            [
                400,
                998
            ]
        ]
    },
    "train_losses": [
        0.46084391075210207,
        0.3757111267938288,
        0.26926408944734503,
        0.19293341157963553,
        0.10763300847615168,
        0.06335623341172043,
        0.03682746223328383,
        0.026394580322032055,
        0.023546596823807456,
        0.021576768892350932,
        0.02169756368866528,
        0.021228317185843056,
        0.0209802918390813,
        0.020970017943017054,
        0.020757259563262822,
        0.02071322166058265,
        0.020537172855623148,
        0.020437983337391614,
        0.02011158133883953,
        0.019749133038035927,
        0.02008631504340277,
        0.020097768342840574,
        0.01997601223786328,
        0.019735113076449783,
        0.01944420488300596,
        0.019377058522621823,
        0.01923700429463686,
        0.019010575379400943,
        0.01919175027408212,
        0.019237564658252052,
        0.019007282899809522,
        0.018617046738227998,
        0.018859114380225327,
        0.018546632490649154,
        0.018373165165176127,
        0.018409040029922743,
        0.0179645486437155,
        0.018196889586595166,
        0.018144282181507477,
        0.018271376048780943,
        0.017783400262913526,
        0.017958665696226225,
        0.017886906372216398,
        0.01752162615440976,
        0.017694864746091273,
        0.017701255919251386,
        0.01736074612544038,
        0.01725158172734936,
        0.017060922949616395,
        0.01732367019228273,
        0.01723308925090131,
        0.017507486119511736,
        0.0170231133712313,
        0.01710130472247191,
        0.01727243473858918,
        0.017017402931602938,
        0.01683843219656802,
        0.016647497305669914,
        0.016746511517639853,
        0.01691485869838066,
        0.016723143801654072,
        0.016505617011630242,
        0.016060065083150894,
        0.016643546157355745,
        0.016774911054642568,
        0.01682466676048467,
        0.016191993168245298,
        0.016428064572661535,
        0.01647547168527419,
        0.016084629289518957,
        0.01660501851193681,
        0.016032625784455103,
        0.016390361991190695,
        0.01599034142153751,
        0.016177081251907845,
        0.015989333687794254,
        0.016192415172225312,
        0.015930136874453528,
        0.015888827257680458,
        0.01578349772597329,
        0.01560023176829983,
        0.016109784861139176,
        0.015805758590669357,
        0.01559354275245782,
        0.015332578155500246,
        0.015461834386951838,
        0.01532781178277584,
        0.01575451365852191,
        0.015736158626103287,
        0.015756844042803187,
        0.01530895167127516,
        0.015389585755491401,
        0.015338157457172586,
        0.01558387761815499,
        0.015260791427797179,
        0.015229516630820616,
        0.015429788985225557,
        0.014940901836344092,
        0.015191580105632582,
        0.015030477893966351,
        0.01521530973091109,
        0.014941009091175465,
        0.015018472032906018,
        0.015022485003952132,
        0.014618457498513275,
        0.014842300614151073,
        0.01480851291140041,
        0.014681662782246497,
        0.015072546844511309,
        0.014761030854522692,
        0.014944209610420303,
        0.014598526102492739,
        0.014728398356072472,
        0.014475033067614936,
        0.014623539561783788,
        0.014226598709447721,
        0.01466741030838313
    ],