{
    "last_gcn_results": {
        "Rush": {
            "precision": 0.7464968152866241,
            "recall": 0.6397379912663755,
            "f1-score": 0.6890064667842446,
            "support": 916.0
        },
        "Pass": {
            "precision": 0.6848137535816619,
            "recall": 0.7827510917030568,
            "f1-score": 0.7305145185939887,
            "support": 916.0
        },
        "accuracy": 0.7112445414847162,
        "macro avg": {
            "precision": 0.7156552844341431,
            "recall": 0.7112445414847162,
            "f1-score": 0.7097604926891167,
            "support": 1832.0
        },
        "weighted avg": {
            "precision": 0.7156552844341431,
            "recall": 0.7112445414847162,
            "f1-score": 0.7097604926891166,
            "support": 1832.0
        },
        "confusion_matrix": [
            [
                586,
                330
            ],
            [
                199,
                717
            ]
        ]
    },
    "best_gcn_results": {
        "Rush": {
            "precision": 0.7464968152866241,
            "recall": 0.6397379912663755,
            "f1-score": 0.6890064667842446,
            "support": 916.0
        },
        "Pass": {
            "precision": 0.6848137535816619,
            "recall": 0.7827510917030568,
            "f1-score": 0.7305145185939887,
            "support": 916.0
        },
        "accuracy": 0.7112445414847162,
        "macro avg": {
            "precision": 0.7156552844341431,
            "recall": 0.7112445414847162,
            "f1-score": 0.7097604926891167,
            "support": 1832.0
        },
        "weighted avg": {
            "precision": 0.7156552844341431,
            "recall": 0.7112445414847162,
            "f1-score": 0.7097604926891166,
            "support": 1832.0
        },
        "confusion_matrix": [
            [
                586,
                330
            ],
            [
                199,
                717
            ]
        ]
    },
    "rf_results": {
        "Rush": {
            "precision": 0.6932938856015779,
            "recall": 0.767467248908297,
            "f1-score": 0.7284974093264248,
            "support": 916.0
        },
        "Pass": {
            "precision": 0.7396088019559902,
            "recall": 0.6604803493449781,
            "f1-score": 0.6978085351787774,
            "support": 916.0
        },
        "accuracy": 0.7139737991266376,
        "macro avg": {
            "precision": 0.7164513437787841,
            "recall": 0.7139737991266375,
            "f1-score": 0.7131529722526011,
            "support": 1832.0
        },
        "weighted avg": {
            "precision": 0.7164513437787841,
            "recall": 0.7139737991266376,
            "f1-score": 0.7131529722526011,
            "support": 1832.0
        },
        "confusion_matrix": [
            [
                703,
                213
            ],
            [
                311,
                605
            ]
        ]
    },
    "mlp_results": {
        "Rush": {
            "precision": 0.6483971044467425,
            "recall": 0.6844978165938864,
            "f1-score": 0.6659585767392459,
            "support": 916.0
        },
        "Pass": {
            "precision": 0.6658959537572254,
            "recall": 0.62882096069869,
            "f1-score": 0.6468276249298147,
            "support": 916.0
        },
        "accuracy": 0.6566593886462883,
        "macro avg": {
            "precision": 0.657146529101984,
            "recall": 0.6566593886462881,
            "f1-score": 0.6563931008345303,
            "support": 1832.0
        },
        "weighted avg": {
            "precision": 0.657146529101984,
            "recall": 0.6566593886462883,
            "f1-score": 0.6563931008345303,
            "support": 1832.0
        },
        "confusion_matrix": [
            [
                627,
                289
            ],
            [
                340,
                576
            ]
        ]
    },