{
    "last_gcn_results": {
        "Rush": {
            "precision": 0.7109905020352781,
            "recall": 0.5720524017467249,
            "f1-score": 0.6339987900786449,
            "support": 916.0
        },
        "Pass": {
            "precision": 0.75142675967026,
            "recall": 0.8476394849785408,
            "f1-score": 0.7966386554621848,
            "support": 1398.0
        },
        "accuracy": 0.7385479688850476,
        "macro avg": {
            "precision": 0.731208630852769,
            "recall": 0.7098459433626328,
            "f1-score": 0.7153187227704149,
            "support": 2314.0
        },
        "weighted avg": {
            "precision": 0.7354200129141478,
            "recall": 0.7385479688850476,
            "f1-score": 0.7322574468661077,
            "support": 2314.0
        },
        "confusion_matrix": [
            [
                524,
                392
            ],
            [
                213,
                1185
            ]
        ]
    },
    "best_gcn_results": {
        "Rush": {
            "precision": 0.7109905020352781,
            "recall": 0.5720524017467249,
            "f1-score": 0.6339987900786449,
            "support": 916.0
        },
        "Pass": {
            "precision": 0.75142675967026,
            "recall": 0.8476394849785408,
            "f1-score": 0.7966386554621848,
            "support": 1398.0
        },
        "accuracy": 0.7385479688850476,
        "macro avg": {
            "precision": 0.731208630852769,
            "recall": 0.7098459433626328,
            "f1-score": 0.7153187227704149,
            "support": 2314.0
        },
        "weighted avg": {
            "precision": 0.7354200129141478,
            "recall": 0.7385479688850476,
            "f1-score": 0.7322574468661077,
            "support": 2314.0
        },
        "confusion_matrix": [
            [
                524,
                392
            ],
            [
                213,
                1185
            ]
        ]
    },
    "rf_results": {
        "Rush": {
            "precision": 0.6643026004728132,
            "recall": 0.6135371179039302,
            "f1-score": 0.637911464245176,
            "support": 916.0
        },
        "Pass": {
            "precision": 0.7588555858310627,
            "recall": 0.7968526466380543,
            "f1-score": 0.7773900907187719,
            "support": 1398.0
        },
        "accuracy": 0.7242869490060502,
        "macro avg": {
            "precision": 0.7115790931519379,
            "recall": 0.7051948822709923,
            "f1-score": 0.7076507774819739,
            "support": 2314.0
        },
        "weighted avg": {
            "precision": 0.7214266599070538,
            "recall": 0.7242869490060502,
            "f1-score": 0.7221772895736491,
            "support": 2314.0
        },
        "confusion_matrix": [
            [
                562,
                354
            ],
            [
                284,
                1114
            ]
        ]
    },
    "mlp_results": {
        "Rush": {
            "precision": 0.594758064516129,
            "recall": 0.6441048034934498,
            "f1-score": 0.6184486373165619,
            "support": 916.0
        },
        "Pass": {
            "precision": 0.7534039334341907,
            "recall": 0.7124463519313304,
            "f1-score": 0.7323529411764705,
            "support": 1398.0
        },
        "accuracy": 0.6853932584269663,
        "macro avg": {
            "precision": 0.6740809989751598,
            "recall": 0.6782755777123901,
            "f1-score": 0.6754007892465161,
            "support": 2314.0
        },
        "weighted avg": {
            "precision": 0.6906037536896166,
            "recall": 0.6853932584269663,
            "f1-score": 0.6872637698991687,
            "support": 2314.0
        },
        "confusion_matrix": [
            [
                590,
                326
            ],
            [
                402,
                996
            ]
        ]
    },
    "train_losses": [
        0.6820544787992496,
        0.36564971102660443,
        0.2629186177552907,
        0.1824938643293327,
        0.1100621586854919,
        0.05474711307866498,
        0.03387622090966502,
        0.026642539113282848,
        0.023275407296349505,
        0.022207083974447872,
        0.022062859407290396,
        0.02125883259746431,
        0.021251479148452077,
        0.02119421884127377,
        0.020923606661272895,
        0.020958844122562714,
        0.0208765321714648,
        0.020719023815536333,
        0.02083909893283489,
        0.020416487815936166,
        0.02037298926952235,
        0.02035377030504673,
        0.020077507870375776,
        0.020001003116511103,
        0.019793103276161548,
        0.019690761237059873,
        0.019629994327503075,
        0.01977659460787441,
        0.01967339732852244,
        0.019341463601109478,
        0.01950130667432672,
        0.01938334654183266,
        0.019087314979692703,
        0.01926406417146796,
        0.018945346271666753,
        0.01913633729822447,
        0.01910661949527465,
        0.018791117886349733,
        0.01859842584484947,
        0.01842587769727901,
        0.018280787237894478,
        0.018348538143095235,
        0.01832956261368656,
        0.017916151013326873,
        0.018322206495232213,
        0.017765896692259493,
        0.017775838378186557,
        0.017518580939954415,
        0.017604868412533656,
        0.0172461143874957,
        0.016794346050491894,
        0.016895604760344542,
        0.017035368148097224,
        0.0168516060094821,
        0.01730586919161418,
        0.016882642903713788,
        0.01700224287321123,
        0.016665073312345083,
        0.016624883661946917,
        0.016632820506572516,
        0.016585072530703543,
        0.01684708638605954,
        0.016547832471991143,
        0.01647349279043428,
        0.016238425547609285,
        0.016406876707634126,
        0.01626092681684622,
        0.01656250955479736,
        0.01635677838469934,
        0.016057289624203854,
        0.016312435894804772,
        0.0158240120682248,
        0.01591595036289177,
        0.015551283214062336,
        0.015934883400456103,
        0.016262950615055477,
        0.015811364315949906,
        0.015851611146571985,
        0.01574618195569242,
        0.01581895333355714,
        0.01553080714868292,
        0.015595266876773678,
        0.0158519965779054,
        0.015664961935379248,
        0.015423721807542584,
        0.015665076411889776,
        0.015757044753900395,
        0.015300654890422746,
        0.015517658495583198,
        0.015439175698005085,
        0.015596966950318763,
        0.015691850464976436,
        0.015378889313821203,
        0.01496081669342977,
        0.015021781986381832,
        0.01479949354351676,
        0.014704159653996659,
        0.015082623395296672,
        0.014982638176980343,
        0.014729383335078448,
        0.014821068039192156,
        0.014946038461979826,
        0.014228300581964668,
        0.014452807163583515,
        0.014503706454560129,
        0.015580635522671563,
        0.014681535758068427,
        0.014929706105831018,
        0.014731763516706287,
        0.014466988052552214,
        0.0152580611301366,
        0.014524027195806269,
        0.014526628444639443,
        0.014537347118764768,
        0.01414136608562032,
        0.014626449834005701,
        0.0147884931723208,
        0.014249169190741885,
        0.014030520596683721,
        0.014309855436721646,
        0.014135362761766556,
        0.014469843291710176,
        0.01447509090552749,
        0.014047931762084152,
        0.014049551739469847
    ],