{
    "last_gcn_results": {
        "Rush": {
            "precision": 0.6580483736447039,
            "recall": 0.861353711790393,
            "f1-score": 0.7460992907801418,
            "support": 916.0
        },
        "Pass": {
            "precision": 0.7993680884676145,
            "recall": 0.5524017467248908,
            "f1-score": 0.6533247256294383,
            "support": 916.0
        },
        "accuracy": 0.7068777292576419,
        "macro avg": {
            "precision": 0.7287082310561592,
            "recall": 0.7068777292576419,
            "f1-score": 0.6997120082047901,
            "support": 1832.0
        },
        "weighted avg": {
            "precision": 0.7287082310561593,
            "recall": 0.7068777292576419,
            "f1-score": 0.6997120082047902,
            "support": 1832.0
        },
        "confusion_matrix": [
            [
                789,
                127
            ],
            [
                410,
                506
            ]
        ]
    },
    "best_gcn_results": {
        "Rush": {
            "precision": 0.6580483736447039,
            "recall": 0.861353711790393,
            "f1-score": 0.7460992907801418,
            "support": 916.0
        },
        "Pass": {
            "precision": 0.7993680884676145,
            "recall": 0.5524017467248908,
            "f1-score": 0.6533247256294383,
            "support": 916.0
        },
        "accuracy": 0.7068777292576419,
        "macro avg": {
            "precision": 0.7287082310561592,
            "recall": 0.7068777292576419,
            "f1-score": 0.6997120082047901,
            "support": 1832.0
        },
        "weighted avg": {
            "precision": 0.7287082310561593,
            "recall": 0.7068777292576419,
            "f1-score": 0.6997120082047902,
            "support": 1832.0
        },
        "confusion_matrix": [
            [
                789,
                127
            ],
            [
                410,
                506
            ]
        ]
    },
    "rf_results": {
        "Rush": {
            "precision": 0.6863679694947569,
            "recall": 0.7860262008733624,
            "f1-score": 0.732824427480916,
            "support": 916.0
        },
        "Pass": {
            "precision": 0.7496807151979565,
            "recall": 0.6408296943231441,
            "f1-score": 0.6909947027663331,
            "support": 916.0
        },
        "accuracy": 0.7134279475982532,
        "macro avg": {
            "precision": 0.7180243423463567,
            "recall": 0.7134279475982532,
            "f1-score": 0.7119095651236246,
            "support": 1832.0
        },
        "weighted avg": {
            "precision": 0.7180243423463567,
            "recall": 0.7134279475982532,
            "f1-score": 0.7119095651236246,
            "support": 1832.0
        },
        "confusion_matrix": [
            [
                720,
                196
            ],
            [
                329,
                587
            ]
        ]
    },
    "mlp_results": {
        "Rush": {
            "precision": 0.6460945033751205,
            "recall": 0.7314410480349345,
            "f1-score": 0.6861239119303636,
            "support": 916.0
        },
        "Pass": {
            "precision": 0.690566037735849,
            "recall": 0.5993449781659389,
            "f1-score": 0.6417299824663939,
            "support": 916.0
        },
        "accuracy": 0.6653930131004366,
        "macro avg": {
            "precision": 0.6683302705554848,
            "recall": 0.6653930131004366,
            "f1-score": 0.6639269471983787,
            "support": 1832.0
        },
        "weighted avg": {
            "precision": 0.6683302705554848,
            "recall": 0.6653930131004366,
            "f1-score": 0.6639269471983787,
            "support": 1832.0
        },
        "confusion_matrix": [
            [
                670,
                246
            ],
            [
                367,
                549
            ]
        ]
    },