{
    "last_gcn_results": {
        "Rush": {
            "precision": 0.7459526774595268,
            "recall": 0.6539301310043668,
            "f1-score": 0.6969168121000582,
            "support": 916.0
        },
        "Pass": {
            "precision": 0.6919339164237124,
            "recall": 0.777292576419214,
            "f1-score": 0.732133676092545,
            "support": 916.0
        },
        "accuracy": 0.7156113537117904,
        "macro avg": {
            "precision": 0.7189432969416196,
            "recall": 0.7156113537117904,
            "f1-score": 0.7145252440963016,
            "support": 1832.0
        },
        "weighted avg": {
            "precision": 0.7189432969416196,
            "recall": 0.7156113537117904,
            "f1-score": 0.7145252440963015,
            "support": 1832.0
        },
        "confusion_matrix": [
            [
                599,
                317
            ],
            [
                204,
                712
            ]
        ]
    },
    "best_gcn_results": {
        "Rush": {
            "precision": 0.7459526774595268,
            "recall": 0.6539301310043668,
            "f1-score": 0.6969168121000582,
            "support": 916.0
        },
        "Pass": {
            "precision": 0.6919339164237124,
            "recall": 0.777292576419214,
            "f1-score": 0.732133676092545,
            "support": 916.0
        },
        "accuracy": 0.7156113537117904,
        "macro avg": {
            "precision": 0.7189432969416196,
            "recall": 0.7156113537117904,
            "f1-score": 0.7145252440963016,
            "support": 1832.0
        },
        "weighted avg": {
            "precision": 0.7189432969416196,
            "recall": 0.7156113537117904,
            "f1-score": 0.7145252440963015,
            "support": 1832.0
        },
        "confusion_matrix": [
            [
                599,
                317
            ],
            [
                204,
                712
            ]
        ]
    },
    "rf_results": {
        "Rush": {
            "precision": 0.686046511627907,
            "recall": 0.7729257641921398,
            "f1-score": 0.7268993839835729,
            "support": 916.0
        },
        "Pass": {
            "precision": 0.74,
            "recall": 0.6462882096069869,
            "f1-score": 0.6899766899766899,
            "support": 916.0
        },
        "accuracy": 0.7096069868995634,
        "macro avg": {
            "precision": 0.7130232558139535,
            "recall": 0.7096069868995634,
            "f1-score": 0.7084380369801314,
            "support": 1832.0
        },
        "weighted avg": {
            "precision": 0.7130232558139535,
            "recall": 0.7096069868995634,
            "f1-score": 0.7084380369801313,
            "support": 1832.0
        },
        "confusion_matrix": [
            [
                708,
                208
            ],
            [
                324,
                592
            ]
        ]
    },
    "mlp_results": {
        "Rush": {
            "precision": 0.6653266331658292,
            "recall": 0.722707423580786,
            "f1-score": 0.6928309785452642,
            "support": 916.0
        },
        "Pass": {
            "precision": 0.6965352449223416,
            "recall": 0.6364628820960698,
            "f1-score": 0.6651454649172847,
            "support": 916.0
        },
        "accuracy": 0.6795851528384279,
        "macro avg": {
            "precision": 0.6809309390440854,
            "recall": 0.6795851528384279,
            "f1-score": 0.6789882217312744,
            "support": 1832.0
        },
        "weighted avg": {
            "precision": 0.6809309390440854,
            "recall": 0.6795851528384279,
            "f1-score": 0.6789882217312745,
            "support": 1832.0
        },
        "confusion_matrix": [
            [
                662,
                254
            ],
            [
                333,
                583
            ]
        ]
    },