{
    "last_gcn_results": {
        "Rush": {
            "precision": 0.7138964577656676,
            "recall": 0.5720524017467249,
            "f1-score": 0.6351515151515151,
            "support": 916.0
        },
        "Pass": {
            "precision": 0.7518987341772152,
            "recall": 0.8497854077253219,
            "f1-score": 0.7978509066487576,
            "support": 1398.0
        },
        "accuracy": 0.7398444252376837,
        "macro avg": {
            "precision": 0.7328975959714414,
            "recall": 0.7109189047360234,
            "f1-score": 0.7165012109001363,
            "support": 2314.0
        },
        "weighted avg": {
            "precision": 0.736855482149135,
            "recall": 0.7398444252376837,
            "f1-score": 0.7334461345608259,
            "support": 2314.0
        },
        "confusion_matrix": [
            [
                524,
                392
            ],
            [
                210,
                1188
            ]
        ]
    },
    "best_gcn_results": {
        "Rush": {
            "precision": 0.7138964577656676,
            "recall": 0.5720524017467249,
            "f1-score": 0.6351515151515151,
            "support": 916.0
        },
        "Pass": {
            "precision": 0.7518987341772152,
            "recall": 0.8497854077253219,
            "f1-score": 0.7978509066487576,
            "support": 1398.0
        },
        "accuracy": 0.7398444252376837,
        "macro avg": {
            "precision": 0.7328975959714414,
            "recall": 0.7109189047360234,
            "f1-score": 0.7165012109001363,
            "support": 2314.0
        },
        "weighted avg": {
            "precision": 0.736855482149135,
            "recall": 0.7398444252376837,
            "f1-score": 0.7334461345608259,
            "support": 2314.0
        },
        "confusion_matrix": [
            [
                524,
                392
            ],
            [
                210,
                1188
            ]
        ]
    },
    "rf_results": {
        "Rush": {
            "precision": 0.681551116333725,
            "recall": 0.6331877729257642,
            "f1-score": 0.656479909451047,
            "support": 916.0
        },
        "Pass": {
            "precision": 0.7703349282296651,
            "recall": 0.8061516452074392,
            "f1-score": 0.787836420831877,
            "support": 1398.0
        },
        "accuracy": 0.7376836646499568,
        "macro avg": {
            "precision": 0.725943022281695,
            "recall": 0.7196697090666018,
            "f1-score": 0.7221581651414619,
            "support": 2314.0
        },
        "weighted avg": {
            "precision": 0.7351897373495091,
            "recall": 0.7376836646499568,
            "f1-score": 0.7358387698271923,
            "support": 2314.0
        },
        "confusion_matrix": [
            [
                580,
                336
            ],
            [
                271,
                1127
            ]
        ]
    },
    "mlp_results": {
        "Rush": {
            "precision": 0.6319365798414496,
            "recall": 0.6091703056768559,
            "f1-score": 0.6203446359088383,
            "support": 916.0
        },
        "Pass": {
            "precision": 0.7498252969951084,
            "recall": 0.7675250357653791,
            "f1-score": 0.7585719335454224,
            "support": 1398.0
        },
        "accuracy": 0.7048401037165082,
        "macro avg": {
            "precision": 0.690880938418279,
            "recall": 0.6883476707211176,
            "f1-score": 0.6894582847271303,
            "support": 2314.0
        },
        "weighted avg": {
            "precision": 0.7031588903776703,
            "recall": 0.7048401037165082,
            "f1-score": 0.7038544725968005,
            "support": 2314.0
        },
        "confusion_matrix": [
            [
                558,
                358
            ],
            [
                325,
                1073
            ]
        ]
    },