{
    "last_gcn_results": {
        "Rush": {
            "precision": 0.7054108216432866,
            "recall": 0.7685589519650655,
            "f1-score": 0.735632183908046,
            "support": 916.0
        },
        "Pass": {
            "precision": 0.8389057750759878,
            "recall": 0.7896995708154506,
            "f1-score": 0.8135593220338984,
            "support": 1398.0
        },
        "accuracy": 0.7813310285220397,
        "macro avg": {
            "precision": 0.7721582983596372,
            "recall": 0.7791292613902581,
            "f1-score": 0.7745957529709722,
            "support": 2314.0
        },
        "weighted avg": {
            "precision": 0.7860616189202599,
            "recall": 0.7813310285220397,
            "f1-score": 0.7827117600100086,
            "support": 2314.0
        },
        "confusion_matrix": [
            [
                704,
                212
            ],
            [
                294,
                1104
            ]
        ]
    },
    "best_gcn_results": {
        "Rush": {
            "precision": 0.7054108216432866,
            "recall": 0.7685589519650655,
            "f1-score": 0.735632183908046,
            "support": 916.0
        },
        "Pass": {
            "precision": 0.8389057750759878,
            "recall": 0.7896995708154506,
            "f1-score": 0.8135593220338984,
            "support": 1398.0
        },
        "accuracy": 0.7813310285220397,
        "macro avg": {
            "precision": 0.7721582983596372,
            "recall": 0.7791292613902581,
            "f1-score": 0.7745957529709722,
            "support": 2314.0
        },
        "weighted avg": {
            "precision": 0.7860616189202599,
            "recall": 0.7813310285220397,
            "f1-score": 0.7827117600100086,
            "support": 2314.0
        },
        "confusion_matrix": [
            [
                704,
                212
            ],
            [
                294,
                1104
            ]
        ]
    },
    "rf_results": {
        "Rush": {
            "precision": 0.6728260869565217,
            "recall": 0.675764192139738,
            "f1-score": 0.6742919389978214,
            "support": 916.0
        },
        "Pass": {
            "precision": 0.7869440459110474,
            "recall": 0.7846924177396281,
            "f1-score": 0.7858166189111748,
            "support": 1398.0
        },
        "accuracy": 0.7415730337078652,
        "macro avg": {
            "precision": 0.7298850664337846,
            "recall": 0.730228304939683,
            "f1-score": 0.7300542789544981,
            "support": 2314.0
        },
        "weighted avg": {
            "precision": 0.7417702989783138,
            "recall": 0.7415730337078652,
            "f1-score": 0.7416694249610314,
            "support": 2314.0
        },
        "confusion_matrix": [
            [
                619,
                297
            ],
            [
                301,
                1097
            ]
        ]
    },
    "mlp_results": {
        "Rush": {
            "precision": 0.6141814389989573,
            "recall": 0.6430131004366813,
            "f1-score": 0.6282666666666666,
            "support": 916.0
        },
        "Pass": {
            "precision": 0.7586715867158672,
            "recall": 0.7353361945636624,
            "f1-score": 0.7468216491100618,
            "support": 1398.0
        },
        "accuracy": 0.698789974070873,
        "macro avg": {
            "precision": 0.6864265128574123,
            "recall": 0.6891746475001719,
            "f1-score": 0.6875441578883642,
            "support": 2314.0
        },
        "weighted avg": {
            "precision": 0.7014749681727861,
            "recall": 0.698789974070873,
            "f1-score": 0.699891500485105,
            "support": 2314.0
        },
        "confusion_matrix": [
            [
                589,
                327
            ],
            [
                370,
                1028
            ]
        ]
    },