{
    "last_gcn_results": {
        "Rush": {
            "precision": 0.7131147540983607,
            "recall": 0.7119476268412439,
            "f1-score": 0.7125307125307125,
            "support": 611.0
        },
        "Pass": {
            "precision": 0.7124183006535948,
            "recall": 0.7135842880523732,
            "f1-score": 0.7130008176614882,
            "support": 611.0
        },
        "accuracy": 0.7127659574468085,
        "macro avg": {
            "precision": 0.7127665273759778,
            "recall": 0.7127659574468086,
            "f1-score": 0.7127657650961003,
            "support": 1222.0
        },
        "weighted avg": {
            "precision": 0.7127665273759778,
            "recall": 0.7127659574468085,
            "f1-score": 0.7127657650961003,
            "support": 1222.0
        },
        "confusion_matrix": [
            [
                435,
                176
            ],
            [
                175,
                436
            ]
        ]
    },
    "best_gcn_results": {
        "Rush": {
            "precision": 0.7131147540983607,
            "recall": 0.7119476268412439,
            "f1-score": 0.7125307125307125,
            "support": 611.0
        },
        "Pass": {
            "precision": 0.7124183006535948,
            "recall": 0.7135842880523732,
            "f1-score": 0.7130008176614882,
            "support": 611.0
        },
        "accuracy": 0.7127659574468085,
        "macro avg": {
            "precision": 0.7127665273759778,
            "recall": 0.7127659574468086,
            "f1-score": 0.7127657650961003,
            "support": 1222.0
        },
        "weighted avg": {
            "precision": 0.7127665273759778,
            "recall": 0.7127659574468085,
            "f1-score": 0.7127657650961003,
            "support": 1222.0
        },
        "confusion_matrix": [
            [
                435,
                176
            ],
            [
                175,
                436
            ]
        ]
    },
    "rf_results": {
        "Rush": {
            "precision": 0.7050898203592815,
            "recall": 0.7708674304418985,
            "f1-score": 0.7365129007036747,
            "support": 611.0
        },
        "Pass": {
            "precision": 0.7472924187725631,
            "recall": 0.6775777414075287,
            "f1-score": 0.7107296137339055,
            "support": 611.0
        },
        "accuracy": 0.7242225859247136,
        "macro avg": {
            "precision": 0.7261911195659223,
            "recall": 0.7242225859247136,
            "f1-score": 0.7236212572187901,
            "support": 1222.0
        },
        "weighted avg": {
            "precision": 0.7261911195659223,
            "recall": 0.7242225859247136,
            "f1-score": 0.7236212572187901,
            "support": 1222.0
        },
        "confusion_matrix": [
            [
                471,
                140
            ],
            [
                197,
                414
            ]
        ]
    },
    "mlp_results": {
        "Rush": {
            "precision": 0.688,
            "recall": 0.7037643207855974,
            "f1-score": 0.6957928802588996,
            "support": 611.0
        },
        "Pass": {
            "precision": 0.6968174204355109,
            "recall": 0.6808510638297872,
            "f1-score": 0.6887417218543046,
            "support": 611.0
        },
        "accuracy": 0.6923076923076923,
        "macro avg": {
            "precision": 0.6924087102177554,
            "recall": 0.6923076923076923,
            "f1-score": 0.6922673010566021,
            "support": 1222.0
        },
        "weighted avg": {
            "precision": 0.6924087102177554,
            "recall": 0.6923076923076923,
            "f1-score": 0.6922673010566022,
            "support": 1222.0
        },
        "confusion_matrix": [
            [
                430,
                181
            ],
            [
                195,
                416
            ]
        ]
    },
    "config": {
        "RANDOM_SEED": 21,
        "GNN_EPOCHS": 100,
        "GNN_HIDDEN_CHANNELS": 64,
        "GNN_HIDDEN_LAYERS": 3,
        "GNN_LEARNING_RATE": 0.0001,
        "GNN_DROPOUT": 0.4,
        "GNN_WEIGHT_DECAY": 0.0005,
        "RF_ESTIMATORS": 50,
        "MLP_HIDDEN_CHANNELS": 64,
        "MLP_HIDDEN_LAYERS": 3,
        "MLP_MAX_ITER": 3000,
        "MLP_LEARNING_RATE": 0.01,
        "MLP_ALPHA": 5e-05,
        "VALIDATION_SPLIT": 0.8,
        "TEST_SPLIT": 0.9,
        "SHOW_INFO": true
    }
}