{
    "last_gcn_results": {
        "Rush": {
            "precision": 0.6870026525198939,
            "recall": 0.8482532751091703,
            "f1-score": 0.7591597459697118,
            "support": 916.0
        },
        "Pass": {
            "precision": 0.8017118402282454,
            "recall": 0.6135371179039302,
            "f1-score": 0.6951144094001237,
            "support": 916.0
        },
        "accuracy": 0.7308951965065502,
        "macro avg": {
            "precision": 0.7443572463740696,
            "recall": 0.7308951965065502,
            "f1-score": 0.7271370776849178,
            "support": 1832.0
        },
        "weighted avg": {
            "precision": 0.7443572463740696,
            "recall": 0.7308951965065502,
            "f1-score": 0.7271370776849178,
            "support": 1832.0
        },
        "confusion_matrix": [
            [
                777,
                139
            ],
            [
                354,
                562
            ]
        ]
    },
    "best_gcn_results": {
        "Rush": {
            "precision": 0.6870026525198939,
            "recall": 0.8482532751091703,
            "f1-score": 0.7591597459697118,
            "support": 916.0
        },
        "Pass": {
            "precision": 0.8017118402282454,
            "recall": 0.6135371179039302,
            "f1-score": 0.6951144094001237,
            "support": 916.0
        },
        "accuracy": 0.7308951965065502,
        "macro avg": {
            "precision": 0.7443572463740696,
            "recall": 0.7308951965065502,
            "f1-score": 0.7271370776849178,
            "support": 1832.0
        },
        "weighted avg": {
            "precision": 0.7443572463740696,
            "recall": 0.7308951965065502,
            "f1-score": 0.7271370776849178,
            "support": 1832.0
        },
        "confusion_matrix": [
            [
                777,
                139
            ],
            [
                354,
                562
            ]
        ]
    },
    "rf_results": {
        "Rush": {
            "precision": 0.6953966699314398,
            "recall": 0.7751091703056768,
            "f1-score": 0.73309241094476,
            "support": 916.0
        },
        "Pass": {
            "precision": 0.7459926017262639,
            "recall": 0.6604803493449781,
            "f1-score": 0.7006369426751592,
            "support": 916.0
        },
        "accuracy": 0.7177947598253275,
        "macro avg": {
            "precision": 0.7206946358288518,
            "recall": 0.7177947598253275,
            "f1-score": 0.7168646768099596,
            "support": 1832.0
        },
        "weighted avg": {
            "precision": 0.7206946358288518,
            "recall": 0.7177947598253275,
            "f1-score": 0.7168646768099596,
            "support": 1832.0
        },
        "confusion_matrix": [
            [
                710,
                206
            ],
            [
                311,
                605
            ]
        ]
    },
    "mlp_results": {
        "Rush": {
            "precision": 0.6578947368421053,
            "recall": 0.7096069868995634,
            "f1-score": 0.6827731092436975,
            "support": 916.0
        },
        "Pass": {
            "precision": 0.6848341232227488,
            "recall": 0.631004366812227,
            "f1-score": 0.6568181818181819,
            "support": 916.0
        },
        "accuracy": 0.6703056768558951,
        "macro avg": {
            "precision": 0.6713644300324271,
            "recall": 0.6703056768558953,
            "f1-score": 0.6697956455309397,
            "support": 1832.0
        },
        "weighted avg": {
            "precision": 0.671364430032427,
            "recall": 0.6703056768558951,
            "f1-score": 0.6697956455309396,
            "support": 1832.0
        },
        "confusion_matrix": [
            [
                650,
                266
            ],
            [
                338,
                578
            ]
        ]
    },