{
    "last_gcn_results": {
        "Rush": {
            "precision": 0.6485507246376812,
            "recall": 0.29296235679214405,
            "f1-score": 0.4036076662908681,
            "support": 611.0
        },
        "Pass": {
            "precision": 0.5433403805496829,
            "recall": 0.8412438625204582,
            "f1-score": 0.6602440590879898,
            "support": 611.0
        },
        "accuracy": 0.5671031096563012,
        "macro avg": {
            "precision": 0.5959455525936821,
            "recall": 0.5671031096563012,
            "f1-score": 0.531925862689429,
            "support": 1222.0
        },
        "weighted avg": {
            "precision": 0.595945552593682,
            "recall": 0.5671031096563012,
            "f1-score": 0.531925862689429,
            "support": 1222.0
        },
        "confusion_matrix": [
            [
                179,
                432
            ],
            [
                97,
                514
            ]
        ]
    },
    "best_gcn_results": {
        "Rush": {
            "precision": 0.6485507246376812,
            "recall": 0.29296235679214405,
            "f1-score": 0.4036076662908681,
            "support": 611.0
        },
        "Pass": {
            "precision": 0.5433403805496829,
            "recall": 0.8412438625204582,
            "f1-score": 0.6602440590879898,
            "support": 611.0
        },
        "accuracy": 0.5671031096563012,
        "macro avg": {
            "precision": 0.5959455525936821,
            "recall": 0.5671031096563012,
            "f1-score": 0.531925862689429,
            "support": 1222.0
        },
        "weighted avg": {
            "precision": 0.595945552593682,
            "recall": 0.5671031096563012,
            "f1-score": 0.531925862689429,
            "support": 1222.0
        },
        "confusion_matrix": [
            [
                179,
                432
            ],
            [
                97,
                514
            ]
        ]
    },
    "rf_results": {
        "Rush": {
            "precision": 0.7054491899852725,
            "recall": 0.7839607201309329,
            "f1-score": 0.7426356589147287,
            "support": 611.0
        },
        "Pass": {
            "precision": 0.7569060773480663,
            "recall": 0.6726677577741408,
            "f1-score": 0.7123050259965338,
            "support": 611.0
        },
        "accuracy": 0.7283142389525368,
        "macro avg": {
            "precision": 0.7311776336666693,
            "recall": 0.7283142389525368,
            "f1-score": 0.7274703424556312,
            "support": 1222.0
        },
        "weighted avg": {
            "precision": 0.7311776336666693,
            "recall": 0.7283142389525368,
            "f1-score": 0.7274703424556312,
            "support": 1222.0
        },
        "confusion_matrix": [
            [
                479,
                132
            ],
            [
                200,
                411
            ]
        ]
    },
    "mlp_results": {
        "Rush": {
            "precision": 0.6986062717770035,
            "recall": 0.6563011456628478,
            "f1-score": 0.6767932489451477,
            "support": 611.0
        },
        "Pass": {
            "precision": 0.6759259259259259,
            "recall": 0.7168576104746317,
            "f1-score": 0.6957903097696585,
            "support": 611.0
        },
        "accuracy": 0.6865793780687398,
        "macro avg": {
            "precision": 0.6872660988514647,
            "recall": 0.6865793780687397,
            "f1-score": 0.686291779357403,
            "support": 1222.0
        },
        "weighted avg": {
            "precision": 0.6872660988514647,
            "recall": 0.6865793780687398,
            "f1-score": 0.6862917793574032,
            "support": 1222.0
        },
        "confusion_matrix": [
            [
                401,
                210
            ],
            [
                173,
                438
            ]
        ]
    },
    "config": {
        "RANDOM_SEED": 7,
        "GNN_EPOCHS": 500,
        "GNN_HIDDEN_CHANNELS": 16,
        "GNN_HIDDEN_LAYERS": 1,
        "GNN_LEARNING_RATE": 0.01,
        "GNN_DROPOUT": 0.2,
        "GNN_WEIGHT_DECAY": 0.005,
        "RF_ESTIMATORS": 50,
        "MLP_HIDDEN_CHANNELS": 64,
        "MLP_HIDDEN_LAYERS": 3,
        "MLP_MAX_ITER": 3000,
        "MLP_LEARNING_RATE": 0.01,
        "MLP_ALPHA": 0.005,
        "VALIDATION_SPLIT": 0.8,
        "TEST_SPLIT": 0.9,
        "SHOW_INFO": true
    }
}