{
    "last_gcn_results": {
        "Rush": {
            "precision": 0.7737478411053541,
            "recall": 0.7332242225859247,
            "f1-score": 0.7529411764705882,
            "support": 611.0
        },
        "Pass": {
            "precision": 0.7465007776049767,
            "recall": 0.7855973813420621,
            "f1-score": 0.7655502392344498,
            "support": 611.0
        },
        "accuracy": 0.7594108019639935,
        "macro avg": {
            "precision": 0.7601243093551654,
            "recall": 0.7594108019639934,
            "f1-score": 0.759245707852519,
            "support": 1222.0
        },
        "weighted avg": {
            "precision": 0.7601243093551653,
            "recall": 0.7594108019639935,
            "f1-score": 0.7592457078525191,
            "support": 1222.0
        },
        "confusion_matrix": [
            [
                448,
                163
            ],
            [
                131,
                480
            ]
        ]
    },
    "best_gcn_results": {
        "Rush": {
            "precision": 0.7737478411053541,
            "recall": 0.7332242225859247,
            "f1-score": 0.7529411764705882,
            "support": 611.0
        },
        "Pass": {
            "precision": 0.7465007776049767,
            "recall": 0.7855973813420621,
            "f1-score": 0.7655502392344498,
            "support": 611.0
        },
        "accuracy": 0.7594108019639935,
        "macro avg": {
            "precision": 0.7601243093551654,
            "recall": 0.7594108019639934,
            "f1-score": 0.759245707852519,
            "support": 1222.0
        },
        "weighted avg": {
            "precision": 0.7601243093551653,
            "recall": 0.7594108019639935,
            "f1-score": 0.7592457078525191,
            "support": 1222.0
        },
        "confusion_matrix": [
            [
                448,
                163
            ],
            [
                131,
                480
            ]
        ]
    },
    "rf_results": {
        "Rush": {
            "precision": 0.7132132132132132,
            "recall": 0.7774140752864157,
            "f1-score": 0.7439310884886453,
            "support": 611.0
        },
        "Pass": {
            "precision": 0.7553956834532374,
            "recall": 0.6873977086743044,
            "f1-score": 0.7197943444730077,
            "support": 611.0
        },
        "accuracy": 0.7324058919803601,
        "macro avg": {
            "precision": 0.7343044483332253,
            "recall": 0.73240589198036,
            "f1-score": 0.7318627164808265,
            "support": 1222.0
        },
        "weighted avg": {
            "precision": 0.7343044483332254,
            "recall": 0.7324058919803601,
            "f1-score": 0.7318627164808265,
            "support": 1222.0
        },
        "confusion_matrix": [
            [
                475,
                136
            ],
            [
                191,
                420
            ]
        ]
    },
    "mlp_results": {
        "Rush": {
            "precision": 0.6873015873015873,
            "recall": 0.7086743044189853,
            "f1-score": 0.6978243352135375,
            "support": 611.0
        },
        "Pass": {
            "precision": 0.6993243243243243,
            "recall": 0.6775777414075287,
            "f1-score": 0.6882793017456359,
            "support": 611.0
        },
        "accuracy": 0.693126022913257,
        "macro avg": {
            "precision": 0.6933129558129558,
            "recall": 0.693126022913257,
            "f1-score": 0.6930518184795866,
            "support": 1222.0
        },
        "weighted avg": {
            "precision": 0.6933129558129559,
            "recall": 0.693126022913257,
            "f1-score": 0.6930518184795866,
            "support": 1222.0
        },
        "confusion_matrix": [
            [
                433,
                178
            ],
            [
                197,
                414
            ]
        ]
    },
    "config": {
        "RANDOM_SEED": 4,
        "GNN_EPOCHS": 500,
        "GNN_HIDDEN_CHANNELS": 64,
        "GNN_HIDDEN_LAYERS": 3,
        "GNN_LEARNING_RATE": 0.001,
        "GNN_DROPOUT": 0.4,
        "GNN_WEIGHT_DECAY": 0.005,
        "RF_ESTIMATORS": 150,
        "MLP_HIDDEN_CHANNELS": 64,
        "MLP_HIDDEN_LAYERS": 2,
        "MLP_MAX_ITER": 3000,
        "MLP_LEARNING_RATE": 0.01,
        "MLP_ALPHA": 0.005,
        "VALIDATION_SPLIT": 0.8,
        "TEST_SPLIT": 0.9,
        "SHOW_INFO": true
    }
}