{
    "last_gcn_results": {
        "Rush": {
            "precision": 0.6902173913043478,
            "recall": 0.6932314410480349,
            "f1-score": 0.6917211328976035,
            "support": 916.0
        },
        "Pass": {
            "precision": 0.7984218077474893,
            "recall": 0.796137339055794,
            "f1-score": 0.7972779369627507,
            "support": 1398.0
        },
        "accuracy": 0.7554019014693172,
        "macro avg": {
            "precision": 0.7443195995259185,
            "recall": 0.7446843900519144,
            "f1-score": 0.7444995349301771,
            "support": 2314.0
        },
        "weighted avg": {
            "precision": 0.755588944540092,
            "recall": 0.7554019014693172,
            "f1-score": 0.7554931346621133,
            "support": 2314.0
        },
        "confusion_matrix": [
            [
                635,
                281
            ],
            [
                285,
                1113
            ]
        ]
    },
    "best_gcn_results": {
        "Rush": {
            "precision": 0.6902173913043478,
            "recall": 0.6932314410480349,
            "f1-score": 0.6917211328976035,
            "support": 916.0
        },
        "Pass": {
            "precision": 0.7984218077474893,
            "recall": 0.796137339055794,
            "f1-score": 0.7972779369627507,
            "support": 1398.0
        },
        "accuracy": 0.7554019014693172,
        "macro avg": {
            "precision": 0.7443195995259185,
            "recall": 0.7446843900519144,
            "f1-score": 0.7444995349301771,
            "support": 2314.0
        },
        "weighted avg": {
            "precision": 0.755588944540092,
            "recall": 0.7554019014693172,
            "f1-score": 0.7554931346621133,
            "support": 2314.0
        },
        "confusion_matrix": [
            [
                635,
                281
            ],
            [
                285,
                1113
            ]
        ]
    },
    "rf_results": {
        "Rush": {
            "precision": 0.6557562076749436,
            "recall": 0.6342794759825328,
            "f1-score": 0.6448390677025527,
            "support": 916.0
        },
        "Pass": {
            "precision": 0.7654061624649859,
            "recall": 0.7818311874105865,
            "f1-score": 0.7735314932767162,
            "support": 1398.0
        },
        "accuracy": 0.7234226447709594,
        "macro avg": {
            "precision": 0.7105811850699648,
            "recall": 0.7080553316965597,
            "f1-score": 0.7091852804896345,
            "support": 2314.0
        },
        "weighted avg": {
            "precision": 0.7220010809664212,
            "recall": 0.7234226447709594,
            "f1-score": 0.7225884242076004,
            "support": 2314.0
        },
        "confusion_matrix": [
            [
                581,
                335
            ],
            [
                305,
                1093
            ]
        ]
    },
    "mlp_results": {
        "Rush": {
            "precision": 0.6164994425863991,
            "recall": 0.6037117903930131,
            "f1-score": 0.61003861003861,
            "support": 916.0
        },
        "Pass": {
            "precision": 0.7438249823570925,
            "recall": 0.753934191702432,
            "f1-score": 0.7488454706927176,
            "support": 1398.0
        },
        "accuracy": 0.6944684528954191,
        "macro avg": {
            "precision": 0.6801622124717458,
            "recall": 0.6788229910477226,
            "f1-score": 0.6794420403656638,
            "support": 2314.0
        },
        "weighted avg": {
            "precision": 0.6934229968644585,
            "recall": 0.6944684528954191,
            "f1-score": 0.693898588947185,
            "support": 2314.0
        },
        "confusion_matrix": [
            [
                553,
                363
            ],
            [
                344,
                1054
            ]
        ]
    },