{
    "last_gcn_results": {
        "Rush": {
            "precision": 0.7377483443708609,
            "recall": 0.6080786026200873,
            "f1-score": 0.6666666666666666,
            "support": 916.0
        },
        "Pass": {
            "precision": 0.7697241821680565,
            "recall": 0.8583690987124464,
            "f1-score": 0.8116334122421373,
            "support": 1398.0
        },
        "accuracy": 0.7592912705272256,
        "macro avg": {
            "precision": 0.7537362632694586,
            "recall": 0.7332238506662668,
            "f1-score": 0.7391500394544019,
            "support": 2314.0
        },
        "weighted avg": {
            "precision": 0.7570665039389161,
            "recall": 0.7592912705272256,
            "f1-score": 0.7542481317982604,
            "support": 2314.0
        },
        "confusion_matrix": [
            [
                557,
                359
            ],
            [
                198,
                1200
            ]
        ]
    },
    "best_gcn_results": {
        "Rush": {
            "precision": 0.7377483443708609,
            "recall": 0.6080786026200873,
            "f1-score": 0.6666666666666666,
            "support": 916.0
        },
        "Pass": {
            "precision": 0.7697241821680565,
            "recall": 0.8583690987124464,
            "f1-score": 0.8116334122421373,
            "support": 1398.0
        },
        "accuracy": 0.7592912705272256,
        "macro avg": {
            "precision": 0.7537362632694586,
            "recall": 0.7332238506662668,
            "f1-score": 0.7391500394544019,
            "support": 2314.0
        },
        "weighted avg": {
            "precision": 0.7570665039389161,
            "recall": 0.7592912705272256,
            "f1-score": 0.7542481317982604,
            "support": 2314.0
        },
        "confusion_matrix": [
            [
                557,
                359
            ],
            [
                198,
                1200
            ]
        ]
    },
    "rf_results": {
        "Rush": {
            "precision": 0.6766666666666666,
            "recall": 0.6648471615720524,
            "f1-score": 0.670704845814978,
            "support": 916.0
        },
        "Pass": {
            "precision": 0.7828854314002829,
            "recall": 0.7918454935622318,
            "f1-score": 0.7873399715504978,
            "support": 1398.0
        },
        "accuracy": 0.7415730337078652,
        "macro avg": {
            "precision": 0.7297760490334748,
            "recall": 0.728346327567142,
            "f1-score": 0.7290224086827379,
            "support": 2314.0
        },
        "weighted avg": {
            "precision": 0.7408385910822222,
            "recall": 0.7415730337078652,
            "f1-score": 0.741169800775331,
            "support": 2314.0
        },
        "confusion_matrix": [
            [
                609,
                307
            ],
            [
                291,
                1107
            ]
        ]
    },
    "mlp_results": {
        "Rush": {
            "precision": 0.6,
            "recall": 0.638646288209607,
            "f1-score": 0.6187202538339502,
            "support": 916.0
        },
        "Pass": {
            "precision": 0.7528005974607916,
            "recall": 0.721030042918455,
            "f1-score": 0.7365728900255755,
            "support": 1398.0
        },
        "accuracy": 0.6884183232497839,
        "macro avg": {
            "precision": 0.6764002987303959,
            "recall": 0.679838165564031,
            "f1-score": 0.6776465719297629,
            "support": 2314.0
        },
        "weighted avg": {
            "precision": 0.6923142762533219,
            "recall": 0.6884183232497839,
            "f1-score": 0.6899207661052952,
            "support": 2314.0
        },
        "confusion_matrix": [
            [
                585,
                331
            ],
            [
                390,
                1008
            ]
        ]
    },