{
    "last_gcn_results": {
        "Rush": {
            "precision": 0.6136783733826248,
            "recall": 0.7248908296943232,
            "f1-score": 0.6646646646646647,
            "support": 916.0
        },
        "Pass": {
            "precision": 0.7954545454545454,
            "recall": 0.7010014306151645,
            "f1-score": 0.7452471482889734,
            "support": 1398.0
        },
        "accuracy": 0.7104580812445981,
        "macro avg": {
            "precision": 0.7045664594185851,
            "recall": 0.7129461301547438,
            "f1-score": 0.704955906476819,
            "support": 2314.0
        },
        "weighted avg": {
            "precision": 0.7234982042195067,
            "recall": 0.7104580812445981,
            "f1-score": 0.713348464192229,
            "support": 2314.0
        },
        "confusion_matrix": [
            [
                664,
                252
            ],
            [
                418,
                980
            ]
        ]
    },
    "best_gcn_results": {
        "Rush": {
            "precision": 0.6136783733826248,
            "recall": 0.7248908296943232,
            "f1-score": 0.6646646646646647,
            "support": 916.0
        },
        "Pass": {
            "precision": 0.7954545454545454,
            "recall": 0.7010014306151645,
            "f1-score": 0.7452471482889734,
            "support": 1398.0
        },
        "accuracy": 0.7104580812445981,
        "macro avg": {
            "precision": 0.7045664594185851,
            "recall": 0.7129461301547438,
            "f1-score": 0.704955906476819,
            "support": 2314.0
        },
        "weighted avg": {
            "precision": 0.7234982042195067,
            "recall": 0.7104580812445981,
            "f1-score": 0.713348464192229,
            "support": 2314.0
        },
        "confusion_matrix": [
            [
                664,
                252
            ],
            [
                418,
                980
            ]
        ]
    },
    "rf_results": {
        "Rush": {
            "precision": 0.6556991774383079,
            "recall": 0.6091703056768559,
            "f1-score": 0.631578947368421,
            "support": 916.0
        },
        "Pass": {
            "precision": 0.7552973342447027,
            "recall": 0.790414878397711,
            "f1-score": 0.7724571828032156,
            "support": 1398.0
        },
        "accuracy": 0.7186689714779603,
        "macro avg": {
            "precision": 0.7054982558415053,
            "recall": 0.6997925920372834,
            "f1-score": 0.7020180650858183,
            "support": 2314.0
        },
        "weighted avg": {
            "precision": 0.7158712704440727,
            "recall": 0.7186689714779603,
            "f1-score": 0.7166903445757862,
            "support": 2314.0
        },
        "confusion_matrix": [
            [
                558,
                358
            ],
            [
                293,
                1105
            ]
        ]
    },
    "mlp_results": {
        "Rush": {
            "precision": 0.5804263565891473,
            "recall": 0.6539301310043668,
            "f1-score": 0.6149897330595483,
            "support": 916.0
        },
        "Pass": {
            "precision": 0.7527301092043682,
            "recall": 0.6902718168812589,
            "f1-score": 0.7201492537313433,
            "support": 1398.0
        },
        "accuracy": 0.675885911840968,
        "macro avg": {
            "precision": 0.6665782328967578,
            "recall": 0.6721009739428129,
            "f1-score": 0.6675694933954458,
            "support": 2314.0
        },
        "weighted avg": {
            "precision": 0.6845234379011952,
            "recall": 0.675885911840968,
            "f1-score": 0.6785217165941937,
            "support": 2314.0
        },
        "confusion_matrix": [
            [
                599,
                317
            ],
            [
                433,
                965
            ]
        ]
    },