{
    "last_gcn_results": {
        "Rush": {
            "precision": 0.6703703703703704,
            "recall": 0.7903930131004366,
            "f1-score": 0.7254509018036072,
            "support": 916.0
        },
        "Pass": {
            "precision": 0.7446808510638298,
            "recall": 0.611353711790393,
            "f1-score": 0.6714628297362111,
            "support": 916.0
        },
        "accuracy": 0.7008733624454149,
        "macro avg": {
            "precision": 0.7075256107171001,
            "recall": 0.7008733624454149,
            "f1-score": 0.6984568657699091,
            "support": 1832.0
        },
        "weighted avg": {
            "precision": 0.7075256107171001,
            "recall": 0.7008733624454149,
            "f1-score": 0.6984568657699091,
            "support": 1832.0
        },
        "confusion_matrix": [
            [
                724,
                192
            ],
            [
                356,
                560
            ]
        ]
    },
    "best_gcn_results": {
        "Rush": {
            "precision": 0.6703703703703704,
            "recall": 0.7903930131004366,
            "f1-score": 0.7254509018036072,
            "support": 916.0
        },
        "Pass": {
            "precision": 0.7446808510638298,
            "recall": 0.611353711790393,
            "f1-score": 0.6714628297362111,
            "support": 916.0
        },
        "accuracy": 0.7008733624454149,
        "macro avg": {
            "precision": 0.7075256107171001,
            "recall": 0.7008733624454149,
            "f1-score": 0.6984568657699091,
            "support": 1832.0
        },
        "weighted avg": {
            "precision": 0.7075256107171001,
            "recall": 0.7008733624454149,
            "f1-score": 0.6984568657699091,
            "support": 1832.0
        },
        "confusion_matrix": [
            [
                724,
                192
            ],
            [
                356,
                560
            ]
        ]
    },
    "rf_results": {
        "Rush": {
            "precision": 0.6817743490838959,
            "recall": 0.7718340611353712,
            "f1-score": 0.7240143369175627,
            "support": 916.0
        },
        "Pass": {
            "precision": 0.7371069182389937,
            "recall": 0.6397379912663755,
            "f1-score": 0.684979544126242,
            "support": 916.0
        },
        "accuracy": 0.7057860262008734,
        "macro avg": {
            "precision": 0.7094406336614447,
            "recall": 0.7057860262008734,
            "f1-score": 0.7044969405219024,
            "support": 1832.0
        },
        "weighted avg": {
            "precision": 0.7094406336614447,
            "recall": 0.7057860262008734,
            "f1-score": 0.7044969405219024,
            "support": 1832.0
        },
        "confusion_matrix": [
            [
                707,
                209
            ],
            [
                330,
                586
            ]
        ]
    },
    "mlp_results": {
        "Rush": {
            "precision": 0.6615384615384615,
            "recall": 0.7041484716157205,
            "f1-score": 0.6821787414066631,
            "support": 916.0
        },
        "Pass": {
            "precision": 0.6837806301050176,
            "recall": 0.6397379912663755,
            "f1-score": 0.6610265087422448,
            "support": 916.0
        },
        "accuracy": 0.6719432314410481,
        "macro avg": {
            "precision": 0.6726595458217395,
            "recall": 0.6719432314410481,
            "f1-score": 0.671602625074454,
            "support": 1832.0
        },
        "weighted avg": {
            "precision": 0.6726595458217395,
            "recall": 0.6719432314410481,
            "f1-score": 0.671602625074454,
            "support": 1832.0
        },
        "confusion_matrix": [
            [
                645,
                271
            ],
            [
                330,
                586
            ]
        ]
    },