{
    "last_gcn_results": {
        "Rush": {
            "precision": 0.639063906390639,
            "recall": 0.7751091703056768,
            "f1-score": 0.7005426739023187,
            "support": 916.0
        },
        "Pass": {
            "precision": 0.828761429758936,
            "recall": 0.7131616595135909,
            "f1-score": 0.7666282199154172,
            "support": 1398.0
        },
        "accuracy": 0.7376836646499568,
        "macro avg": {
            "precision": 0.7339126680747875,
            "recall": 0.7441354149096339,
            "f1-score": 0.733585446908868,
            "support": 2314.0
        },
        "weighted avg": {
            "precision": 0.7536694110012178,
            "recall": 0.7376836646499568,
            "f1-score": 0.7404681679932054,
            "support": 2314.0
        },
        "confusion_matrix": [
            [
                710,
                206
            ],
            [
                401,
                997
            ]
        ]
    },
    "best_gcn_results": {
        "Rush": {
            "precision": 0.639063906390639,
            "recall": 0.7751091703056768,
            "f1-score": 0.7005426739023187,
            "support": 916.0
        },
        "Pass": {
            "precision": 0.828761429758936,
            "recall": 0.7131616595135909,
            "f1-score": 0.7666282199154172,
            "support": 1398.0
        },
        "accuracy": 0.7376836646499568,
        "macro avg": {
            "precision": 0.7339126680747875,
            "recall": 0.7441354149096339,
            "f1-score": 0.733585446908868,
            "support": 2314.0
        },
        "weighted avg": {
            "precision": 0.7536694110012178,
            "recall": 0.7376836646499568,
            "f1-score": 0.7404681679932054,
            "support": 2314.0
        },
        "confusion_matrix": [
            [
                710,
                206
            ],
            [
                401,
                997
            ]
        ]
    },
    "rf_results": {
        "Rush": {
            "precision": 0.6991676575505351,
            "recall": 0.6419213973799127,
            "f1-score": 0.6693227091633466,
            "support": 916.0
        },
        "Pass": {
            "precision": 0.7773251866938221,
            "recall": 0.8190271816881259,
            "f1-score": 0.7976314872866597,
            "support": 1398.0
        },
        "accuracy": 0.7489196197061365,
        "macro avg": {
            "precision": 0.7382464221221786,
            "recall": 0.7304742895340193,
            "f1-score": 0.7334770982250032,
            "support": 2314.0
        },
        "weighted avg": {
            "precision": 0.7463864240770326,
            "recall": 0.7489196197061365,
            "f1-score": 0.7468402855749247,
            "support": 2314.0
        },
        "confusion_matrix": [
            [
                588,
                328
            ],
            [
                253,
                1145
            ]
        ]
    },
    "mlp_results": {
        "Rush": {
            "precision": 0.6267441860465116,
            "recall": 0.5884279475982532,
            "f1-score": 0.6069819819819819,
            "support": 916.0
        },
        "Pass": {
            "precision": 0.7407152682255846,
            "recall": 0.7703862660944206,
            "f1-score": 0.7552594670406733,
            "support": 1398.0
        },
        "accuracy": 0.6983578219533275,
        "macro avg": {
            "precision": 0.6837297271360481,
            "recall": 0.679407106846337,
            "f1-score": 0.6811207245113275,
            "support": 2314.0
        },
        "weighted avg": {
            "precision": 0.6955996626611807,
            "recall": 0.6983578219533275,
            "f1-score": 0.6965636259370599,
            "support": 2314.0
        },
        "confusion_matrix": [
            [
                539,
                377
            ],
            [
                321,
                1077
            ]
        ]
    },