{
    "last_gcn_results": {
        "Rush": {
            "precision": 0.6433566433566433,
            "recall": 0.6026200873362445,
            "f1-score": 0.6223224351747464,
            "support": 916.0
        },
        "Pass": {
            "precision": 0.75,
            "recall": 0.7811158798283262,
            "f1-score": 0.7652417659425368,
            "support": 1398.0
        },
        "accuracy": 0.7104580812445981,
        "macro avg": {
            "precision": 0.6966783216783217,
            "recall": 0.6918679835822854,
            "f1-score": 0.6937821005586415,
            "support": 2314.0
        },
        "weighted avg": {
            "precision": 0.7077850844056549,
            "recall": 0.7104580812445981,
            "f1-score": 0.7086669573931434,
            "support": 2314.0
        },
        "confusion_matrix": [
            [
                552,
                364
            ],
            [
                306,
                1092
            ]
        ]
    },
    "best_gcn_results": {
        "Rush": {
            "precision": 0.6433566433566433,
            "recall": 0.6026200873362445,
            "f1-score": 0.6223224351747464,
            "support": 916.0
        },
        "Pass": {
            "precision": 0.75,
            "recall": 0.7811158798283262,
            "f1-score": 0.7652417659425368,
            "support": 1398.0
        },
        "accuracy": 0.7104580812445981,
        "macro avg": {
            "precision": 0.6966783216783217,
            "recall": 0.6918679835822854,
            "f1-score": 0.6937821005586415,
            "support": 2314.0
        },
        "weighted avg": {
            "precision": 0.7077850844056549,
            "recall": 0.7104580812445981,
            "f1-score": 0.7086669573931434,
            "support": 2314.0
        },
        "confusion_matrix": [
            [
                552,
                364
            ],
            [
                306,
                1092
            ]
        ]
    },
    "rf_results": {
        "Rush": {
            "precision": 0.6573099415204678,
            "recall": 0.6135371179039302,
            "f1-score": 0.6346696781479391,
            "support": 916.0
        },
        "Pass": {
            "precision": 0.7573680603152845,
            "recall": 0.790414878397711,
            "f1-score": 0.7735386769338467,
            "support": 1398.0
        },
        "accuracy": 0.7203975799481418,
        "macro avg": {
            "precision": 0.7073390009178762,
            "recall": 0.7019759981508206,
            "f1-score": 0.7041041775408929,
            "support": 2314.0
        },
        "weighted avg": {
            "precision": 0.7177599199453398,
            "recall": 0.7203975799481418,
            "f1-score": 0.7185671977255962,
            "support": 2314.0
        },
        "confusion_matrix": [
            [
                562,
                354
            ],
            [
                293,
                1105
            ]
        ]
    },
    "mlp_results": {
        "Rush": {
            "precision": 0.5855181023720349,
            "recall": 0.5120087336244541,
            "f1-score": 0.5463016889924287,
            "support": 916.0
        },
        "Pass": {
            "precision": 0.7045604758757436,
            "recall": 0.7625178826895566,
            "f1-score": 0.7323943661971831,
            "support": 1398.0
        },
        "accuracy": 0.6633535004321521,
        "macro avg": {
            "precision": 0.6450392891238892,
            "recall": 0.6372633081570054,
            "f1-score": 0.6393480275948059,
            "support": 2314.0
        },
        "weighted avg": {
            "precision": 0.6574373928466177,
            "recall": 0.6633535004321521,
            "f1-score": 0.6587293306226131,
            "support": 2314.0
        },
        "confusion_matrix": [
            [
                469,
                447
            ],
            [
                332,
                1066
            ]
        ]
    },