{
    "last_gcn_results": {
        "Rush": {
            "precision": 0.7062937062937062,
            "recall": 0.7718340611353712,
            "f1-score": 0.7376108502869066,
            "support": 916.0
        },
        "Pass": {
            "precision": 0.8408225437928408,
            "recall": 0.7896995708154506,
            "f1-score": 0.8144596090003688,
            "support": 1398.0
        },
        "accuracy": 0.7826274848746759,
        "macro avg": {
            "precision": 0.7735581250432735,
            "recall": 0.7807668159754109,
            "f1-score": 0.7760352296436377,
            "support": 2314.0
        },
        "weighted avg": {
            "precision": 0.7875691232443502,
            "recall": 0.7826274848746759,
            "f1-score": 0.784038924911548,
            "support": 2314.0
        },
        "confusion_matrix": [
            [
                707,
                209
            ],
            [
                294,
                1104
            ]
        ]
    },
    "best_gcn_results": {
        "Rush": {
            "precision": 0.7062937062937062,
            "recall": 0.7718340611353712,
            "f1-score": 0.7376108502869066,
            "support": 916.0
        },
        "Pass": {
            "precision": 0.8408225437928408,
            "recall": 0.7896995708154506,
            "f1-score": 0.8144596090003688,
            "support": 1398.0
        },
        "accuracy": 0.7826274848746759,
        "macro avg": {
            "precision": 0.7735581250432735,
            "recall": 0.7807668159754109,
            "f1-score": 0.7760352296436377,
            "support": 2314.0
        },
        "weighted avg": {
            "precision": 0.7875691232443502,
            "recall": 0.7826274848746759,
            "f1-score": 0.784038924911548,
            "support": 2314.0
        },
        "confusion_matrix": [
            [
                707,
                209
            ],
            [
                294,
                1104
            ]
        ]
    },
    "rf_results": {
        "Rush": {
            "precision": 0.692992213570634,
            "recall": 0.6801310043668122,
            "f1-score": 0.6865013774104683,
            "support": 916.0
        },
        "Pass": {
            "precision": 0.7929328621908127,
            "recall": 0.8025751072961373,
            "f1-score": 0.7977248489157484,
            "support": 1398.0
        },
        "accuracy": 0.7541054451166811,
        "macro avg": {
            "precision": 0.7429625378807234,
            "recall": 0.7413530558314747,
            "f1-score": 0.7421131131631084,
            "support": 2314.0
        },
        "weighted avg": {
            "precision": 0.75337122254687,
            "recall": 0.7541054451166811,
            "f1-score": 0.7536968887174612,
            "support": 2314.0
        },
        "confusion_matrix": [
            [
                623,
                293
            ],
            [
                276,
                1122
            ]
        ]
    },
    "mlp_results": {
        "Rush": {
            "precision": 0.6243496357960457,
            "recall": 0.6550218340611353,
            "f1-score": 0.6393180607352158,
            "support": 916.0
        },
        "Pass": {
            "precision": 0.7664449371766445,
            "recall": 0.7417739628040058,
            "f1-score": 0.7539076699382042,
            "support": 1398.0
        },
        "accuracy": 0.7074330164217805,
        "macro avg": {
            "precision": 0.6953972864863451,
            "recall": 0.6983978984325705,
            "f1-score": 0.6966128653367101,
            "support": 2314.0
        },
        "weighted avg": {
            "precision": 0.7101963217640997,
            "recall": 0.7074330164217805,
            "f1-score": 0.7085472196227603,
            "support": 2314.0
        },
        "confusion_matrix": [
            [
                600,
                316
            ],
            [
                361,
                1037
            ]
        ]
    },