{
    "last_gcn_results": {
        "Rush": {
            "precision": 0.63229078613694,
            "recall": 0.8165938864628821,
            "f1-score": 0.7127203430204859,
            "support": 916.0
        },
        "Pass": {
            "precision": 0.7411402157164869,
            "recall": 0.5251091703056768,
            "f1-score": 0.6146964856230032,
            "support": 916.0
        },
        "accuracy": 0.6708515283842795,
        "macro avg": {
            "precision": 0.6867155009267134,
            "recall": 0.6708515283842795,
            "f1-score": 0.6637084143217445,
            "support": 1832.0
        },
        "weighted avg": {
            "precision": 0.6867155009267135,
            "recall": 0.6708515283842795,
            "f1-score": 0.6637084143217445,
            "support": 1832.0
        },
        "confusion_matrix": [
            [
                748,
                168
            ],
            [
                435,
                481
            ]
        ]
    },
    "best_gcn_results": {
        "Rush": {
            "precision": 0.63229078613694,
            "recall": 0.8165938864628821,
            "f1-score": 0.7127203430204859,
            "support": 916.0
        },
        "Pass": {
            "precision": 0.7411402157164869,
            "recall": 0.5251091703056768,
            "f1-score": 0.6146964856230032,
            "support": 916.0
        },
        "accuracy": 0.6708515283842795,
        "macro avg": {
            "precision": 0.6867155009267134,
            "recall": 0.6708515283842795,
            "f1-score": 0.6637084143217445,
            "support": 1832.0
        },
        "weighted avg": {
            "precision": 0.6867155009267135,
            "recall": 0.6708515283842795,
            "f1-score": 0.6637084143217445,
            "support": 1832.0
        },
        "confusion_matrix": [
            [
                748,
                168
            ],
            [
                435,
                481
            ]
        ]
    },
    "rf_results": {
        "Rush": {
            "precision": 0.7007797270955166,
            "recall": 0.7849344978165939,
            "f1-score": 0.7404737384140062,
            "support": 916.0
        },
        "Pass": {
            "precision": 0.7555831265508685,
            "recall": 0.6648471615720524,
            "f1-score": 0.7073170731707317,
            "support": 916.0
        },
        "accuracy": 0.7248908296943232,
        "macro avg": {
            "precision": 0.7281814268231925,
            "recall": 0.7248908296943231,
            "f1-score": 0.723895405792369,
            "support": 1832.0
        },
        "weighted avg": {
            "precision": 0.7281814268231926,
            "recall": 0.7248908296943232,
            "f1-score": 0.723895405792369,
            "support": 1832.0
        },
        "confusion_matrix": [
            [
                719,
                197
            ],
            [
                307,
                609
            ]
        ]
    },
    "mlp_results": {
        "Rush": {
            "precision": 0.659043659043659,
            "recall": 0.6921397379912664,
            "f1-score": 0.6751863684771033,
            "support": 916.0
        },
        "Pass": {
            "precision": 0.6758620689655173,
            "recall": 0.6419213973799127,
            "f1-score": 0.658454647256439,
            "support": 916.0
        },
        "accuracy": 0.6670305676855895,
        "macro avg": {
            "precision": 0.6674528640045881,
            "recall": 0.6670305676855895,
            "f1-score": 0.6668205078667712,
            "support": 1832.0
        },
        "weighted avg": {
            "precision": 0.667452864004588,
            "recall": 0.6670305676855895,
            "f1-score": 0.6668205078667712,
            "support": 1832.0
        },
        "confusion_matrix": [
            [
                634,
                282
            ],
            [
                328,
                588
            ]
        ]
    },