{
    "last_gcn_results": {
        "Rush": {
            "precision": 0.653,
            "recall": 0.712882096069869,
            "f1-score": 0.6816283924843424,
            "support": 916.0
        },
        "Pass": {
            "precision": 0.799847792998478,
            "recall": 0.751788268955651,
            "f1-score": 0.7750737463126843,
            "support": 1398.0
        },
        "accuracy": 0.7363872082973206,
        "macro avg": {
            "precision": 0.726423896499239,
            "recall": 0.73233518251276,
            "f1-score": 0.7283510693985134,
            "support": 2314.0
        },
        "weighted avg": {
            "precision": 0.7417178974122179,
            "recall": 0.7363872082973206,
            "f1-score": 0.7380832778136518,
            "support": 2314.0
        },
        "confusion_matrix": [
            [
                653,
                263
            ],
            [
                347,
                1051
            ]
        ]
    },
    "best_gcn_results": {
        "Rush": {
            "precision": 0.653,
            "recall": 0.712882096069869,
            "f1-score": 0.6816283924843424,
            "support": 916.0
        },
        "Pass": {
            "precision": 0.799847792998478,
            "recall": 0.751788268955651,
            "f1-score": 0.7750737463126843,
            "support": 1398.0
        },
        "accuracy": 0.7363872082973206,
        "macro avg": {
            "precision": 0.726423896499239,
            "recall": 0.73233518251276,
            "f1-score": 0.7283510693985134,
            "support": 2314.0
        },
        "weighted avg": {
            "precision": 0.7417178974122179,
            "recall": 0.7363872082973206,
            "f1-score": 0.7380832778136518,
            "support": 2314.0
        },
        "confusion_matrix": [
            [
                653,
                263
            ],
            [
                347,
                1051
            ]
        ]
    },
    "rf_results": {
        "Rush": {
            "precision": 0.6535341830822712,
            "recall": 0.6157205240174672,
            "f1-score": 0.6340640809443507,
            "support": 916.0
        },
        "Pass": {
            "precision": 0.757408683666437,
            "recall": 0.7861230329041488,
            "f1-score": 0.7714987714987716,
            "support": 1398.0
        },
        "accuracy": 0.7186689714779603,
        "macro avg": {
            "precision": 0.7054714333743541,
            "recall": 0.7009217784608079,
            "f1-score": 0.7027814262215611,
            "support": 2314.0
        },
        "weighted avg": {
            "precision": 0.7162898234524803,
            "recall": 0.7186689714779603,
            "f1-score": 0.7170950651254572,
            "support": 2314.0
        },
        "confusion_matrix": [
            [
                564,
                352
            ],
            [
                299,
                1099
            ]
        ]
    },
    "mlp_results": {
        "Rush": {
            "precision": 0.5868852459016394,
            "recall": 0.5862445414847162,
            "f1-score": 0.5865647187329328,
            "support": 916.0
        },
        "Pass": {
            "precision": 0.7290922087205146,
            "recall": 0.7296137339055794,
            "f1-score": 0.7293528780836611,
            "support": 1398.0
        },
        "accuracy": 0.6728608470181504,
        "macro avg": {
            "precision": 0.6579887273110769,
            "recall": 0.6579291376951477,
            "f1-score": 0.657958798408297,
            "support": 2314.0
        },
        "weighted avg": {
            "precision": 0.6727993919780385,
            "recall": 0.6728608470181504,
            "f1-score": 0.6728299939154384,
            "support": 2314.0
        },
        "confusion_matrix": [
            [
                537,
                379
            ],
            [
                378,
                1020
            ]
        ]
    },