{
    "last_gcn_results": {
        "Rush": {
            "precision": 0.6740172579098753,
            "recall": 0.767467248908297,
            "f1-score": 0.7177131189382338,
            "support": 916.0
        },
        "Pass": {
            "precision": 0.7300380228136882,
            "recall": 0.62882096069869,
            "f1-score": 0.6756598240469208,
            "support": 916.0
        },
        "accuracy": 0.6981441048034934,
        "macro avg": {
            "precision": 0.7020276403617818,
            "recall": 0.6981441048034935,
            "f1-score": 0.6966864714925773,
            "support": 1832.0
        },
        "weighted avg": {
            "precision": 0.7020276403617818,
            "recall": 0.6981441048034934,
            "f1-score": 0.6966864714925773,
            "support": 1832.0
        },
        "confusion_matrix": [
            [
                703,
                213
            ],
            [
                340,
                576
            ]
        ]
    },
    "best_gcn_results": {
        "Rush": {
            "precision": 0.6740172579098753,
            "recall": 0.767467248908297,
            "f1-score": 0.7177131189382338,
            "support": 916.0
        },
        "Pass": {
            "precision": 0.7300380228136882,
            "recall": 0.62882096069869,
            "f1-score": 0.6756598240469208,
            "support": 916.0
        },
        "accuracy": 0.6981441048034934,
        "macro avg": {
            "precision": 0.7020276403617818,
            "recall": 0.6981441048034935,
            "f1-score": 0.6966864714925773,
            "support": 1832.0
        },
        "weighted avg": {
            "precision": 0.7020276403617818,
            "recall": 0.6981441048034934,
            "f1-score": 0.6966864714925773,
            "support": 1832.0
        },
        "confusion_matrix": [
            [
                703,
                213
            ],
            [
                340,
                576
            ]
        ]
    },
    "rf_results": {
        "Rush": {
            "precision": 0.6876208897485493,
            "recall": 0.7762008733624454,
            "f1-score": 0.7292307692307692,
            "support": 916.0
        },
        "Pass": {
            "precision": 0.7431077694235589,
            "recall": 0.6473799126637555,
            "f1-score": 0.691948658109685,
            "support": 916.0
        },
        "accuracy": 0.7117903930131004,
        "macro avg": {
            "precision": 0.7153643295860541,
            "recall": 0.7117903930131004,
            "f1-score": 0.710589713670227,
            "support": 1832.0
        },
        "weighted avg": {
            "precision": 0.7153643295860542,
            "recall": 0.7117903930131004,
            "f1-score": 0.710589713670227,
            "support": 1832.0
        },
        "confusion_matrix": [
            [
                711,
                205
            ],
            [
                323,
                593
            ]
        ]
    },
    "mlp_results": {
        "Rush": {
            "precision": 0.6656472986748216,
            "recall": 0.712882096069869,
            "f1-score": 0.6884554559831313,
            "support": 916.0
        },
        "Pass": {
            "precision": 0.690951821386604,
            "recall": 0.6419213973799127,
            "f1-score": 0.66553480475382,
            "support": 916.0
        },
        "accuracy": 0.6774017467248908,
        "macro avg": {
            "precision": 0.6782995600307129,
            "recall": 0.6774017467248908,
            "f1-score": 0.6769951303684756,
            "support": 1832.0
        },
        "weighted avg": {
            "precision": 0.6782995600307128,
            "recall": 0.6774017467248908,
            "f1-score": 0.6769951303684756,
            "support": 1832.0
        },
        "confusion_matrix": [
            [
                653,
                263
            ],
            [
                328,
                588
            ]
        ]
    },