{
    "last_gcn_results": {
        "Rush": {
            "precision": 0.6614963503649635,
            "recall": 0.7914847161572053,
            "f1-score": 0.7206759443339961,
            "support": 916.0
        },
        "Pass": {
            "precision": 0.7404891304347826,
            "recall": 0.5949781659388647,
            "f1-score": 0.6598062953995157,
            "support": 916.0
        },
        "accuracy": 0.6932314410480349,
        "macro avg": {
            "precision": 0.700992740399873,
            "recall": 0.6932314410480349,
            "f1-score": 0.690241119866756,
            "support": 1832.0
        },
        "weighted avg": {
            "precision": 0.700992740399873,
            "recall": 0.6932314410480349,
            "f1-score": 0.6902411198667558,
            "support": 1832.0
        },
        "confusion_matrix": [
            [
                725,
                191
            ],
            [
                371,
                545
            ]
        ]
    },
    "best_gcn_results": {
        "Rush": {
            "precision": 0.6614963503649635,
            "recall": 0.7914847161572053,
            "f1-score": 0.7206759443339961,
            "support": 916.0
        },
        "Pass": {
            "precision": 0.7404891304347826,
            "recall": 0.5949781659388647,
            "f1-score": 0.6598062953995157,
            "support": 916.0
        },
        "accuracy": 0.6932314410480349,
        "macro avg": {
            "precision": 0.700992740399873,
            "recall": 0.6932314410480349,
            "f1-score": 0.690241119866756,
            "support": 1832.0
        },
        "weighted avg": {
            "precision": 0.700992740399873,
            "recall": 0.6932314410480349,
            "f1-score": 0.6902411198667558,
            "support": 1832.0
        },
        "confusion_matrix": [
            [
                725,
                191
            ],
            [
                371,
                545
            ]
        ]
    },
    "rf_results": {
        "Rush": {
            "precision": 0.6918547595682041,
            "recall": 0.769650655021834,
            "f1-score": 0.7286821705426356,
            "support": 916.0
        },
        "Pass": {
            "precision": 0.7404674046740467,
            "recall": 0.6572052401746725,
            "f1-score": 0.6963562753036437,
            "support": 916.0
        },
        "accuracy": 0.7134279475982532,
        "macro avg": {
            "precision": 0.7161610821211254,
            "recall": 0.7134279475982532,
            "f1-score": 0.7125192229231396,
            "support": 1832.0
        },
        "weighted avg": {
            "precision": 0.7161610821211254,
            "recall": 0.7134279475982532,
            "f1-score": 0.7125192229231397,
            "support": 1832.0
        },
        "confusion_matrix": [
            [
                705,
                211
            ],
            [
                314,
                602
            ]
        ]
    },
    "mlp_results": {
        "Rush": {
            "precision": 0.662839248434238,
            "recall": 0.6932314410480349,
            "f1-score": 0.6776947705442903,
            "support": 916.0
        },
        "Pass": {
            "precision": 0.6784897025171625,
            "recall": 0.6473799126637555,
            "f1-score": 0.6625698324022347,
            "support": 916.0
        },
        "accuracy": 0.6703056768558951,
        "macro avg": {
            "precision": 0.6706644754757003,
            "recall": 0.6703056768558953,
            "f1-score": 0.6701323014732625,
            "support": 1832.0
        },
        "weighted avg": {
            "precision": 0.6706644754757002,
            "recall": 0.6703056768558951,
            "f1-score": 0.6701323014732624,
            "support": 1832.0
        },
        "confusion_matrix": [
            [
                635,
                281
            ],
            [
                323,
                593
            ]
        ]
    },