{
    "last_gcn_results": {
        "Rush": {
            "precision": 0.7092896174863388,
            "recall": 0.7085152838427947,
            "f1-score": 0.7089022392135446,
            "support": 916.0
        },
        "Pass": {
            "precision": 0.8091493924231594,
            "recall": 0.8097281831187411,
            "f1-score": 0.8094386843046121,
            "support": 1398.0
        },
        "accuracy": 0.7696629213483146,
        "macro avg": {
            "precision": 0.7592195049547491,
            "recall": 0.7591217334807678,
            "f1-score": 0.7591704617590783,
            "support": 2314.0
        },
        "weighted avg": {
            "precision": 0.7696197667351181,
            "recall": 0.7696629213483146,
            "f1-score": 0.7696411978294962,
            "support": 2314.0
        },
        "confusion_matrix": [
            [
                649,
                267
            ],
            [
                266,
                1132
            ]
        ]
    },
    "best_gcn_results": {
        "Rush": {
            "precision": 0.7092896174863388,
            "recall": 0.7085152838427947,
            "f1-score": 0.7089022392135446,
            "support": 916.0
        },
        "Pass": {
            "precision": 0.8091493924231594,
            "recall": 0.8097281831187411,
            "f1-score": 0.8094386843046121,
            "support": 1398.0
        },
        "accuracy": 0.7696629213483146,
        "macro avg": {
            "precision": 0.7592195049547491,
            "recall": 0.7591217334807678,
            "f1-score": 0.7591704617590783,
            "support": 2314.0
        },
        "weighted avg": {
            "precision": 0.7696197667351181,
            "recall": 0.7696629213483146,
            "f1-score": 0.7696411978294962,
            "support": 2314.0
        },
        "confusion_matrix": [
            [
                649,
                267
            ],
            [
                266,
                1132
            ]
        ]
    },
    "rf_results": {
        "Rush": {
            "precision": 0.6777041942604857,
            "recall": 0.6703056768558951,
            "f1-score": 0.6739846322722283,
            "support": 916.0
        },
        "Pass": {
            "precision": 0.7855113636363636,
            "recall": 0.7911301859799714,
            "f1-score": 0.7883107626514612,
            "support": 1398.0
        },
        "accuracy": 0.7433016421780466,
        "macro avg": {
            "precision": 0.7316077789484247,
            "recall": 0.7307179314179333,
            "f1-score": 0.7311476974618447,
            "support": 2314.0
        },
        "weighted avg": {
            "precision": 0.7428357512127232,
            "recall": 0.7433016421780466,
            "f1-score": 0.7430546107813759,
            "support": 2314.0
        },
        "confusion_matrix": [
            [
                614,
                302
            ],
            [
                292,
                1106
            ]
        ]
    },
    "mlp_results": {
        "Rush": {
            "precision": 0.6172300981461287,
            "recall": 0.6179039301310044,
            "f1-score": 0.6175668303327878,
            "support": 916.0
        },
        "Pass": {
            "precision": 0.7494631352899069,
            "recall": 0.7489270386266095,
            "f1-score": 0.7491949910554562,
            "support": 1398.0
        },
        "accuracy": 0.6970613656006914,
        "macro avg": {
            "precision": 0.6833466167180178,
            "recall": 0.683415484378807,
            "f1-score": 0.683380910694122,
            "support": 2314.0
        },
        "weighted avg": {
            "precision": 0.6971185103877026,
            "recall": 0.6970613656006914,
            "f1-score": 0.6970898072948839,
            "support": 2314.0
        },
        "confusion_matrix": [
            [
                566,
                350
            ],
            [
                351,
                1047
            ]
        ]
    },