{
    "last_gcn_results": {
        "Rush": {
            "precision": 0.6272401433691757,
            "recall": 0.7641921397379913,
            "f1-score": 0.6889763779527559,
            "support": 916.0
        },
        "Pass": {
            "precision": 0.8196994991652755,
            "recall": 0.7024320457796852,
            "f1-score": 0.7565485362095532,
            "support": 1398.0
        },
        "accuracy": 0.7268798617113224,
        "macro avg": {
            "precision": 0.7234698212672256,
            "recall": 0.7333120927588382,
            "f1-score": 0.7227624570811546,
            "support": 2314.0
        },
        "weighted avg": {
            "precision": 0.7435142053410632,
            "recall": 0.7268798617113224,
            "f1-score": 0.7298000068391011,
            "support": 2314.0
        },
        "confusion_matrix": [
            [
                700,
                216
            ],
            [
                416,
                982
            ]
        ]
    },
    "best_gcn_results": {
        "Rush": {
            "precision": 0.6272401433691757,
            "recall": 0.7641921397379913,
            "f1-score": 0.6889763779527559,
            "support": 916.0
        },
        "Pass": {
            "precision": 0.8196994991652755,
            "recall": 0.7024320457796852,
            "f1-score": 0.7565485362095532,
            "support": 1398.0
        },
        "accuracy": 0.7268798617113224,
        "macro avg": {
            "precision": 0.7234698212672256,
            "recall": 0.7333120927588382,
            "f1-score": 0.7227624570811546,
            "support": 2314.0
        },
        "weighted avg": {
            "precision": 0.7435142053410632,
            "recall": 0.7268798617113224,
            "f1-score": 0.7298000068391011,
            "support": 2314.0
        },
        "confusion_matrix": [
            [
                700,
                216
            ],
            [
                416,
                982
            ]
        ]
    },
    "rf_results": {
        "Rush": {
            "precision": 0.6967113276492083,
            "recall": 0.6244541484716157,
            "f1-score": 0.6586067933218193,
            "support": 916.0
        },
        "Pass": {
            "precision": 0.769591426657736,
            "recall": 0.8218884120171673,
            "f1-score": 0.7948806641300588,
            "support": 1398.0
        },
        "accuracy": 0.743733794295592,
        "macro avg": {
            "precision": 0.7331513771534721,
            "recall": 0.7231712802443915,
            "f1-score": 0.7267437287259391,
            "support": 2314.0
        },
        "weighted avg": {
            "precision": 0.7407417418298141,
            "recall": 0.743733794295592,
            "f1-score": 0.7409364698083875,
            "support": 2314.0
        },
        "confusion_matrix": [
            [
                572,
                344
            ],
            [
                249,
                1149
            ]
        ]
    },
    "mlp_results": {
        "Rush": {
            "precision": 0.6205250596658711,
            "recall": 0.5676855895196506,
            "f1-score": 0.5929304446978335,
            "support": 916.0
        },
        "Pass": {
            "precision": 0.7317073170731707,
            "recall": 0.7725321888412017,
            "f1-score": 0.7515657620041754,
            "support": 1398.0
        },
        "accuracy": 0.6914433880726015,
        "macro avg": {
            "precision": 0.6761161883695209,
            "recall": 0.6701088891804261,
            "f1-score": 0.6722481033510044,
            "support": 2314.0
        },
        "weighted avg": {
            "precision": 0.6876956715307825,
            "recall": 0.6914433880726015,
            "f1-score": 0.6887697591292363,
            "support": 2314.0
        },
        "confusion_matrix": [
            [
                520,
                396
            ],
            [
                318,
                1080
            ]
        ]
    },