{
    "last_gcn_results": {
        "Rush": {
            "precision": 0.41025641025641024,
            "recall": 0.5981308411214953,
            "f1-score": 0.4866920152091255,
            "support": 107.0
        },
        "Pass": {
            "precision": 0.656,
            "recall": 0.47126436781609193,
            "f1-score": 0.5484949832775919,
            "support": 174.0
        },
        "accuracy": 0.5195729537366548,
        "macro avg": {
            "precision": 0.5331282051282051,
            "recall": 0.5346976044687937,
            "f1-score": 0.5175934992433587,
            "support": 281.0
        },
        "weighted avg": {
            "precision": 0.5624250387809108,
            "recall": 0.5195729537366548,
            "f1-score": 0.524961468746183,
            "support": 281.0
        },
        "confusion_matrix": [
            [
                64,
                43
            ],
            [
                92,
                82
            ]
        ]
    },
    "best_gcn_results": {
        "Rush": {
            "precision": 0.41025641025641024,
            "recall": 0.5981308411214953,
            "f1-score": 0.4866920152091255,
            "support": 107.0
        },
        "Pass": {
            "precision": 0.656,
            "recall": 0.47126436781609193,
            "f1-score": 0.5484949832775919,
            "support": 174.0
        },
        "accuracy": 0.5195729537366548,
        "macro avg": {
            "precision": 0.5331282051282051,
            "recall": 0.5346976044687937,
            "f1-score": 0.5175934992433587,
            "support": 281.0
        },
        "weighted avg": {
            "precision": 0.5624250387809108,
            "recall": 0.5195729537366548,
            "f1-score": 0.524961468746183,
            "support": 281.0
        },
        "confusion_matrix": [
            [
                64,
                43
            ],
            [
                92,
                82
            ]
        ]
    },
    "rf_results": {
        "Rush": {
            "precision": 0.6190476190476191,
            "recall": 0.48598130841121495,
            "f1-score": 0.5445026178010471,
            "support": 107.0
        },
        "Pass": {
            "precision": 0.7208121827411168,
            "recall": 0.8160919540229885,
            "f1-score": 0.7654986522911051,
            "support": 174.0
        },
        "accuracy": 0.6903914590747331,
        "macro avg": {
            "precision": 0.669929900894368,
            "recall": 0.6510366312171018,
            "f1-score": 0.6550006350460762,
            "support": 281.0
        },
        "weighted avg": {
            "precision": 0.6820619752136995,
            "recall": 0.6903914590747331,
            "f1-score": 0.6813471373785208,
            "support": 281.0
        },
        "confusion_matrix": [
            [
                52,
                55
            ],
            [
                32,
                142
            ]
        ]
    },
    "mlp_results": {
        "Rush": {
            "precision": 0.5087719298245614,
            "recall": 0.5420560747663551,
            "f1-score": 0.5248868778280543,
            "support": 107.0
        },
        "Pass": {
            "precision": 0.7065868263473054,
            "recall": 0.6781609195402298,
            "f1-score": 0.6920821114369502,
            "support": 174.0
        },
        "accuracy": 0.6263345195729537,
        "macro avg": {
            "precision": 0.6076793780859334,
            "recall": 0.6101084971532924,
            "f1-score": 0.6084844946325023,
            "support": 281.0
        },
        "weighted avg": {
            "precision": 0.6312622927959403,
            "recall": 0.6263345195729536,
            "f1-score": 0.6284170224826732,
            "support": 281.0
        },
        "confusion_matrix": [
            [
                58,
                49
            ],
            [
                56,
                118
            ]
        ]
    },
    "train_losses": [
        0.8939974668214647,
        0.7341140602990021,
        0.43001009234421544,
        0.37542700252944616,
        0.3120836594121919,
        0.26256795581296194,
        0.1931586985965427,
        0.14339821372958397,
        0.09863124777087205,
        0.07948652188554942,
        0.07836169990704214,
        0.05582080084642918,
        0.05275229219910052,
        0.043588255592387354,
        0.042498568193518,
        0.038418006125113945,
        0.03441199767503807,
        0.03157231018697615,
        0.0347314397636935,
        0.03991950351557286
    ],
    "val_losses": [
        0.8935111980423549,
        0.44571754288177845,
        0.2022670344998049,
        0.18306835767762122,
        0.1315672581153617,
        0.11506139598872865,
        0.09447875905716024,
        0.08214909714676033,
        0.03476821720095393,
        0.03715120649411185,
        0.027615364098934322,
        0.0403120890317099,
        0.03243706206159467,
        0.023988593166107578,
        0.025858349117340723,
        0.022927293463612265,
        0.022954085957921404,
        0.024221940532475825,
        0.02378468719053672,
        0.0236391125962402
    ],
    "config": {
        "FILES": {
            "WEEKS_TO_READ": [
                1
            ],
            "INPUT_PATH": "data/raw",
            "RESULTS_PATH": "output/results",
            "GRAPHS_PATH": "data/graphs"
        },
        "GCN": {
            "EPOCHS": 20,
            "HIDDEN_CHANNELS": 64,
            "HIDDEN_LAYERS": 2,
            "LEARNING_RATE": 0.001,
            "DROPOUT": 0.2,
            "WEIGHT_DECAY": 0.0005,
            "OPTIMIZER": "adamw",
            "WARMUP_EPOCHS": 5,
            "EARLY_STOP_PATIENCE": 50,
            "MIN_DELTA": 0.001
        },
        "RF": {
            "N_ESTIMATORS": 100
        },
        "MLP": {
            "HIDDEN_CHANNELS": 64,
            "HIDDEN_LAYERS": 2,
            "MAX_ITER": 3000,
            "LEARNING_RATE": 0.01,
            "ALPHA": 0.0005
        },
        "DATASET": {
            "VALIDATION_SPLIT": 0.7,
            "TEST_SPLIT": 0.15,
            "TRAIN_SPLIT": 0.15
        },
        "RANDOM_SEED": 1,
        "SHOW_INFO": true,
        "EDGE_STRATEGY": "DELAUNAY",
        "DOWN_SAMPLE": false,
        "FORCE_REBUILD": true,
        "N": 2
    }
}