{
    "last_gcn_results": {
        "Rush": {
            "precision": 0.5514705882352942,
            "recall": 0.7075471698113207,
            "f1-score": 0.6198347107438017,
            "support": 106.0
        },
        "Pass": {
            "precision": 0.5921052631578947,
            "recall": 0.42452830188679247,
            "f1-score": 0.4945054945054945,
            "support": 106.0
        },
        "accuracy": 0.5660377358490566,
        "macro avg": {
            "precision": 0.5717879256965944,
            "recall": 0.5660377358490566,
            "f1-score": 0.5571701026246481,
            "support": 212.0
        },
        "weighted avg": {
            "precision": 0.5717879256965944,
            "recall": 0.5660377358490566,
            "f1-score": 0.5571701026246482,
            "support": 212.0
        },
        "confusion_matrix": [
            [
                75,
                31
            ],
            [
                61,
                45
            ]
        ]
    },
    "best_gcn_results": {
        "Rush": {
            "precision": 0.5514705882352942,
            "recall": 0.7075471698113207,
            "f1-score": 0.6198347107438017,
            "support": 106.0
        },
        "Pass": {
            "precision": 0.5921052631578947,
            "recall": 0.42452830188679247,
            "f1-score": 0.4945054945054945,
            "support": 106.0
        },
        "accuracy": 0.5660377358490566,
        "macro avg": {
            "precision": 0.5717879256965944,
            "recall": 0.5660377358490566,
            "f1-score": 0.5571701026246481,
            "support": 212.0
        },
        "weighted avg": {
            "precision": 0.5717879256965944,
            "recall": 0.5660377358490566,
            "f1-score": 0.5571701026246482,
            "support": 212.0
        },
        "confusion_matrix": [
            [
                75,
                31
            ],
            [
                61,
                45
            ]
        ]
    },
    "rf_results": {
        "Rush": {
            "precision": 0.6730769230769231,
            "recall": 0.660377358490566,
            "f1-score": 0.6666666666666666,
            "support": 106.0
        },
        "Pass": {
            "precision": 0.6666666666666666,
            "recall": 0.6792452830188679,
            "f1-score": 0.6728971962616822,
            "support": 106.0
        },
        "accuracy": 0.6698113207547169,
        "macro avg": {
            "precision": 0.6698717948717949,
            "recall": 0.6698113207547169,
            "f1-score": 0.6697819314641744,
            "support": 212.0
        },
        "weighted avg": {
            "precision": 0.6698717948717948,
            "recall": 0.6698113207547169,
            "f1-score": 0.6697819314641744,
            "support": 212.0
        },
        "confusion_matrix": [
            [
                70,
                36
            ],
            [
                34,
                72
            ]
        ]
    },
    "mlp_results": {
        "Rush": {
            "precision": 0.7053571428571429,
            "recall": 0.7452830188679245,
            "f1-score": 0.7247706422018348,
            "support": 106.0
        },
        "Pass": {
            "precision": 0.73,
            "recall": 0.6886792452830188,
            "f1-score": 0.7087378640776699,
            "support": 106.0
        },
        "accuracy": 0.7169811320754716,
        "macro avg": {
            "precision": 0.7176785714285714,
            "recall": 0.7169811320754716,
            "f1-score": 0.7167542531397524,
            "support": 212.0
        },
        "weighted avg": {
            "precision": 0.7176785714285715,
            "recall": 0.7169811320754716,
            "f1-score": 0.7167542531397524,
            "support": 212.0
        },
        "confusion_matrix": [
            [
                79,
                27
            ],
            [
                33,
                73
            ]
        ]
    },
    "train_losses": [
        0.33554111069780057,
        0.16767361009024023,
        0.1071078874231354,
        0.08230167796941308,
        0.06013798544077369,
        0.040542615017270654,
        0.0351464358287129,
        0.024100035126131725,
        0.020296139688026613,
        0.01677380708174977,
        0.014995674473967978,
        0.013663301077800068,
        0.012690214425083099,
        0.012335828285876328,
        0.011639977616023242,
        0.01162327989572432,
        0.011339694685567685,
        0.011627769748854443,
        0.011381478692457928,
        0.011444838308706516
    ],
    "val_losses": [
        0.14914118568852264,
        0.03345635926948404,
        0.033735705434151414,
        0.022746554523144127,
        0.015605116509041696,
        0.01561589314127868,
        0.015355777628016922,
        0.01587081939544318,
        0.016170636100589105,
        0.015836340357672493,
        0.014273897094546625,
        0.013271479955259359,
        0.01284037783460797,
        0.012786181186730007,
        0.013012546132195671,
        0.01274022122599044,
        0.01270708975926885,
        0.012693097568907828,
        0.012745533630533039,
        0.012811947543666049
    ],
    "config": {
        "FILES": {
            "WEEKS_TO_READ": [
                1
            ],
            "INPUT_PATH": "data/raw",
            "RESULTS_PATH": "output/results",
            "GRAPHS_PATH": "data/graphs"
        },
        "GCN": {
            "EPOCHS": 20,
            "HIDDEN_CHANNELS": 64,
            "HIDDEN_LAYERS": 2,
            "LEARNING_RATE": 0.001,
            "DROPOUT": 0.2,
            "WEIGHT_DECAY": 0.0005,
            "OPTIMIZER": "adamw",
            "WARMUP_EPOCHS": 10,
            "EARLY_STOP_PATIENCE": 50,
            "MIN_DELTA": 0.001
        },
        "RF": {
            "N_ESTIMATORS": 100
        },
        "MLP": {
            "HIDDEN_CHANNELS": 64,
            "HIDDEN_LAYERS": 2,
            "MAX_ITER": 3000,
            "LEARNING_RATE": 0.01,
            "ALPHA": 0.0005
        },
        "DATASET": {
            "VALIDATION_SPLIT": 0.7,
            "TEST_SPLIT": 0.85
        },
        "RANDOM_SEED": 1,
        "SHOW_INFO": true,
        "EDGE_STRATEGY": "CLOSEST-2",
        "DOWN_SAMPLE": true
    }
}