{
    "last_gcn_results": {
        "Rush": {
            "precision": 0.0,
            "recall": 0.0,
            "f1-score": 0.0,
            "support": 0.0
        },
        "Pass": {
            "precision": 1.0,
            "recall": 0.7823908375089478,
            "f1-score": 0.8779116465863454,
            "support": 1397.0
        },
        "accuracy": 0.7823908375089478,
        "macro avg": {
            "precision": 0.5,
            "recall": 0.3911954187544739,
            "f1-score": 0.4389558232931727,
            "support": 1397.0
        },
        "weighted avg": {
            "precision": 1.0,
            "recall": 0.7823908375089478,
            "f1-score": 0.8779116465863454,
            "support": 1397.0
        },
        "confusion_matrix": [
            [
                0,
                0
            ],
            [
                304,
                1093
            ]
        ]
    },
    "best_gcn_results": {
        "Rush": {
            "precision": 0.0,
            "recall": 0.0,
            "f1-score": 0.0,
            "support": 0.0
        },
        "Pass": {
            "precision": 1.0,
            "recall": 0.7823908375089478,
            "f1-score": 0.8779116465863454,
            "support": 1397.0
        },
        "accuracy": 0.7823908375089478,
        "macro avg": {
            "precision": 0.5,
            "recall": 0.3911954187544739,
            "f1-score": 0.4389558232931727,
            "support": 1397.0
        },
        "weighted avg": {
            "precision": 1.0,
            "recall": 0.7823908375089478,
            "f1-score": 0.8779116465863454,
            "support": 1397.0
        },
        "confusion_matrix": [
            [
                0,
                0
            ],
            [
                304,
                1093
            ]
        ]
    },
    "rf_results": {
        "Rush": {
            "precision": 0.0,
            "recall": 0.0,
            "f1-score": 0.0,
            "support": 0.0
        },
        "Pass": {
            "precision": 1.0,
            "recall": 0.6306370794559771,
            "f1-score": 0.7734855136084284,
            "support": 1397.0
        },
        "accuracy": 0.6306370794559771,
        "macro avg": {
            "precision": 0.5,
            "recall": 0.31531853972798857,
            "f1-score": 0.3867427568042142,
            "support": 1397.0
        },
        "weighted avg": {
            "precision": 1.0,
            "recall": 0.6306370794559771,
            "f1-score": 0.7734855136084284,
            "support": 1397.0
        },
        "confusion_matrix": [
            [
                0,
                0
            ],
            [
                516,
                881
            ]
        ]
    },
    "mlp_results": {
        "Rush": {
            "precision": 0.0,
            "recall": 0.0,
            "f1-score": 0.0,
            "support": 0.0
        },
        "Pass": {
            "precision": 1.0,
            "recall": 0.6385110952040086,
            "f1-score": 0.7793796417649629,
            "support": 1397.0
        },
        "accuracy": 0.6385110952040086,
        "macro avg": {
            "precision": 0.5,
            "recall": 0.3192555476020043,
            "f1-score": 0.38968982088248144,
            "support": 1397.0
        },
        "weighted avg": {
            "precision": 1.0,
            "recall": 0.6385110952040086,
            "f1-score": 0.7793796417649629,
            "support": 1397.0
        },
        "confusion_matrix": [
            [
                0,
                0
            ],
            [
                505,
                892
            ]
        ]
    },
    "train_losses": [
        0.3854597601983498,
        0.13494330373548552,
        0.07038507858597332,
        0.03751726144657065,
        0.023911283470866157,
        0.017855498940342864,
        0.015058044963396024,
        0.013846447989710573,
        0.013100614748520928,
        0.012592482984283235,
        0.012186546311327855,
        0.011835564681683152,
        0.01175892130638374,
        0.0115441180525973,
        0.01151919050897439,
        0.011295901177292523,
        0.011256666497786777,
        0.011214303230827536,
        0.011189366270974102,
        0.011122818332035026,
        0.011096270597032049,
        0.011058425864597599,
        0.010988656899532753,
        0.010965480269503242,
        0.01098338856105475,
        0.010985857426808538,
        0.010914523029946955,
        0.010937611235243982,
        0.010921103090893124,
        0.010911753671215748,
        0.010874750860291603,
        0.010900614771066991,
        0.010857791681331984,
        0.010848078475930086,
        0.010884830448673184,
        0.010846867295570295,
        0.010840568805417136,
        0.010834738487034512,
        0.010819552784732208,
        0.010818558276842407,
        0.01081558136436796,
        0.01084397262163877,
        0.01083695402596458,
        0.01079611972061735,
        0.010804137466184652,
        0.010776993443897534,
        0.010798536428765248,
        0.010799465221377225,
        0.010783651337497417,
        0.010770275676482794
    ],
    "val_losses": [
        0.01149471032679209,
        0.03890809862632451,
        0.015583068751060032,
        0.008318341068480811,
        0.009485242319004657,
        0.010327862387652388,
        0.009362822869204587,
        0.009991906375311577,
        0.00994525821019516,
        0.010125805969825367,
        0.010411755349180403,
        0.010643213240692423,
        0.010676078439697506,
        0.01036497978286907,
        0.010637678499296895,
        0.010392062734004507,
        0.010542157896092388,
        0.01059216213977243,
        0.010715952112406769,
        0.010368400714016849,
        0.010723543107381614,
        0.010650532153477051,
        0.010344048696666764,
        0.010002443213589122,
        0.010793812290292684,
        0.010630387404857573,
        0.010424344942411014,
        0.010499324428241596,
        0.01043761629843251,
        0.010373947017945471,
        0.010282776359156701,
        0.01030137509896914,
        0.010325533411890247,
        0.01038452741838645,
        0.010274268766770468,
        0.010196595722722768,
        0.010304748414666975,
        0.010238800973830772,
        0.010264886731152544,
        0.010285800409555948,
        0.01027735242181449,
        0.010347083456275628,
        0.010313504409516975,
        0.010303906781722924,
        0.01017504469701539,
        0.01029125207991112,
        0.010377329634869193,
        0.010292923911264648,
        0.010356569128029673,
        0.010273812366709508
    ],
    "config": {
        "FILES": {
            "WEEKS_TO_READ": [
                1,
                2,
                3,
                4,
                5,
                6,
                7,
                8,
                9
            ],
            "INPUT_PATH": "data/raw",
            "RESULTS_PATH": "output/results",
            "GRAPHS_PATH": "data/graphs"
        },
        "GCN": {
            "EPOCHS": 50,
            "HIDDEN_CHANNELS": 64,
            "HIDDEN_LAYERS": 3,
            "LEARNING_RATE": 0.0001,
            "DROPOUT": 0.5,
            "WEIGHT_DECAY": 0.0005
        },
        "RF": {
            "N_ESTIMATORS": 100
        },
        "MLP": {
            "HIDDEN_CHANNELS": 64,
            "HIDDEN_LAYERS": 2,
            "MAX_ITER": 3000,
            "LEARNING_RATE": 0.01,
            "ALPHA": 0.0005
        },
        "DATASET": {
            "VALIDATION_SPLIT": 0.7,
            "TEST_SPLIT": 0.85
        },
        "RANDOM_SEED": 0,
        "SHOW_INFO": true,
        "EDGE_STRATEGY": "CLOSEST-2",
        "DOWN_SAMPLE": false
    }
}