{
    "last_gcn_results": {
        "Rush": {
            "precision": 0.6541417591801879,
            "recall": 0.8362445414847162,
            "f1-score": 0.7340680402491615,
            "support": 916.0
        },
        "Pass": {
            "precision": 0.773071104387292,
            "recall": 0.5578602620087336,
            "f1-score": 0.6480659480025365,
            "support": 916.0
        },
        "accuracy": 0.6970524017467249,
        "macro avg": {
            "precision": 0.71360643178374,
            "recall": 0.6970524017467249,
            "f1-score": 0.6910669941258489,
            "support": 1832.0
        },
        "weighted avg": {
            "precision": 0.71360643178374,
            "recall": 0.6970524017467249,
            "f1-score": 0.691066994125849,
            "support": 1832.0
        },
        "confusion_matrix": [
            [
                766,
                150
            ],
            [
                405,
                511
            ]
        ]
    },
    "best_gcn_results": {
        "Rush": {
            "precision": 0.6541417591801879,
            "recall": 0.8362445414847162,
            "f1-score": 0.7340680402491615,
            "support": 916.0
        },
        "Pass": {
            "precision": 0.773071104387292,
            "recall": 0.5578602620087336,
            "f1-score": 0.6480659480025365,
            "support": 916.0
        },
        "accuracy": 0.6970524017467249,
        "macro avg": {
            "precision": 0.71360643178374,
            "recall": 0.6970524017467249,
            "f1-score": 0.6910669941258489,
            "support": 1832.0
        },
        "weighted avg": {
            "precision": 0.71360643178374,
            "recall": 0.6970524017467249,
            "f1-score": 0.691066994125849,
            "support": 1832.0
        },
        "confusion_matrix": [
            [
                766,
                150
            ],
            [
                405,
                511
            ]
        ]
    },
    "rf_results": {
        "Rush": {
            "precision": 0.7204081632653061,
            "recall": 0.7707423580786026,
            "f1-score": 0.7447257383966245,
            "support": 916.0
        },
        "Pass": {
            "precision": 0.7535211267605634,
            "recall": 0.7008733624454149,
            "f1-score": 0.7262443438914027,
            "support": 916.0
        },
        "accuracy": 0.7358078602620087,
        "macro avg": {
            "precision": 0.7369646450129348,
            "recall": 0.7358078602620087,
            "f1-score": 0.7354850411440136,
            "support": 1832.0
        },
        "weighted avg": {
            "precision": 0.7369646450129347,
            "recall": 0.7358078602620087,
            "f1-score": 0.7354850411440136,
            "support": 1832.0
        },
        "confusion_matrix": [
            [
                706,
                210
            ],
            [
                274,
                642
            ]
        ]
    },
    "mlp_results": {
        "Rush": {
            "precision": 0.6975982532751092,
            "recall": 0.6975982532751092,
            "f1-score": 0.6975982532751092,
            "support": 916.0
        },
        "Pass": {
            "precision": 0.6975982532751092,
            "recall": 0.6975982532751092,
            "f1-score": 0.6975982532751092,
            "support": 916.0
        },
        "accuracy": 0.6975982532751092,
        "macro avg": {
            "precision": 0.6975982532751092,
            "recall": 0.6975982532751092,
            "f1-score": 0.6975982532751092,
            "support": 1832.0
        },
        "weighted avg": {
            "precision": 0.6975982532751092,
            "recall": 0.6975982532751092,
            "f1-score": 0.6975982532751092,
            "support": 1832.0
        },
        "confusion_matrix": [
            [
                639,
                277
            ],
            [
                277,
                639
            ]
        ]
    },