{
    "last_gcn_results": {
        "Rush": {
            "precision": 0.6482479784366577,
            "recall": 0.5251091703056768,
            "f1-score": 0.5802171290711701,
            "support": 916.0
        },
        "Pass": {
            "precision": 0.7232824427480916,
            "recall": 0.8133047210300429,
            "f1-score": 0.7656565656565657,
            "support": 1398.0
        },
        "accuracy": 0.6992221261884183,
        "macro avg": {
            "precision": 0.6857652105923746,
            "recall": 0.6692069456678599,
            "f1-score": 0.6729368473638679,
            "support": 2314.0
        },
        "weighted avg": {
            "precision": 0.6935799495288723,
            "recall": 0.6992221261884183,
            "f1-score": 0.6922501162562966,
            "support": 2314.0
        },
        "confusion_matrix": [
            [
                481,
                435
            ],
            [
                261,
                1137
            ]
        ]
    },
    "best_gcn_results": {
        "Rush": {
            "precision": 0.6482479784366577,
            "recall": 0.5251091703056768,
            "f1-score": 0.5802171290711701,
            "support": 916.0
        },
        "Pass": {
            "precision": 0.7232824427480916,
            "recall": 0.8133047210300429,
            "f1-score": 0.7656565656565657,
            "support": 1398.0
        },
        "accuracy": 0.6992221261884183,
        "macro avg": {
            "precision": 0.6857652105923746,
            "recall": 0.6692069456678599,
            "f1-score": 0.6729368473638679,
            "support": 2314.0
        },
        "weighted avg": {
            "precision": 0.6935799495288723,
            "recall": 0.6992221261884183,
            "f1-score": 0.6922501162562966,
            "support": 2314.0
        },
        "confusion_matrix": [
            [
                481,
                435
            ],
            [
                261,
                1137
            ]
        ]
    },
    "rf_results": {
        "Rush": {
            "precision": 0.6703431372549019,
            "recall": 0.5971615720524017,
            "f1-score": 0.6316397228637414,
            "support": 916.0
        },
        "Pass": {
            "precision": 0.7536715620827771,
            "recall": 0.8075822603719599,
            "f1-score": 0.7796961325966851,
            "support": 1398.0
        },
        "accuracy": 0.7242869490060502,
        "macro avg": {
            "precision": 0.7120073496688395,
            "recall": 0.7023719162121809,
            "f1-score": 0.7056679277302133,
            "support": 2314.0
        },
        "weighted avg": {
            "precision": 0.7206858934819415,
            "recall": 0.7242869490060502,
            "f1-score": 0.7210878044569373,
            "support": 2314.0
        },
        "confusion_matrix": [
            [
                547,
                369
            ],
            [
                269,
                1129
            ]
        ]
    },
    "mlp_results": {
        "Rush": {
            "precision": 0.5976138828633406,
            "recall": 0.601528384279476,
            "f1-score": 0.5995647442872688,
            "support": 916.0
        },
        "Pass": {
            "precision": 0.7377873563218391,
            "recall": 0.734620886981402,
            "f1-score": 0.7362007168458782,
            "support": 1398.0
        },
        "accuracy": 0.6819360414866033,
        "macro avg": {
            "precision": 0.6677006195925899,
            "recall": 0.668074635630439,
            "f1-score": 0.6678827305665735,
            "support": 2314.0
        },
        "weighted avg": {
            "precision": 0.682299499066876,
            "recall": 0.6819360414866033,
            "f1-score": 0.6821131840612255,
            "support": 2314.0
        },
        "confusion_matrix": [
            [
                551,
                365
            ],
            [
                371,
                1027
            ]
        ]
    },