{
    "last_gcn_results": {
        "Rush": {
            "precision": 0.7063829787234043,
            "recall": 0.7248908296943232,
            "f1-score": 0.7155172413793104,
            "support": 916.0
        },
        "Pass": {
            "precision": 0.7174887892376681,
            "recall": 0.6986899563318777,
            "f1-score": 0.7079646017699115,
            "support": 916.0
        },
        "accuracy": 0.7117903930131004,
        "macro avg": {
            "precision": 0.7119358839805362,
            "recall": 0.7117903930131004,
            "f1-score": 0.7117409215746109,
            "support": 1832.0
        },
        "weighted avg": {
            "precision": 0.7119358839805362,
            "recall": 0.7117903930131004,
            "f1-score": 0.711740921574611,
            "support": 1832.0
        },
        "confusion_matrix": [
            [
                664,
                252
            ],
            [
                276,
                640
            ]
        ]
    },
    "best_gcn_results": {
        "Rush": {
            "precision": 0.7063829787234043,
            "recall": 0.7248908296943232,
            "f1-score": 0.7155172413793104,
            "support": 916.0
        },
        "Pass": {
            "precision": 0.7174887892376681,
            "recall": 0.6986899563318777,
            "f1-score": 0.7079646017699115,
            "support": 916.0
        },
        "accuracy": 0.7117903930131004,
        "macro avg": {
            "precision": 0.7119358839805362,
            "recall": 0.7117903930131004,
            "f1-score": 0.7117409215746109,
            "support": 1832.0
        },
        "weighted avg": {
            "precision": 0.7119358839805362,
            "recall": 0.7117903930131004,
            "f1-score": 0.711740921574611,
            "support": 1832.0
        },
        "confusion_matrix": [
            [
                664,
                252
            ],
            [
                276,
                640
            ]
        ]
    },
    "rf_results": {
        "Rush": {
            "precision": 0.7201195219123506,
            "recall": 0.7893013100436681,
            "f1-score": 0.753125,
            "support": 916.0
        },
        "Pass": {
            "precision": 0.7669082125603864,
            "recall": 0.6932314410480349,
            "f1-score": 0.7282110091743119,
            "support": 916.0
        },
        "accuracy": 0.7412663755458515,
        "macro avg": {
            "precision": 0.7435138672363686,
            "recall": 0.7412663755458515,
            "f1-score": 0.740668004587156,
            "support": 1832.0
        },
        "weighted avg": {
            "precision": 0.7435138672363685,
            "recall": 0.7412663755458515,
            "f1-score": 0.740668004587156,
            "support": 1832.0
        },
        "confusion_matrix": [
            [
                723,
                193
            ],
            [
                281,
                635
            ]
        ]
    },
    "mlp_results": {
        "Rush": {
            "precision": 0.7113289760348583,
            "recall": 0.712882096069869,
            "f1-score": 0.7121046892039259,
            "support": 916.0
        },
        "Pass": {
            "precision": 0.712253829321663,
            "recall": 0.7106986899563319,
            "f1-score": 0.7114754098360656,
            "support": 916.0
        },
        "accuracy": 0.7117903930131004,
        "macro avg": {
            "precision": 0.7117914026782607,
            "recall": 0.7117903930131004,
            "f1-score": 0.7117900495199958,
            "support": 1832.0
        },
        "weighted avg": {
            "precision": 0.7117914026782606,
            "recall": 0.7117903930131004,
            "f1-score": 0.7117900495199958,
            "support": 1832.0
        },
        "confusion_matrix": [
            [
                653,
                263
            ],
            [
                265,
                651
            ]
        ]
    },