{
    "last_gcn_results": {
        "Rush": {
            "precision": 0.6693840579710145,
            "recall": 0.8067685589519651,
            "f1-score": 0.7316831683168317,
            "support": 916.0
        },
        "Pass": {
            "precision": 0.7568681318681318,
            "recall": 0.601528384279476,
            "f1-score": 0.670316301703163,
            "support": 916.0
        },
        "accuracy": 0.7041484716157205,
        "macro avg": {
            "precision": 0.7131260949195732,
            "recall": 0.7041484716157205,
            "f1-score": 0.7009997350099973,
            "support": 1832.0
        },
        "weighted avg": {
            "precision": 0.7131260949195732,
            "recall": 0.7041484716157205,
            "f1-score": 0.7009997350099973,
            "support": 1832.0
        },
        "confusion_matrix": [
            [
                739,
                177
            ],
            [
                365,
                551
            ]
        ]
    },
    "best_gcn_results": {
        "Rush": {
            "precision": 0.6693840579710145,
            "recall": 0.8067685589519651,
            "f1-score": 0.7316831683168317,
            "support": 916.0
        },
        "Pass": {
            "precision": 0.7568681318681318,
            "recall": 0.601528384279476,
            "f1-score": 0.670316301703163,
            "support": 916.0
        },
        "accuracy": 0.7041484716157205,
        "macro avg": {
            "precision": 0.7131260949195732,
            "recall": 0.7041484716157205,
            "f1-score": 0.7009997350099973,
            "support": 1832.0
        },
        "weighted avg": {
            "precision": 0.7131260949195732,
            "recall": 0.7041484716157205,
            "f1-score": 0.7009997350099973,
            "support": 1832.0
        },
        "confusion_matrix": [
            [
                739,
                177
            ],
            [
                365,
                551
            ]
        ]
    },
    "rf_results": {
        "Rush": {
            "precision": 0.7416317991631799,
            "recall": 0.7740174672489083,
            "f1-score": 0.7574786324786325,
            "support": 916.0
        },
        "Pass": {
            "precision": 0.7636986301369864,
            "recall": 0.730349344978166,
            "f1-score": 0.7466517857142857,
            "support": 916.0
        },
        "accuracy": 0.7521834061135371,
        "macro avg": {
            "precision": 0.7526652146500832,
            "recall": 0.7521834061135371,
            "f1-score": 0.752065209096459,
            "support": 1832.0
        },
        "weighted avg": {
            "precision": 0.7526652146500832,
            "recall": 0.7521834061135371,
            "f1-score": 0.7520652090964591,
            "support": 1832.0
        },
        "confusion_matrix": [
            [
                709,
                207
            ],
            [
                247,
                669
            ]
        ]
    },
    "mlp_results": {
        "Rush": {
            "precision": 0.703954802259887,
            "recall": 0.6801310043668122,
            "f1-score": 0.6918378678511938,
            "support": 916.0
        },
        "Pass": {
            "precision": 0.6906019007391764,
            "recall": 0.7139737991266376,
            "f1-score": 0.7020933977455717,
            "support": 916.0
        },
        "accuracy": 0.6970524017467249,
        "macro avg": {
            "precision": 0.6972783514995318,
            "recall": 0.6970524017467249,
            "f1-score": 0.6969656327983828,
            "support": 1832.0
        },
        "weighted avg": {
            "precision": 0.6972783514995317,
            "recall": 0.6970524017467249,
            "f1-score": 0.6969656327983828,
            "support": 1832.0
        },
        "confusion_matrix": [
            [
                623,
                293
            ],
            [
                262,
                654
            ]
        ]
    },