{
    "last_gcn_results": {
        "Rush": {
            "precision": 0.6269146608315098,
            "recall": 0.6255458515283843,
            "f1-score": 0.6262295081967213,
            "support": 916.0
        },
        "Pass": {
            "precision": 0.755,
            "recall": 0.7560801144492132,
            "f1-score": 0.7555396711937098,
            "support": 1398.0
        },
        "accuracy": 0.7044079515989629,
        "macro avg": {
            "precision": 0.6909573304157549,
            "recall": 0.6908129829887988,
            "f1-score": 0.6908845896952156,
            "support": 2314.0
        },
        "weighted avg": {
            "precision": 0.7042972468978664,
            "recall": 0.7044079515989629,
            "f1-score": 0.7043520699382035,
            "support": 2314.0
        },
        "confusion_matrix": [
            [
                573,
                343
            ],
            [
                341,
                1057
            ]
        ]
    },
    "best_gcn_results": {
        "Rush": {
            "precision": 0.6269146608315098,
            "recall": 0.6255458515283843,
            "f1-score": 0.6262295081967213,
            "support": 916.0
        },
        "Pass": {
            "precision": 0.755,
            "recall": 0.7560801144492132,
            "f1-score": 0.7555396711937098,
            "support": 1398.0
        },
        "accuracy": 0.7044079515989629,
        "macro avg": {
            "precision": 0.6909573304157549,
            "recall": 0.6908129829887988,
            "f1-score": 0.6908845896952156,
            "support": 2314.0
        },
        "weighted avg": {
            "precision": 0.7042972468978664,
            "recall": 0.7044079515989629,
            "f1-score": 0.7043520699382035,
            "support": 2314.0
        },
        "confusion_matrix": [
            [
                573,
                343
            ],
            [
                341,
                1057
            ]
        ]
    },
    "rf_results": {
        "Rush": {
            "precision": 0.6935483870967742,
            "recall": 0.6102620087336245,
            "f1-score": 0.6492450638792102,
            "support": 916.0
        },
        "Pass": {
            "precision": 0.763262599469496,
            "recall": 0.8233190271816881,
            "f1-score": 0.7921541637990365,
            "support": 1398.0
        },
        "accuracy": 0.7389801210025929,
        "macro avg": {
            "precision": 0.7284054932831352,
            "recall": 0.7167905179576564,
            "f1-score": 0.7206996138391233,
            "support": 2314.0
        },
        "weighted avg": {
            "precision": 0.7356661351076063,
            "recall": 0.7389801210025929,
            "f1-score": 0.7355834051445158,
            "support": 2314.0
        },
        "confusion_matrix": [
            [
                559,
                357
            ],
            [
                247,
                1151
            ]
        ]
    },
    "mlp_results": {
        "Rush": {
            "precision": 0.6130483689538808,
            "recall": 0.5949781659388647,
            "f1-score": 0.6038781163434903,
            "support": 916.0
        },
        "Pass": {
            "precision": 0.7396491228070176,
            "recall": 0.753934191702432,
            "f1-score": 0.7467233439603259,
            "support": 1398.0
        },
        "accuracy": 0.6910112359550562,
        "macro avg": {
            "precision": 0.6763487458804491,
            "recall": 0.6744561788206483,
            "f1-score": 0.6753007301519081,
            "support": 2314.0
        },
        "weighted avg": {
            "precision": 0.6895340447908235,
            "recall": 0.6910112359550562,
            "f1-score": 0.6901778692425121,
            "support": 2314.0
        },
        "confusion_matrix": [
            [
                545,
                371
            ],
            [
                344,
                1054
            ]
        ]
    },