{
    "last_gcn_results": {
        "Rush": {
            "precision": 0.6979553903345725,
            "recall": 0.8198689956331878,
            "f1-score": 0.7540160642570282,
            "support": 916.0
        },
        "Pass": {
            "precision": 0.8667205169628432,
            "recall": 0.7675250357653791,
            "f1-score": 0.8141122913505311,
            "support": 1398.0
        },
        "accuracy": 0.7882454624027658,
        "macro avg": {
            "precision": 0.7823379536487078,
            "recall": 0.7936970156992835,
            "f1-score": 0.7840641778037796,
            "support": 2314.0
        },
        "weighted avg": {
            "precision": 0.799914615497201,
            "recall": 0.7882454624027658,
            "f1-score": 0.7903231193463615,
            "support": 2314.0
        },
        "confusion_matrix": [
            [
                751,
                165
            ],
            [
                325,
                1073
            ]
        ]
    },
    "best_gcn_results": {
        "Rush": {
            "precision": 0.6979553903345725,
            "recall": 0.8198689956331878,
            "f1-score": 0.7540160642570282,
            "support": 916.0
        },
        "Pass": {
            "precision": 0.8667205169628432,
            "recall": 0.7675250357653791,
            "f1-score": 0.8141122913505311,
            "support": 1398.0
        },
        "accuracy": 0.7882454624027658,
        "macro avg": {
            "precision": 0.7823379536487078,
            "recall": 0.7936970156992835,
            "f1-score": 0.7840641778037796,
            "support": 2314.0
        },
        "weighted avg": {
            "precision": 0.799914615497201,
            "recall": 0.7882454624027658,
            "f1-score": 0.7903231193463615,
            "support": 2314.0
        },
        "confusion_matrix": [
            [
                751,
                165
            ],
            [
                325,
                1073
            ]
        ]
    },
    "rf_results": {
        "Rush": {
            "precision": 0.7,
            "recall": 0.6877729257641921,
            "f1-score": 0.6938325991189427,
            "support": 916.0
        },
        "Pass": {
            "precision": 0.7977369165487977,
            "recall": 0.8068669527896996,
            "f1-score": 0.802275960170697,
            "support": 1398.0
        },
        "accuracy": 0.759723422644771,
        "macro avg": {
            "precision": 0.7488684582743989,
            "recall": 0.7473199392769458,
            "f1-score": 0.7480542796448199,
            "support": 2314.0
        },
        "weighted avg": {
            "precision": 0.7590476271975882,
            "recall": 0.759723422644771,
            "f1-score": 0.7593485104198728,
            "support": 2314.0
        },
        "confusion_matrix": [
            [
                630,
                286
            ],
            [
                270,
                1128
            ]
        ]
    },
    "mlp_results": {
        "Rush": {
            "precision": 0.616304347826087,
            "recall": 0.618995633187773,
            "f1-score": 0.6176470588235294,
            "support": 916.0
        },
        "Pass": {
            "precision": 0.7496413199426112,
            "recall": 0.7474964234620887,
            "f1-score": 0.748567335243553,
            "support": 1398.0
        },
        "accuracy": 0.6966292134831461,
        "macro avg": {
            "precision": 0.682972833884349,
            "recall": 0.6832460283249309,
            "f1-score": 0.6831071970335412,
            "support": 2314.0
        },
        "weighted avg": {
            "precision": 0.696859700902535,
            "recall": 0.6966292134831461,
            "f1-score": 0.6967423684325151,
            "support": 2314.0
        },
        "confusion_matrix": [
            [
                567,
                349
            ],
            [
                353,
                1045
            ]
        ]
    },