{
    "last_gcn_results": {
        "Rush": {
            "precision": 0.6643658326143227,
            "recall": 0.8406113537117904,
            "f1-score": 0.7421686746987952,
            "support": 916.0
        },
        "Pass": {
            "precision": 0.8735930735930736,
            "recall": 0.7217453505007153,
            "f1-score": 0.790442616529573,
            "support": 1398.0
        },
        "accuracy": 0.7687986171132238,
        "macro avg": {
            "precision": 0.7689794531036982,
            "recall": 0.7811783521062529,
            "f1-score": 0.7663056456141841,
            "support": 2314.0
        },
        "weighted avg": {
            "precision": 0.7907701899558498,
            "recall": 0.7687986171132238,
            "f1-score": 0.7713333119846325,
            "support": 2314.0
        },
        "confusion_matrix": [
            [
                770,
                146
            ],
            [
                389,
                1009
            ]
        ]
    },
    "best_gcn_results": {
        "Rush": {
            "precision": 0.6643658326143227,
            "recall": 0.8406113537117904,
            "f1-score": 0.7421686746987952,
            "support": 916.0
        },
        "Pass": {
            "precision": 0.8735930735930736,
            "recall": 0.7217453505007153,
            "f1-score": 0.790442616529573,
            "support": 1398.0
        },
        "accuracy": 0.7687986171132238,
        "macro avg": {
            "precision": 0.7689794531036982,
            "recall": 0.7811783521062529,
            "f1-score": 0.7663056456141841,
            "support": 2314.0
        },
        "weighted avg": {
            "precision": 0.7907701899558498,
            "recall": 0.7687986171132238,
            "f1-score": 0.7713333119846325,
            "support": 2314.0
        },
        "confusion_matrix": [
            [
                770,
                146
            ],
            [
                389,
                1009
            ]
        ]
    },
    "rf_results": {
        "Rush": {
            "precision": 0.6615017878426699,
            "recall": 0.6058951965065502,
            "f1-score": 0.6324786324786325,
            "support": 916.0
        },
        "Pass": {
            "precision": 0.7552542372881356,
            "recall": 0.7968526466380543,
            "f1-score": 0.7754959972154543,
            "support": 1398.0
        },
        "accuracy": 0.7212618841832324,
        "macro avg": {
            "precision": 0.7083780125654027,
            "recall": 0.7013739215723023,
            "f1-score": 0.7039873148470434,
            "support": 2314.0
        },
        "weighted avg": {
            "precision": 0.7181422045776573,
            "recall": 0.7212618841832324,
            "f1-score": 0.7188823817880866,
            "support": 2314.0
        },
        "confusion_matrix": [
            [
                555,
                361
            ],
            [
                284,
                1114
            ]
        ]
    },
    "mlp_results": {
        "Rush": {
            "precision": 0.6072607260726073,
            "recall": 0.6026200873362445,
            "f1-score": 0.6049315068493151,
            "support": 916.0
        },
        "Pass": {
            "precision": 0.7409252669039146,
            "recall": 0.7446351931330472,
            "f1-score": 0.7427755975740278,
            "support": 1398.0
        },
        "accuracy": 0.6884183232497839,
        "macro avg": {
            "precision": 0.6740929964882609,
            "recall": 0.6736276402346458,
            "f1-score": 0.6738535522116714,
            "support": 2314.0
        },
        "weighted avg": {
            "precision": 0.6880139793492571,
            "recall": 0.6884183232497839,
            "f1-score": 0.6882098295948417,
            "support": 2314.0
        },
        "confusion_matrix": [
            [
                552,
                364
            ],
            [
                357,
                1041
            ]
        ]
    },