{
    "last_gcn_results": {
        "Rush": {
            "precision": 0.7625570776255708,
            "recall": 0.7292576419213974,
            "f1-score": 0.7455357142857143,
            "support": 916.0
        },
        "Pass": {
            "precision": 0.827538247566064,
            "recall": 0.8512160228898427,
            "f1-score": 0.8392101551480959,
            "support": 1398.0
        },
        "accuracy": 0.8029386343993086,
        "macro avg": {
            "precision": 0.7950476625958174,
            "recall": 0.79023683240562,
            "f1-score": 0.7923729347169051,
            "support": 2314.0
        },
        "weighted avg": {
            "precision": 0.8018153643916941,
            "recall": 0.8029386343993086,
            "f1-score": 0.8021290022397375,
            "support": 2314.0
        },
        "confusion_matrix": [
            [
                668,
                248
            ],
            [
                208,
                1190
            ]
        ]
    },
    "best_gcn_results": {
        "Rush": {
            "precision": 0.7625570776255708,
            "recall": 0.7292576419213974,
            "f1-score": 0.7455357142857143,
            "support": 916.0
        },
        "Pass": {
            "precision": 0.827538247566064,
            "recall": 0.8512160228898427,
            "f1-score": 0.8392101551480959,
            "support": 1398.0
        },
        "accuracy": 0.8029386343993086,
        "macro avg": {
            "precision": 0.7950476625958174,
            "recall": 0.79023683240562,
            "f1-score": 0.7923729347169051,
            "support": 2314.0
        },
        "weighted avg": {
            "precision": 0.8018153643916941,
            "recall": 0.8029386343993086,
            "f1-score": 0.8021290022397375,
            "support": 2314.0
        },
        "confusion_matrix": [
            [
                668,
                248
            ],
            [
                208,
                1190
            ]
        ]
    },
    "rf_results": {
        "Rush": {
            "precision": 0.6805399325084365,
            "recall": 0.6604803493449781,
            "f1-score": 0.6703601108033241,
            "support": 916.0
        },
        "Pass": {
            "precision": 0.7817543859649123,
            "recall": 0.7968526466380543,
            "f1-score": 0.7892313142047467,
            "support": 1398.0
        },
        "accuracy": 0.7428694900605013,
        "macro avg": {
            "precision": 0.7311471592366744,
            "recall": 0.7286664979915163,
            "f1-score": 0.7297957125040354,
            "support": 2314.0
        },
        "weighted avg": {
            "precision": 0.7416885089700411,
            "recall": 0.7428694900605013,
            "f1-score": 0.7421759890899225,
            "support": 2314.0
        },
        "confusion_matrix": [
            [
                605,
                311
            ],
            [
                284,
                1114
            ]
        ]
    },
    "mlp_results": {
        "Rush": {
            "precision": 0.6284454244762955,
            "recall": 0.6222707423580786,
            "f1-score": 0.6253428414701042,
            "support": 916.0
        },
        "Pass": {
            "precision": 0.7540867093105899,
            "recall": 0.7589413447782547,
            "f1-score": 0.75650623885918,
            "support": 1398.0
        },
        "accuracy": 0.7048401037165082,
        "macro avg": {
            "precision": 0.6912660668934427,
            "recall": 0.6906060435681667,
            "f1-score": 0.6909245401646421,
            "support": 2314.0
        },
        "weighted avg": {
            "precision": 0.7043514383908779,
            "recall": 0.7048401037165082,
            "f1-score": 0.7045850322868407,
            "support": 2314.0
        },
        "confusion_matrix": [
            [
                570,
                346
            ],
            [
                337,
                1061
            ]
        ]
    },