{
    "last_gcn_results": {
        "Rush": {
            "precision": 0.6888246628131022,
            "recall": 0.7805676855895196,
            "f1-score": 0.7318321392016377,
            "support": 916.0
        },
        "Pass": {
            "precision": 0.8424764890282131,
            "recall": 0.7689556509298998,
            "f1-score": 0.8040388930441287,
            "support": 1398.0
        },
        "accuracy": 0.773552290406223,
        "macro avg": {
            "precision": 0.7656505759206577,
            "recall": 0.7747616682597097,
            "f1-score": 0.7679355161228831,
            "support": 2314.0
        },
        "weighted avg": {
            "precision": 0.7816532077779791,
            "recall": 0.773552290406223,
            "f1-score": 0.7754557528022438,
            "support": 2314.0
        },
        "confusion_matrix": [
            [
                715,
                201
            ],
            [
                323,
                1075
            ]
        ]
    },
    "best_gcn_results": {
        "Rush": {
            "precision": 0.6888246628131022,
            "recall": 0.7805676855895196,
            "f1-score": 0.7318321392016377,
            "support": 916.0
        },
        "Pass": {
            "precision": 0.8424764890282131,
            "recall": 0.7689556509298998,
            "f1-score": 0.8040388930441287,
            "support": 1398.0
        },
        "accuracy": 0.773552290406223,
        "macro avg": {
            "precision": 0.7656505759206577,
            "recall": 0.7747616682597097,
            "f1-score": 0.7679355161228831,
            "support": 2314.0
        },
        "weighted avg": {
            "precision": 0.7816532077779791,
            "recall": 0.773552290406223,
            "f1-score": 0.7754557528022438,
            "support": 2314.0
        },
        "confusion_matrix": [
            [
                715,
                201
            ],
            [
                323,
                1075
            ]
        ]
    },
    "rf_results": {
        "Rush": {
            "precision": 0.6501766784452296,
            "recall": 0.6026200873362445,
            "f1-score": 0.6254957507082153,
            "support": 916.0
        },
        "Pass": {
            "precision": 0.7515358361774744,
            "recall": 0.7875536480686696,
            "f1-score": 0.7691232972406566,
            "support": 1398.0
        },
        "accuracy": 0.7143474503025065,
        "macro avg": {
            "precision": 0.700856257311352,
            "recall": 0.6950868677024571,
            "f1-score": 0.697309523974436,
            "support": 2314.0
        },
        "weighted avg": {
            "precision": 0.7114126778011839,
            "recall": 0.7143474503025065,
            "f1-score": 0.7122681405320498,
            "support": 2314.0
        },
        "confusion_matrix": [
            [
                552,
                364
            ],
            [
                297,
                1101
            ]
        ]
    },
    "mlp_results": {
        "Rush": {
            "precision": 0.587527352297593,
            "recall": 0.5862445414847162,
            "f1-score": 0.5868852459016394,
            "support": 916.0
        },
        "Pass": {
            "precision": 0.7292857142857143,
            "recall": 0.7303290414878397,
            "f1-score": 0.729807005003574,
            "support": 1398.0
        },
        "accuracy": 0.6732929991356957,
        "macro avg": {
            "precision": 0.6584065332916537,
            "recall": 0.658286791486278,
            "f1-score": 0.6583461254526066,
            "support": 2314.0
        },
        "weighted avg": {
            "precision": 0.6731704767830698,
            "recall": 0.6732929991356957,
            "f1-score": 0.6732312351948566,
            "support": 2314.0
        },
        "confusion_matrix": [
            [
                537,
                379
            ],
            [
                377,
                1021
            ]
        ]
    },
    "train_losses": [
        0.4625970936605601,
        0.3255995887020149,
        0.1928626342750328,
        0.1084391484266749,
        0.055833866615823624,
        0.035414284877785356,
        0.0258601692939207,
        0.022720797063983503,
        0.022095480067345137,
        0.021561774094349274,
        0.02109698428317408,
        0.021197530574377663,
        0.021100009921720564,
        0.020648930610283688,
        0.020757139992889313,
        0.02038189915803953,
        0.020592225160190214,
        0.020070499217855833,
        0.020161949236740646,
        0.019943305601138977,
        0.01980905043310234,
        0.019679287794295557,
        0.019693264877161696,
        0.019371234186796437,
        0.019243905473095884,
        0.01920527357757994,
        0.019309294824732273,
        0.019208438929826446,
        0.01884994377619464,
        0.01882609174345438,
        0.018641744532764654,
        0.01853437378054726,
        0.018347504553161417,
        0.018012436062471528,
        0.01819121541011287,
        0.017972795440231448,
        0.01805983347740074,
        0.017801448992968948,
        0.017634433309323135,
        0.01759550113380858,
        0.017502402070279453,
        0.017245221014200274,
        0.01696251214762778,
        0.01723786466362052,
        0.016638704756543214,
        0.01648766703803732,
        0.01689403995142928,
        0.016376258348397288,
        0.016259721583073813,
        0.016620854287372425,
        0.016788936045612417,
        0.015955047282962147,
        0.01608757325861166,
        0.016388410577419153,
        0.016407555713121223,
        0.015779615712341218,
        0.01587122299618558,
        0.01585959142443939,
        0.015787668993647405,
        0.01592972076387954,
        0.015809896496764925,
        0.015702289466680463,
        0.015096709138642446,
        0.01572558985340394,
        0.0152891818345341,
        0.01550795420946264,
        0.0154956293436213,
        0.015038162747124788,
        0.015224282564099658,
        0.01501923274653446,
        0.015009368693658357,
        0.015065579239499874,
        0.014744817514225602,
        0.015463158830013795,
        0.015333848229634819,
        0.01498670916003306,
        0.01444867297149437,
        0.015121348063598099,
        0.01473690887283629,
        0.014569452512011492,
        0.014690205899733374,
        0.01490581034324428,
        0.015045385657838287,
        0.014707262487135012,
        0.014685499092966176,
        0.014854583542669867,
        0.014476126926330095,
        0.014687784109627308,
        0.014178303884820265,
        0.014180208647834022,
        0.014294764209959426,
        0.014186204105215844,
        0.014302940911052033,
        0.014097565363517112,
        0.014075137626449043,
        0.014354465767089963,
        0.014035930001905913,
        0.013799909065420727,
        0.014506372769432943,
        0.014196397776162144,
        0.014362193885844077,
        0.013974527836052282,
        0.013773051163480685,
        0.014074366157676998,
        0.01367516363017851,
        0.014110267884490914,
        0.013989977341923865,
        0.013841162372440138,
        0.014065452780830866,
        0.013660794642259423,
        0.013405943912430173,
        0.013817674170475096,
        0.013652607018377089,
        0.013579249588352733,
        0.013704674590051768,
        0.013324085740700577,
        0.01321889775390493,
        0.01352518469366043,
        0.013869387306005395,
        0.013385620508189843,
        0.013097622928708108,
        0.013347530006485447,
        0.013257433543056701,
        0.013066674944953142
    ],