{
    "last_gcn_results": {
        "Rush": {
            "precision": 0.7261363636363637,
            "recall": 0.6975982532751092,
            "f1-score": 0.7115812917594655,
            "support": 916.0
        },
        "Pass": {
            "precision": 0.8068340306834031,
            "recall": 0.8276108726752504,
            "f1-score": 0.817090395480226,
            "support": 1398.0
        },
        "accuracy": 0.7761452031114953,
        "macro avg": {
            "precision": 0.7664851971598834,
            "recall": 0.7626045629751798,
            "f1-score": 0.7643358436198457,
            "support": 2314.0
        },
        "weighted avg": {
            "precision": 0.7748897510744627,
            "recall": 0.7761452031114953,
            "f1-score": 0.775324475424817,
            "support": 2314.0
        },
        "confusion_matrix": [
            [
                639,
                277
            ],
            [
                241,
                1157
            ]
        ]
    },
    "best_gcn_results": {
        "Rush": {
            "precision": 0.7261363636363637,
            "recall": 0.6975982532751092,
            "f1-score": 0.7115812917594655,
            "support": 916.0
        },
        "Pass": {
            "precision": 0.8068340306834031,
            "recall": 0.8276108726752504,
            "f1-score": 0.817090395480226,
            "support": 1398.0
        },
        "accuracy": 0.7761452031114953,
        "macro avg": {
            "precision": 0.7664851971598834,
            "recall": 0.7626045629751798,
            "f1-score": 0.7643358436198457,
            "support": 2314.0
        },
        "weighted avg": {
            "precision": 0.7748897510744627,
            "recall": 0.7761452031114953,
            "f1-score": 0.775324475424817,
            "support": 2314.0
        },
        "confusion_matrix": [
            [
                639,
                277
            ],
            [
                241,
                1157
            ]
        ]
    },
    "rf_results": {
        "Rush": {
            "precision": 0.6746698679471789,
            "recall": 0.6135371179039302,
            "f1-score": 0.642652944539737,
            "support": 916.0
        },
        "Pass": {
            "precision": 0.7609723160027009,
            "recall": 0.8061516452074392,
            "f1-score": 0.7829107328933658,
            "support": 1398.0
        },
        "accuracy": 0.72990492653414,
        "macro avg": {
            "precision": 0.7178210919749399,
            "recall": 0.7098443815556847,
            "f1-score": 0.7127818387165514,
            "support": 2314.0
        },
        "weighted avg": {
            "precision": 0.7268093763229869,
            "recall": 0.72990492653414,
            "f1-score": 0.727389499474211,
            "support": 2314.0
        },
        "confusion_matrix": [
            [
                562,
                354
            ],
            [
                271,
                1127
            ]
        ]
    },
    "mlp_results": {
        "Rush": {
            "precision": 0.6126526082130965,
            "recall": 0.6026200873362445,
            "f1-score": 0.6075949367088608,
            "support": 916.0
        },
        "Pass": {
            "precision": 0.7423920736022647,
            "recall": 0.7503576537911302,
            "f1-score": 0.7463536108146567,
            "support": 1398.0
        },
        "accuracy": 0.691875540190147,
        "macro avg": {
            "precision": 0.6775223409076806,
            "recall": 0.6764888705636873,
            "f1-score": 0.6769742737617588,
            "support": 2314.0
        },
        "weighted avg": {
            "precision": 0.6910345324196899,
            "recall": 0.691875540190147,
            "f1-score": 0.6914258037788272,
            "support": 2314.0
        },
        "confusion_matrix": [
            [
                552,
                364
            ],
            [
                349,
                1049
            ]
        ]
    },