{
    "last_gcn_results": {
        "Rush": {
            "precision": 0.6327272727272727,
            "recall": 0.759825327510917,
            "f1-score": 0.6904761904761905,
            "support": 916.0
        },
        "Pass": {
            "precision": 0.6994535519125683,
            "recall": 0.5589519650655022,
            "f1-score": 0.6213592233009708,
            "support": 916.0
        },
        "accuracy": 0.6593886462882096,
        "macro avg": {
            "precision": 0.6660904123199205,
            "recall": 0.6593886462882096,
            "f1-score": 0.6559177068885806,
            "support": 1832.0
        },
        "weighted avg": {
            "precision": 0.6660904123199204,
            "recall": 0.6593886462882096,
            "f1-score": 0.6559177068885806,
            "support": 1832.0
        },
        "confusion_matrix": [
            [
                696,
                220
            ],
            [
                404,
                512
            ]
        ]
    },
    "best_gcn_results": {
        "Rush": {
            "precision": 0.6327272727272727,
            "recall": 0.759825327510917,
            "f1-score": 0.6904761904761905,
            "support": 916.0
        },
        "Pass": {
            "precision": 0.6994535519125683,
            "recall": 0.5589519650655022,
            "f1-score": 0.6213592233009708,
            "support": 916.0
        },
        "accuracy": 0.6593886462882096,
        "macro avg": {
            "precision": 0.6660904123199205,
            "recall": 0.6593886462882096,
            "f1-score": 0.6559177068885806,
            "support": 1832.0
        },
        "weighted avg": {
            "precision": 0.6660904123199204,
            "recall": 0.6593886462882096,
            "f1-score": 0.6559177068885806,
            "support": 1832.0
        },
        "confusion_matrix": [
            [
                696,
                220
            ],
            [
                404,
                512
            ]
        ]
    },
    "rf_results": {
        "Rush": {
            "precision": 0.6968238691049086,
            "recall": 0.7903930131004366,
            "f1-score": 0.7406649616368286,
            "support": 916.0
        },
        "Pass": {
            "precision": 0.7578814627994955,
            "recall": 0.6561135371179039,
            "f1-score": 0.7033352837916911,
            "support": 916.0
        },
        "accuracy": 0.7232532751091703,
        "macro avg": {
            "precision": 0.727352665952202,
            "recall": 0.7232532751091703,
            "f1-score": 0.7220001227142598,
            "support": 1832.0
        },
        "weighted avg": {
            "precision": 0.7273526659522019,
            "recall": 0.7232532751091703,
            "f1-score": 0.7220001227142598,
            "support": 1832.0
        },
        "confusion_matrix": [
            [
                724,
                192
            ],
            [
                315,
                601
            ]
        ]
    },
    "mlp_results": {
        "Rush": {
            "precision": 0.6455696202531646,
            "recall": 0.7237991266375546,
            "f1-score": 0.6824498198661864,
            "support": 916.0
        },
        "Pass": {
            "precision": 0.6857142857142857,
            "recall": 0.6026200873362445,
            "f1-score": 0.641487507263219,
            "support": 916.0
        },
        "accuracy": 0.6632096069868996,
        "macro avg": {
            "precision": 0.6656419529837252,
            "recall": 0.6632096069868996,
            "f1-score": 0.6619686635647026,
            "support": 1832.0
        },
        "weighted avg": {
            "precision": 0.6656419529837251,
            "recall": 0.6632096069868996,
            "f1-score": 0.6619686635647026,
            "support": 1832.0
        },
        "confusion_matrix": [
            [
                663,
                253
            ],
            [
                364,
                552
            ]
        ]
    },