{
    "last_gcn_results": {
        "Rush": {
            "precision": 0.733140655105973,
            "recall": 0.8307860262008734,
            "f1-score": 0.7789150460593655,
            "support": 916.0
        },
        "Pass": {
            "precision": 0.8047858942065491,
            "recall": 0.6975982532751092,
            "f1-score": 0.7473684210526316,
            "support": 916.0
        },
        "accuracy": 0.7641921397379913,
        "macro avg": {
            "precision": 0.7689632746562611,
            "recall": 0.7641921397379913,
            "f1-score": 0.7631417335559985,
            "support": 1832.0
        },
        "weighted avg": {
            "precision": 0.7689632746562612,
            "recall": 0.7641921397379913,
            "f1-score": 0.7631417335559986,
            "support": 1832.0
        },
        "confusion_matrix": [
            [
                761,
                155
            ],
            [
                277,
                639
            ]
        ]
    },
    "best_gcn_results": {
        "Rush": {
            "precision": 0.733140655105973,
            "recall": 0.8307860262008734,
            "f1-score": 0.7789150460593655,
            "support": 916.0
        },
        "Pass": {
            "precision": 0.8047858942065491,
            "recall": 0.6975982532751092,
            "f1-score": 0.7473684210526316,
            "support": 916.0
        },
        "accuracy": 0.7641921397379913,
        "macro avg": {
            "precision": 0.7689632746562611,
            "recall": 0.7641921397379913,
            "f1-score": 0.7631417335559985,
            "support": 1832.0
        },
        "weighted avg": {
            "precision": 0.7689632746562612,
            "recall": 0.7641921397379913,
            "f1-score": 0.7631417335559986,
            "support": 1832.0
        },
        "confusion_matrix": [
            [
                761,
                155
            ],
            [
                277,
                639
            ]
        ]
    },
    "rf_results": {
        "Rush": {
            "precision": 0.6917874396135266,
            "recall": 0.7816593886462883,
            "f1-score": 0.7339825730394669,
            "support": 916.0
        },
        "Pass": {
            "precision": 0.7490589711417817,
            "recall": 0.6517467248908297,
            "f1-score": 0.6970227670753065,
            "support": 916.0
        },
        "accuracy": 0.7167030567685589,
        "macro avg": {
            "precision": 0.7204232053776541,
            "recall": 0.716703056768559,
            "f1-score": 0.7155026700573868,
            "support": 1832.0
        },
        "weighted avg": {
            "precision": 0.7204232053776541,
            "recall": 0.7167030567685589,
            "f1-score": 0.7155026700573867,
            "support": 1832.0
        },
        "confusion_matrix": [
            [
                716,
                200
            ],
            [
                319,
                597
            ]
        ]
    },
    "mlp_results": {
        "Rush": {
            "precision": 0.6635120925341745,
            "recall": 0.6888646288209607,
            "f1-score": 0.6759507230851634,
            "support": 916.0
        },
        "Pass": {
            "precision": 0.6765039727582293,
            "recall": 0.6506550218340611,
            "f1-score": 0.6633277685030606,
            "support": 916.0
        },
        "accuracy": 0.6697598253275109,
        "macro avg": {
            "precision": 0.6700080326462019,
            "recall": 0.6697598253275109,
            "f1-score": 0.669639245794112,
            "support": 1832.0
        },
        "weighted avg": {
            "precision": 0.6700080326462019,
            "recall": 0.6697598253275109,
            "f1-score": 0.6696392457941119,
            "support": 1832.0
        },
        "confusion_matrix": [
            [
                631,
                285
            ],
            [
                320,
                596
            ]
        ]
    },