{
    "last_gcn_results": {
        "Rush": {
            "precision": 0.592552026286966,
            "recall": 0.5906113537117904,
            "f1-score": 0.5915800984144342,
            "support": 916.0
        },
        "Pass": {
            "precision": 0.7323340471092077,
            "recall": 0.7339055793991416,
            "f1-score": 0.7331189710610932,
            "support": 1398.0
        },
        "accuracy": 0.6771823681936041,
        "macro avg": {
            "precision": 0.6624430366980869,
            "recall": 0.662258466555466,
            "f1-score": 0.6623495347377637,
            "support": 2314.0
        },
        "weighted avg": {
            "precision": 0.6770011469047248,
            "recall": 0.6771823681936041,
            "f1-score": 0.6770906187083102,
            "support": 2314.0
        },
        "confusion_matrix": [
            [
                541,
                375
            ],
            [
                372,
                1026
            ]
        ]
    },
    "best_gcn_results": {
        "Rush": {
            "precision": 0.592552026286966,
            "recall": 0.5906113537117904,
            "f1-score": 0.5915800984144342,
            "support": 916.0
        },
        "Pass": {
            "precision": 0.7323340471092077,
            "recall": 0.7339055793991416,
            "f1-score": 0.7331189710610932,
            "support": 1398.0
        },
        "accuracy": 0.6771823681936041,
        "macro avg": {
            "precision": 0.6624430366980869,
            "recall": 0.662258466555466,
            "f1-score": 0.6623495347377637,
            "support": 2314.0
        },
        "weighted avg": {
            "precision": 0.6770011469047248,
            "recall": 0.6771823681936041,
            "f1-score": 0.6770906187083102,
            "support": 2314.0
        },
        "confusion_matrix": [
            [
                541,
                375
            ],
            [
                372,
                1026
            ]
        ]
    },
    "rf_results": {
        "Rush": {
            "precision": 0.6501182033096927,
            "recall": 0.6004366812227074,
            "f1-score": 0.6242905788876277,
            "support": 916.0
        },
        "Pass": {
            "precision": 0.7506811989100818,
            "recall": 0.7882689556509299,
            "f1-score": 0.7690160502442428,
            "support": 1398.0
        },
        "accuracy": 0.7139152981849611,
        "macro avg": {
            "precision": 0.7003997011098873,
            "recall": 0.6943528184368186,
            "f1-score": 0.6966533145659353,
            "support": 2314.0
        },
        "weighted avg": {
            "precision": 0.7108732023802822,
            "recall": 0.7139152981849611,
            "f1-score": 0.7117262785231281,
            "support": 2314.0
        },
        "confusion_matrix": [
            [
                550,
                366
            ],
            [
                296,
                1102
            ]
        ]
    },
    "mlp_results": {
        "Rush": {
            "precision": 0.5879345603271984,
            "recall": 0.6277292576419214,
            "f1-score": 0.6071805702217529,
            "support": 916.0
        },
        "Pass": {
            "precision": 0.7447604790419161,
            "recall": 0.7117310443490701,
            "f1-score": 0.7278712509144111,
            "support": 1398.0
        },
        "accuracy": 0.6784788245462403,
        "macro avg": {
            "precision": 0.6663475196845572,
            "recall": 0.6697301509954958,
            "f1-score": 0.667525910568082,
            "support": 2314.0
        },
        "weighted avg": {
            "precision": 0.6826807290234712,
            "recall": 0.6784788245462403,
            "f1-score": 0.6800956832763493,
            "support": 2314.0
        },
        "confusion_matrix": [
            [
                575,
                341
            ],
            [
                403,
                995
            ]
        ]
    },