{
    "last_gcn_results": {
        "Rush": {
            "precision": 0.6827651515151515,
            "recall": 0.787117903930131,
            "f1-score": 0.731237322515213,
            "support": 916.0
        },
        "Pass": {
            "precision": 0.8449920508744038,
            "recall": 0.7603719599427754,
            "f1-score": 0.8004518072289156,
            "support": 1398.0
        },
        "accuracy": 0.7709593777009507,
        "macro avg": {
            "precision": 0.7638786011947776,
            "recall": 0.7737449319364532,
            "f1-score": 0.7658445648720643,
            "support": 2314.0
        },
        "weighted avg": {
            "precision": 0.7807743154322797,
            "recall": 0.7709593777009507,
            "f1-score": 0.7730531607303193,
            "support": 2314.0
        },
        "confusion_matrix": [
            [
                721,
                195
            ],
            [
                335,
                1063
            ]
        ]
    },
    "best_gcn_results": {
        "Rush": {
            "precision": 0.6827651515151515,
            "recall": 0.787117903930131,
            "f1-score": 0.731237322515213,
            "support": 916.0
        },
        "Pass": {
            "precision": 0.8449920508744038,
            "recall": 0.7603719599427754,
            "f1-score": 0.8004518072289156,
            "support": 1398.0
        },
        "accuracy": 0.7709593777009507,
        "macro avg": {
            "precision": 0.7638786011947776,
            "recall": 0.7737449319364532,
            "f1-score": 0.7658445648720643,
            "support": 2314.0
        },
        "weighted avg": {
            "precision": 0.7807743154322797,
            "recall": 0.7709593777009507,
            "f1-score": 0.7730531607303193,
            "support": 2314.0
        },
        "confusion_matrix": [
            [
                721,
                195
            ],
            [
                335,
                1063
            ]
        ]
    },
    "rf_results": {
        "Rush": {
            "precision": 0.6682188591385332,
            "recall": 0.6266375545851528,
            "f1-score": 0.6467605633802817,
            "support": 916.0
        },
        "Pass": {
            "precision": 0.7649484536082474,
            "recall": 0.796137339055794,
            "f1-score": 0.7802313354363828,
            "support": 1398.0
        },
        "accuracy": 0.7290406222990493,
        "macro avg": {
            "precision": 0.7165836563733903,
            "recall": 0.7113874468204734,
            "f1-score": 0.7134959494083322,
            "support": 2314.0
        },
        "weighted avg": {
            "precision": 0.7266579140515239,
            "recall": 0.7290406222990493,
            "f1-score": 0.727396751510977,
            "support": 2314.0
        },
        "confusion_matrix": [
            [
                574,
                342
            ],
            [
                285,
                1113
            ]
        ]
    },
    "mlp_results": {
        "Rush": {
            "precision": 0.6126126126126126,
            "recall": 0.5938864628820961,
            "f1-score": 0.6031042128603105,
            "support": 916.0
        },
        "Pass": {
            "precision": 0.7391304347826086,
            "recall": 0.753934191702432,
            "f1-score": 0.7464589235127479,
            "support": 1398.0
        },
        "accuracy": 0.6905790838375108,
        "macro avg": {
            "precision": 0.6758715236976106,
            "recall": 0.6739103272922641,
            "f1-score": 0.6747815681865292,
            "support": 2314.0
        },
        "weighted avg": {
            "precision": 0.689048185384287,
            "recall": 0.6905790838375108,
            "f1-score": 0.689711769252751,
            "support": 2314.0
        },
        "confusion_matrix": [
            [
                544,
                372
            ],
            [
                344,
                1054
            ]
        ]
    },