{
    "last_gcn_results": {
        "Rush": {
            "precision": 0.6919917864476386,
            "recall": 0.7358078602620087,
            "f1-score": 0.7132275132275132,
            "support": 916.0
        },
        "Pass": {
            "precision": 0.8194029850746268,
            "recall": 0.7854077253218884,
            "f1-score": 0.802045288531775,
            "support": 1398.0
        },
        "accuracy": 0.7657735522904062,
        "macro avg": {
            "precision": 0.7556973857611327,
            "recall": 0.7606077927919486,
            "f1-score": 0.7576364008796441,
            "support": 2314.0
        },
        "weighted avg": {
            "precision": 0.7689670914089738,
            "recall": 0.7657735522904062,
            "f1-score": 0.766886653190935,
            "support": 2314.0
        },
        "confusion_matrix": [
            [
                674,
                242
            ],
            [
                300,
                1098
            ]
        ]
    },
    "best_gcn_results": {
        "Rush": {
            "precision": 0.6919917864476386,
            "recall": 0.7358078602620087,
            "f1-score": 0.7132275132275132,
            "support": 916.0
        },
        "Pass": {
            "precision": 0.8194029850746268,
            "recall": 0.7854077253218884,
            "f1-score": 0.802045288531775,
            "support": 1398.0
        },
        "accuracy": 0.7657735522904062,
        "macro avg": {
            "precision": 0.7556973857611327,
            "recall": 0.7606077927919486,
            "f1-score": 0.7576364008796441,
            "support": 2314.0
        },
        "weighted avg": {
            "precision": 0.7689670914089738,
            "recall": 0.7657735522904062,
            "f1-score": 0.766886653190935,
            "support": 2314.0
        },
        "confusion_matrix": [
            [
                674,
                242
            ],
            [
                300,
                1098
            ]
        ]
    },
    "rf_results": {
        "Rush": {
            "precision": 0.681551116333725,
            "recall": 0.6331877729257642,
            "f1-score": 0.656479909451047,
            "support": 916.0
        },
        "Pass": {
            "precision": 0.7703349282296651,
            "recall": 0.8061516452074392,
            "f1-score": 0.787836420831877,
            "support": 1398.0
        },
        "accuracy": 0.7376836646499568,
        "macro avg": {
            "precision": 0.725943022281695,
            "recall": 0.7196697090666018,
            "f1-score": 0.7221581651414619,
            "support": 2314.0
        },
        "weighted avg": {
            "precision": 0.7351897373495091,
            "recall": 0.7376836646499568,
            "f1-score": 0.7358387698271923,
            "support": 2314.0
        },
        "confusion_matrix": [
            [
                580,
                336
            ],
            [
                271,
                1127
            ]
        ]
    },
    "mlp_results": {
        "Rush": {
            "precision": 0.6319365798414496,
            "recall": 0.6091703056768559,
            "f1-score": 0.6203446359088383,
            "support": 916.0
        },
        "Pass": {
            "precision": 0.7498252969951084,
            "recall": 0.7675250357653791,
            "f1-score": 0.7585719335454224,
            "support": 1398.0
        },
        "accuracy": 0.7048401037165082,
        "macro avg": {
            "precision": 0.690880938418279,
            "recall": 0.6883476707211176,
            "f1-score": 0.6894582847271303,
            "support": 2314.0
        },
        "weighted avg": {
            "precision": 0.7031588903776703,
            "recall": 0.7048401037165082,
            "f1-score": 0.7038544725968005,
            "support": 2314.0
        },
        "confusion_matrix": [
            [
                558,
                358
            ],
            [
                325,
                1073
            ]
        ]
    },