{
    "last_gcn_results": {
        "Rush": {
            "precision": 0.578125,
            "recall": 0.6462882096069869,
            "f1-score": 0.6103092783505155,
            "support": 916.0
        },
        "Pass": {
            "precision": 0.7488372093023256,
            "recall": 0.6909871244635193,
            "f1-score": 0.71875,
            "support": 1398.0
        },
        "accuracy": 0.6732929991356957,
        "macro avg": {
            "precision": 0.6634811046511628,
            "recall": 0.6686376670352531,
            "f1-score": 0.6645296391752578,
            "support": 2314.0
        },
        "weighted avg": {
            "precision": 0.6812605525517075,
            "recall": 0.6732929991356957,
            "f1-score": 0.6758235950601003,
            "support": 2314.0
        },
        "confusion_matrix": [
            [
                592,
                324
            ],
            [
                432,
                966
            ]
        ]
    },
    "best_gcn_results": {
        "Rush": {
            "precision": 0.578125,
            "recall": 0.6462882096069869,
            "f1-score": 0.6103092783505155,
            "support": 916.0
        },
        "Pass": {
            "precision": 0.7488372093023256,
            "recall": 0.6909871244635193,
            "f1-score": 0.71875,
            "support": 1398.0
        },
        "accuracy": 0.6732929991356957,
        "macro avg": {
            "precision": 0.6634811046511628,
            "recall": 0.6686376670352531,
            "f1-score": 0.6645296391752578,
            "support": 2314.0
        },
        "weighted avg": {
            "precision": 0.6812605525517075,
            "recall": 0.6732929991356957,
            "f1-score": 0.6758235950601003,
            "support": 2314.0
        },
        "confusion_matrix": [
            [
                592,
                324
            ],
            [
                432,
                966
            ]
        ]
    },
    "rf_results": {
        "Rush": {
            "precision": 0.663895486935867,
            "recall": 0.6102620087336245,
            "f1-score": 0.6359499431171786,
            "support": 916.0
        },
        "Pass": {
            "precision": 0.7574728260869565,
            "recall": 0.7975679542203148,
            "f1-score": 0.7770034843205574,
            "support": 1398.0
        },
        "accuracy": 0.7234226447709594,
        "macro avg": {
            "precision": 0.7106841565114117,
            "recall": 0.7039149814769696,
            "f1-score": 0.706476713718868,
            "support": 2314.0
        },
        "weighted avg": {
            "precision": 0.7204301110210974,
            "recall": 0.7234226447709594,
            "f1-score": 0.7211672510697817,
            "support": 2314.0
        },
        "confusion_matrix": [
            [
                559,
                357
            ],
            [
                283,
                1115
            ]
        ]
    },
    "mlp_results": {
        "Rush": {
            "precision": 0.5778251599147122,
            "recall": 0.5917030567685589,
            "f1-score": 0.5846817691477886,
            "support": 916.0
        },
        "Pass": {
            "precision": 0.7281976744186046,
            "recall": 0.7167381974248928,
            "f1-score": 0.722422494592646,
            "support": 1398.0
        },
        "accuracy": 0.6672428694900605,
        "macro avg": {
            "precision": 0.6530114171666583,
            "recall": 0.6542206270967259,
            "f1-score": 0.6535521318702173,
            "support": 2314.0
        },
        "weighted avg": {
            "precision": 0.668672513102457,
            "recall": 0.6672428694900605,
            "f1-score": 0.667897643897966,
            "support": 2314.0
        },
        "confusion_matrix": [
            [
                542,
                374
            ],
            [
                396,
                1002
            ]
        ]
    },
    "train_losses": [
        0.5919464710521162,
        0.33544556829435185,
        0.21701168487826142,
        0.13797889272664235,
        0.0804394313856824,
        0.042267797804147016,
        0.027971876152456193,
        0.023623527437512983,
        0.022563088796500878,
        0.021793698991134227,
        0.021760093061916758,
        0.02161952730692191,
        0.021280799707464715,
        0.021422998799951704,
        0.021240090121958793,
        0.021132334338179504,
        0.021271422460243227,
        0.021195212724868066,
        0.02118938596462182,
        0.021154820712703176,
        0.021201900618770638,
        0.02115604654115704,
        0.02095399151525163,
        0.020945069104858622,
        0.020929803893660014,
        0.02097199856590162,
        0.02087759543476245,
        0.020869647718930545,
        0.020825448953347103,
        0.020636464147947405,
        0.02065085866966066,
        0.020701219565112165,
        0.020606354143339955,
        0.020573409100932406,
        0.020560071936214914,
        0.020517919523692245,
        0.020442748781614416,
        0.02057223557806902,
        0.02047834616623519,
        0.02032819399324035,
        0.020209125719871008,
        0.020556341435990774,
        0.020337962371763448,
        0.020273898804358,
        0.020126580237723284,
        0.020229562311036304,
        0.019903297937055628,
        0.020150193400529492,
        0.019911094603730403,
        0.020011944824459747,
        0.019765159104717392,
        0.0198625510825269,
        0.019729574538577124,
        0.02005423946537429,
        0.019707891588755782,
        0.019648202785626474,
        0.01942029145309699,
        0.019957947078487772,
        0.019582051830547603,
        0.01912233639671296,
        0.019223559720337725,
        0.019416993969913584,
        0.018899596289399898,
        0.019342358238198756,
        0.019338163667713498,
        0.018826858195738583,
        0.018996236477513067,
        0.01876231174301864,
        0.01869215149221251,
        0.018472920011927275,
        0.01855368176511437,
        0.018786676244166238,
        0.018415165845061317,
        0.018394981896603897,
        0.018447447614925654,
        0.018056621596907085,
        0.018526003918880922,
        0.018224659702675727,
        0.018076539787571445,
        0.018416460756613857,
        0.018337563963382084,
        0.017771358706124774,
        0.017837956979748285,
        0.017771738115093607,
        0.017737029100176268,
        0.017785438194980564,
        0.017438510868880513,
        0.017697255328226687,
        0.017670910487903344,
        0.01769978303199514,
        0.01731226229915264,
        0.017236938470372488,
        0.017484906417680787,
        0.017191175540666567,
        0.017466620081485168,
        0.01719495228542904,
        0.017162201183794485,
        0.017174791755845464,
        0.017160187392769206,
        0.017392308190497214,
        0.01673763622870336,
        0.017030066545780268,
        0.017352987437060468,
        0.01758349562093635,
        0.017383141390743942,
        0.016965373067410153,
        0.017027897217840097,
        0.016829152944953553,
        0.017109136220852774,
        0.01651737652960818,
        0.016568981623659915,
        0.016724291274889058,
        0.016277824578889776,
        0.016796423921023856,
        0.016533595666592384,
        0.016682143646728834,
        0.01664798050048495,
        0.016538750043373403,
        0.016539477208433396,
        0.016202549767256918,
        0.016408711620245802,
        0.01621979392487886,
        0.016457675585030786,
        0.016128408540022524,
        0.016592881874004414,
        0.016248482986736586,
        0.016171887252610363,
        0.015942990083500506,
        0.016173373177576663,
        0.016219843793152628,
        0.015769866819455993,
        0.01618272226024943
    ],