{
    "last_gcn_results": {
        "Rush": {
            "precision": 0.7420998980632009,
            "recall": 0.7947598253275109,
            "f1-score": 0.7675276752767528,
            "support": 916.0
        },
        "Pass": {
            "precision": 0.8589647411852963,
            "recall": 0.8190271816881259,
            "f1-score": 0.8385206883925302,
            "support": 1398.0
        },
        "accuracy": 0.8094209161624892,
        "macro avg": {
            "precision": 0.8005323196242486,
            "recall": 0.8068935035078184,
            "f1-score": 0.8030241818346415,
            "support": 2314.0
        },
        "weighted avg": {
            "precision": 0.8127036364749076,
            "recall": 0.8094209161624892,
            "f1-score": 0.8104180090433288,
            "support": 2314.0
        },
        "confusion_matrix": [
            [
                728,
                188
            ],
            [
                253,
                1145
            ]
        ]
    },
    "best_gcn_results": {
        "Rush": {
            "precision": 0.7420998980632009,
            "recall": 0.7947598253275109,
            "f1-score": 0.7675276752767528,
            "support": 916.0
        },
        "Pass": {
            "precision": 0.8589647411852963,
            "recall": 0.8190271816881259,
            "f1-score": 0.8385206883925302,
            "support": 1398.0
        },
        "accuracy": 0.8094209161624892,
        "macro avg": {
            "precision": 0.8005323196242486,
            "recall": 0.8068935035078184,
            "f1-score": 0.8030241818346415,
            "support": 2314.0
        },
        "weighted avg": {
            "precision": 0.8127036364749076,
            "recall": 0.8094209161624892,
            "f1-score": 0.8104180090433288,
            "support": 2314.0
        },
        "confusion_matrix": [
            [
                728,
                188
            ],
            [
                253,
                1145
            ]
        ]
    },
    "rf_results": {
        "Rush": {
            "precision": 0.6934389140271493,
            "recall": 0.6692139737991266,
            "f1-score": 0.6811111111111111,
            "support": 916.0
        },
        "Pass": {
            "precision": 0.7881118881118881,
            "recall": 0.8061516452074392,
            "f1-score": 0.7970297029702971,
            "support": 1398.0
        },
        "accuracy": 0.7519446845289542,
        "macro avg": {
            "precision": 0.7407754010695187,
            "recall": 0.7376828095032829,
            "f1-score": 0.7390704070407041,
            "support": 2314.0
        },
        "weighted avg": {
            "precision": 0.7506354644897529,
            "recall": 0.7519446845289542,
            "f1-score": 0.751143173089997,
            "support": 2314.0
        },
        "confusion_matrix": [
            [
                613,
                303
            ],
            [
                271,
                1127
            ]
        ]
    },
    "mlp_results": {
        "Rush": {
            "precision": 0.6072234762979684,
            "recall": 0.5873362445414847,
            "f1-score": 0.5971143174250833,
            "support": 916.0
        },
        "Pass": {
            "precision": 0.7352941176470589,
            "recall": 0.7510729613733905,
            "f1-score": 0.7430997876857749,
            "support": 1398.0
        },
        "accuracy": 0.6862575626620571,
        "macro avg": {
            "precision": 0.6712587969725137,
            "recall": 0.6692046029574377,
            "f1-score": 0.6701070525554291,
            "support": 2314.0
        },
        "weighted avg": {
            "precision": 0.684597182696425,
            "recall": 0.6862575626620571,
            "f1-score": 0.6853112437104967,
            "support": 2314.0
        },
        "confusion_matrix": [
            [
                538,
                378
            ],
            [
                348,
                1050
            ]
        ]
    },