{
    "last_gcn_results": {
        "Rush": {
            "precision": 0.7656804733727811,
            "recall": 0.7063318777292577,
            "f1-score": 0.7348097671777399,
            "support": 916.0
        },
        "Pass": {
            "precision": 0.8168822328114363,
            "recall": 0.8583690987124464,
            "f1-score": 0.8371119637251483,
            "support": 1398.0
        },
        "accuracy": 0.7981849611063094,
        "macro avg": {
            "precision": 0.7912813530921088,
            "recall": 0.7823504882208521,
            "f1-score": 0.7859608654514441,
            "support": 2314.0
        },
        "weighted avg": {
            "precision": 0.7966139477441035,
            "recall": 0.7981849611063094,
            "f1-score": 0.7966155021705129,
            "support": 2314.0
        },
        "confusion_matrix": [
            [
                647,
                269
            ],
            [
                198,
                1200
            ]
        ]
    },
    "best_gcn_results": {
        "Rush": {
            "precision": 0.7656804733727811,
            "recall": 0.7063318777292577,
            "f1-score": 0.7348097671777399,
            "support": 916.0
        },
        "Pass": {
            "precision": 0.8168822328114363,
            "recall": 0.8583690987124464,
            "f1-score": 0.8371119637251483,
            "support": 1398.0
        },
        "accuracy": 0.7981849611063094,
        "macro avg": {
            "precision": 0.7912813530921088,
            "recall": 0.7823504882208521,
            "f1-score": 0.7859608654514441,
            "support": 2314.0
        },
        "weighted avg": {
            "precision": 0.7966139477441035,
            "recall": 0.7981849611063094,
            "f1-score": 0.7966155021705129,
            "support": 2314.0
        },
        "confusion_matrix": [
            [
                647,
                269
            ],
            [
                198,
                1200
            ]
        ]
    },
    "rf_results": {
        "Rush": {
            "precision": 0.699177438307873,
            "recall": 0.6495633187772926,
            "f1-score": 0.6734578381437465,
            "support": 916.0
        },
        "Pass": {
            "precision": 0.7805878332194122,
            "recall": 0.8168812589413448,
            "f1-score": 0.7983222649423278,
            "support": 1398.0
        },
        "accuracy": 0.750648228176318,
        "macro avg": {
            "precision": 0.7398826357636425,
            "recall": 0.7332222888593187,
            "f1-score": 0.7358900515430371,
            "support": 2314.0
        },
        "weighted avg": {
            "precision": 0.7483614193304883,
            "recall": 0.750648228176318,
            "f1-score": 0.7488945143167874,
            "support": 2314.0
        },
        "confusion_matrix": [
            [
                595,
                321
            ],
            [
                256,
                1142
            ]
        ]
    },
    "mlp_results": {
        "Rush": {
            "precision": 0.6026936026936027,
            "recall": 0.5862445414847162,
            "f1-score": 0.594355285002767,
            "support": 916.0
        },
        "Pass": {
            "precision": 0.7336612789880534,
            "recall": 0.7467811158798283,
            "f1-score": 0.7401630627437079,
            "support": 1398.0
        },
        "accuracy": 0.6832324978392394,
        "macro avg": {
            "precision": 0.6681774408408281,
            "recall": 0.6665128286822722,
            "f1-score": 0.6672591738732374,
            "support": 2314.0
        },
        "weighted avg": {
            "precision": 0.6818175488732234,
            "recall": 0.6832324978392394,
            "f1-score": 0.6824448585904228,
            "support": 2314.0
        },
        "confusion_matrix": [
            [
                537,
                379
            ],
            [
                354,
                1044
            ]
        ]
    },