{
    "last_gcn_results": {
        "Rush": {
            "precision": 0.7203290246768508,
            "recall": 0.6692139737991266,
            "f1-score": 0.6938313525749858,
            "support": 916.0
        },
        "Pass": {
            "precision": 0.7928913192071086,
            "recall": 0.8297567954220315,
            "f1-score": 0.8109052778748689,
            "support": 1398.0
        },
        "accuracy": 0.7662057044079515,
        "macro avg": {
            "precision": 0.7566101719419798,
            "recall": 0.7494853846105791,
            "f1-score": 0.7523683152249274,
            "support": 2314.0
        },
        "weighted avg": {
            "precision": 0.7641674377076634,
            "recall": 0.7662057044079515,
            "f1-score": 0.7645614077043016,
            "support": 2314.0
        },
        "confusion_matrix": [
            [
                613,
                303
            ],
            [
                238,
                1160
            ]
        ]
    },
    "best_gcn_results": {
        "Rush": {
            "precision": 0.7203290246768508,
            "recall": 0.6692139737991266,
            "f1-score": 0.6938313525749858,
            "support": 916.0
        },
        "Pass": {
            "precision": 0.7928913192071086,
            "recall": 0.8297567954220315,
            "f1-score": 0.8109052778748689,
            "support": 1398.0
        },
        "accuracy": 0.7662057044079515,
        "macro avg": {
            "precision": 0.7566101719419798,
            "recall": 0.7494853846105791,
            "f1-score": 0.7523683152249274,
            "support": 2314.0
        },
        "weighted avg": {
            "precision": 0.7641674377076634,
            "recall": 0.7662057044079515,
            "f1-score": 0.7645614077043016,
            "support": 2314.0
        },
        "confusion_matrix": [
            [
                613,
                303
            ],
            [
                238,
                1160
            ]
        ]
    },
    "rf_results": {
        "Rush": {
            "precision": 0.6650660264105642,
            "recall": 0.6048034934497817,
            "f1-score": 0.6335048599199543,
            "support": 916.0
        },
        "Pass": {
            "precision": 0.7555705604321404,
            "recall": 0.8004291845493562,
            "f1-score": 0.7773532476554359,
            "support": 1398.0
        },
        "accuracy": 0.722990492653414,
        "macro avg": {
            "precision": 0.7103182934213523,
            "recall": 0.702616338999569,
            "f1-score": 0.705429053787695,
            "support": 2314.0
        },
        "weighted avg": {
            "precision": 0.7197442193933489,
            "recall": 0.722990492653414,
            "f1-score": 0.7204106706607508,
            "support": 2314.0
        },
        "confusion_matrix": [
            [
                554,
                362
            ],
            [
                279,
                1119
            ]
        ]
    },
    "mlp_results": {
        "Rush": {
            "precision": 0.5841995841995842,
            "recall": 0.6135371179039302,
            "f1-score": 0.5985090521831736,
            "support": 916.0
        },
        "Pass": {
            "precision": 0.7381656804733728,
            "recall": 0.7138769670958512,
            "f1-score": 0.7258181818181818,
            "support": 1398.0
        },
        "accuracy": 0.6741573033707865,
        "macro avg": {
            "precision": 0.6611826323364784,
            "recall": 0.6637070424998908,
            "f1-score": 0.6621636170006777,
            "support": 2314.0
        },
        "weighted avg": {
            "precision": 0.6772179949993925,
            "recall": 0.6741573033707865,
            "f1-score": 0.675422692299743,
            "support": 2314.0
        },
        "confusion_matrix": [
            [
                562,
                354
            ],
            [
                400,
                998
            ]
        ]
    },