{
    "last_gcn_results": {
        "Rush": {
            "precision": 0.745694022289767,
            "recall": 0.8034934497816594,
            "f1-score": 0.7735155018392013,
            "support": 916.0
        },
        "Pass": {
            "precision": 0.8643556895252449,
            "recall": 0.8204577968526466,
            "f1-score": 0.8418348623853211,
            "support": 1398.0
        },
        "accuracy": 0.8137424373379429,
        "macro avg": {
            "precision": 0.8050248559075059,
            "recall": 0.811975623317153,
            "f1-score": 0.8076751821122612,
            "support": 2314.0
        },
        "weighted avg": {
            "precision": 0.8173833095824196,
            "recall": 0.8137424373379429,
            "f1-score": 0.814790551987635,
            "support": 2314.0
        },
        "confusion_matrix": [
            [
                736,
                180
            ],
            [
                251,
                1147
            ]
        ]
    },
    "best_gcn_results": {
        "Rush": {
            "precision": 0.745694022289767,
            "recall": 0.8034934497816594,
            "f1-score": 0.7735155018392013,
            "support": 916.0
        },
        "Pass": {
            "precision": 0.8643556895252449,
            "recall": 0.8204577968526466,
            "f1-score": 0.8418348623853211,
            "support": 1398.0
        },
        "accuracy": 0.8137424373379429,
        "macro avg": {
            "precision": 0.8050248559075059,
            "recall": 0.811975623317153,
            "f1-score": 0.8076751821122612,
            "support": 2314.0
        },
        "weighted avg": {
            "precision": 0.8173833095824196,
            "recall": 0.8137424373379429,
            "f1-score": 0.814790551987635,
            "support": 2314.0
        },
        "confusion_matrix": [
            [
                736,
                180
            ],
            [
                251,
                1147
            ]
        ]
    },
    "rf_results": {
        "Rush": {
            "precision": 0.671892497200448,
            "recall": 0.6550218340611353,
            "f1-score": 0.6633499170812603,
            "support": 916.0
        },
        "Pass": {
            "precision": 0.7776213933849402,
            "recall": 0.790414878397711,
            "f1-score": 0.7839659453706989,
            "support": 1398.0
        },
        "accuracy": 0.7368193604148661,
        "macro avg": {
            "precision": 0.7247569452926941,
            "recall": 0.7227183562294232,
            "f1-score": 0.7236579312259797,
            "support": 2314.0
        },
        "weighted avg": {
            "precision": 0.7357684681883132,
            "recall": 0.7368193604148661,
            "f1-score": 0.7362199289864614,
            "support": 2314.0
        },
        "confusion_matrix": [
            [
                600,
                316
            ],
            [
                293,
                1105
            ]
        ]
    },
    "mlp_results": {
        "Rush": {
            "precision": 0.5899053627760252,
            "recall": 0.6124454148471615,
            "f1-score": 0.6009641135511515,
            "support": 916.0
        },
        "Pass": {
            "precision": 0.7395451210564931,
            "recall": 0.721030042918455,
            "f1-score": 0.7301702281781963,
            "support": 1398.0
        },
        "accuracy": 0.6780466724286949,
        "macro avg": {
            "precision": 0.6647252419162591,
            "recall": 0.6667377288828082,
            "f1-score": 0.665567170864674,
            "support": 2314.0
        },
        "weighted avg": {
            "precision": 0.6803100222730407,
            "recall": 0.6780466724286949,
            "f1-score": 0.6790238146093229,
            "support": 2314.0
        },
        "confusion_matrix": [
            [
                561,
                355
            ],
            [
                390,
                1008
            ]
        ]
    },