{
    "last_gcn_results": {
        "Rush": {
            "precision": 0.7019982623805386,
            "recall": 0.8820960698689956,
            "f1-score": 0.7818093855829705,
            "support": 916.0
        },
        "Pass": {
            "precision": 0.8414096916299559,
            "recall": 0.6255458515283843,
            "f1-score": 0.7175954915466499,
            "support": 916.0
        },
        "accuracy": 0.75382096069869,
        "macro avg": {
            "precision": 0.7717039770052473,
            "recall": 0.7538209606986899,
            "f1-score": 0.7497024385648102,
            "support": 1832.0
        },
        "weighted avg": {
            "precision": 0.7717039770052473,
            "recall": 0.75382096069869,
            "f1-score": 0.7497024385648102,
            "support": 1832.0
        },
        "confusion_matrix": [
            [
                808,
                108
            ],
            [
                343,
                573
            ]
        ]
    },
    "best_gcn_results": {
        "Rush": {
            "precision": 0.7019982623805386,
            "recall": 0.8820960698689956,
            "f1-score": 0.7818093855829705,
            "support": 916.0
        },
        "Pass": {
            "precision": 0.8414096916299559,
            "recall": 0.6255458515283843,
            "f1-score": 0.7175954915466499,
            "support": 916.0
        },
        "accuracy": 0.75382096069869,
        "macro avg": {
            "precision": 0.7717039770052473,
            "recall": 0.7538209606986899,
            "f1-score": 0.7497024385648102,
            "support": 1832.0
        },
        "weighted avg": {
            "precision": 0.7717039770052473,
            "recall": 0.75382096069869,
            "f1-score": 0.7497024385648102,
            "support": 1832.0
        },
        "confusion_matrix": [
            [
                808,
                108
            ],
            [
                343,
                573
            ]
        ]
    },
    "rf_results": {
        "Rush": {
            "precision": 0.6858536585365854,
            "recall": 0.767467248908297,
            "f1-score": 0.7243688820195775,
            "support": 916.0
        },
        "Pass": {
            "precision": 0.7360594795539034,
            "recall": 0.648471615720524,
            "f1-score": 0.689495066744051,
            "support": 916.0
        },
        "accuracy": 0.7079694323144105,
        "macro avg": {
            "precision": 0.7109565690452444,
            "recall": 0.7079694323144106,
            "f1-score": 0.7069319743818143,
            "support": 1832.0
        },
        "weighted avg": {
            "precision": 0.7109565690452444,
            "recall": 0.7079694323144105,
            "f1-score": 0.7069319743818142,
            "support": 1832.0
        },
        "confusion_matrix": [
            [
                703,
                213
            ],
            [
                322,
                594
            ]
        ]
    },
    "mlp_results": {
        "Rush": {
            "precision": 0.6530815109343936,
            "recall": 0.7172489082969432,
            "f1-score": 0.6836628511966701,
            "support": 916.0
        },
        "Pass": {
            "precision": 0.6864406779661016,
            "recall": 0.618995633187773,
            "f1-score": 0.6509758897818599,
            "support": 916.0
        },
        "accuracy": 0.6681222707423581,
        "macro avg": {
            "precision": 0.6697610944502477,
            "recall": 0.6681222707423581,
            "f1-score": 0.667319370489265,
            "support": 1832.0
        },
        "weighted avg": {
            "precision": 0.6697610944502476,
            "recall": 0.6681222707423581,
            "f1-score": 0.6673193704892652,
            "support": 1832.0
        },
        "confusion_matrix": [
            [
                657,
                259
            ],
            [
                349,
                567
            ]
        ]
    },