{
    "last_gcn_results": {
        "Rush": {
            "precision": 0.6901811248808389,
            "recall": 0.7903930131004366,
            "f1-score": 0.7368956743002545,
            "support": 916.0
        },
        "Pass": {
            "precision": 0.8482213438735178,
            "recall": 0.7675250357653791,
            "f1-score": 0.8058580548253849,
            "support": 1398.0
        },
        "accuracy": 0.7765773552290406,
        "macro avg": {
            "precision": 0.7692012343771784,
            "recall": 0.7789590244329079,
            "f1-score": 0.7713768645628196,
            "support": 2314.0
        },
        "weighted avg": {
            "precision": 0.7856609114632784,
            "recall": 0.7765773552290406,
            "f1-score": 0.7785592041075717,
            "support": 2314.0
        },
        "confusion_matrix": [
            [
                724,
                192
            ],
            [
                325,
                1073
            ]
        ]
    },
    "best_gcn_results": {
        "Rush": {
            "precision": 0.6901811248808389,
            "recall": 0.7903930131004366,
            "f1-score": 0.7368956743002545,
            "support": 916.0
        },
        "Pass": {
            "precision": 0.8482213438735178,
            "recall": 0.7675250357653791,
            "f1-score": 0.8058580548253849,
            "support": 1398.0
        },
        "accuracy": 0.7765773552290406,
        "macro avg": {
            "precision": 0.7692012343771784,
            "recall": 0.7789590244329079,
            "f1-score": 0.7713768645628196,
            "support": 2314.0
        },
        "weighted avg": {
            "precision": 0.7856609114632784,
            "recall": 0.7765773552290406,
            "f1-score": 0.7785592041075717,
            "support": 2314.0
        },
        "confusion_matrix": [
            [
                724,
                192
            ],
            [
                325,
                1073
            ]
        ]
    },
    "rf_results": {
        "Rush": {
            "precision": 0.6606929510155317,
            "recall": 0.6037117903930131,
            "f1-score": 0.6309184255561894,
            "support": 916.0
        },
        "Pass": {
            "precision": 0.7542315504400813,
            "recall": 0.7968526466380543,
            "f1-score": 0.7749565217391304,
            "support": 1398.0
        },
        "accuracy": 0.7203975799481418,
        "macro avg": {
            "precision": 0.7074622507278066,
            "recall": 0.7002822185155337,
            "f1-score": 0.7029374736476599,
            "support": 2314.0
        },
        "weighted avg": {
            "precision": 0.7172041705468716,
            "recall": 0.7203975799481418,
            "f1-score": 0.7179388484013716,
            "support": 2314.0
        },
        "confusion_matrix": [
            [
                553,
                363
            ],
            [
                284,
                1114
            ]
        ]
    },
    "mlp_results": {
        "Rush": {
            "precision": 0.5843881856540084,
            "recall": 0.6048034934497817,
            "f1-score": 0.5944206008583691,
            "support": 916.0
        },
        "Pass": {
            "precision": 0.7349926793557833,
            "recall": 0.7181688125894135,
            "f1-score": 0.7264833574529667,
            "support": 1398.0
        },
        "accuracy": 0.6732929991356957,
        "macro avg": {
            "precision": 0.6596904325048958,
            "recall": 0.6614861530195976,
            "f1-score": 0.6604519791556679,
            "support": 2314.0
        },
        "weighted avg": {
            "precision": 0.6753756887633781,
            "recall": 0.6732929991356957,
            "f1-score": 0.6742061383342755,
            "support": 2314.0
        },
        "confusion_matrix": [
            [
                554,
                362
            ],
            [
                394,
                1004
            ]
        ]
    },