{
    "last_gcn_results": {
        "Rush": {
            "precision": 0.5867158671586716,
            "recall": 0.8679039301310044,
            "f1-score": 0.7001321003963011,
            "support": 916.0
        },
        "Pass": {
            "precision": 0.7463312368972747,
            "recall": 0.388646288209607,
            "f1-score": 0.511127063890883,
            "support": 916.0
        },
        "accuracy": 0.6282751091703057,
        "macro avg": {
            "precision": 0.6665235520279731,
            "recall": 0.6282751091703057,
            "f1-score": 0.6056295821435921,
            "support": 1832.0
        },
        "weighted avg": {
            "precision": 0.6665235520279732,
            "recall": 0.6282751091703057,
            "f1-score": 0.6056295821435922,
            "support": 1832.0
        },
        "confusion_matrix": [
            [
                795,
                121
            ],
            [
                560,
                356
            ]
        ]
    },
    "best_gcn_results": {
        "Rush": {
            "precision": 0.5867158671586716,
            "recall": 0.8679039301310044,
            "f1-score": 0.7001321003963011,
            "support": 916.0
        },
        "Pass": {
            "precision": 0.7463312368972747,
            "recall": 0.388646288209607,
            "f1-score": 0.511127063890883,
            "support": 916.0
        },
        "accuracy": 0.6282751091703057,
        "macro avg": {
            "precision": 0.6665235520279731,
            "recall": 0.6282751091703057,
            "f1-score": 0.6056295821435921,
            "support": 1832.0
        },
        "weighted avg": {
            "precision": 0.6665235520279732,
            "recall": 0.6282751091703057,
            "f1-score": 0.6056295821435922,
            "support": 1832.0
        },
        "confusion_matrix": [
            [
                795,
                121
            ],
            [
                560,
                356
            ]
        ]
    },
    "rf_results": {
        "Rush": {
            "precision": 0.6979472140762464,
            "recall": 0.7794759825327511,
            "f1-score": 0.7364620938628159,
            "support": 916.0
        },
        "Pass": {
            "precision": 0.7503090234857849,
            "recall": 0.6626637554585153,
            "f1-score": 0.703768115942029,
            "support": 916.0
        },
        "accuracy": 0.7210698689956332,
        "macro avg": {
            "precision": 0.7241281187810156,
            "recall": 0.7210698689956332,
            "f1-score": 0.7201151049024225,
            "support": 1832.0
        },
        "weighted avg": {
            "precision": 0.7241281187810156,
            "recall": 0.7210698689956332,
            "f1-score": 0.7201151049024225,
            "support": 1832.0
        },
        "confusion_matrix": [
            [
                714,
                202
            ],
            [
                309,
                607
            ]
        ]
    },
    "mlp_results": {
        "Rush": {
            "precision": 0.6523046092184369,
            "recall": 0.7106986899563319,
            "f1-score": 0.6802507836990596,
            "support": 916.0
        },
        "Pass": {
            "precision": 0.6822541966426858,
            "recall": 0.62117903930131,
            "f1-score": 0.6502857142857142,
            "support": 916.0
        },
        "accuracy": 0.665938864628821,
        "macro avg": {
            "precision": 0.6672794029305613,
            "recall": 0.6659388646288209,
            "f1-score": 0.6652682489923869,
            "support": 1832.0
        },
        "weighted avg": {
            "precision": 0.6672794029305613,
            "recall": 0.665938864628821,
            "f1-score": 0.6652682489923869,
            "support": 1832.0
        },
        "confusion_matrix": [
            [
                651,
                265
            ],
            [
                347,
                569
            ]
        ]
    },