{
    "last_gcn_results": {
        "Rush": {
            "precision": 0.6281494352736751,
            "recall": 0.7893013100436681,
            "f1-score": 0.6995645863570392,
            "support": 916.0
        },
        "Pass": {
            "precision": 0.7165932452276065,
            "recall": 0.5327510917030568,
            "f1-score": 0.6111458985597996,
            "support": 916.0
        },
        "accuracy": 0.6610262008733624,
        "macro avg": {
            "precision": 0.6723713402506408,
            "recall": 0.6610262008733625,
            "f1-score": 0.6553552424584195,
            "support": 1832.0
        },
        "weighted avg": {
            "precision": 0.6723713402506408,
            "recall": 0.6610262008733624,
            "f1-score": 0.6553552424584194,
            "support": 1832.0
        },
        "confusion_matrix": [
            [
                723,
                193
            ],
            [
                428,
                488
            ]
        ]
    },
    "best_gcn_results": {
        "Rush": {
            "precision": 0.6281494352736751,
            "recall": 0.7893013100436681,
            "f1-score": 0.6995645863570392,
            "support": 916.0
        },
        "Pass": {
            "precision": 0.7165932452276065,
            "recall": 0.5327510917030568,
            "f1-score": 0.6111458985597996,
            "support": 916.0
        },
        "accuracy": 0.6610262008733624,
        "macro avg": {
            "precision": 0.6723713402506408,
            "recall": 0.6610262008733625,
            "f1-score": 0.6553552424584195,
            "support": 1832.0
        },
        "weighted avg": {
            "precision": 0.6723713402506408,
            "recall": 0.6610262008733624,
            "f1-score": 0.6553552424584194,
            "support": 1832.0
        },
        "confusion_matrix": [
            [
                723,
                193
            ],
            [
                428,
                488
            ]
        ]
    },
    "rf_results": {
        "Rush": {
            "precision": 0.6921587608906099,
            "recall": 0.7805676855895196,
            "f1-score": 0.7337095946639303,
            "support": 916.0
        },
        "Pass": {
            "precision": 0.7484355444305382,
            "recall": 0.6528384279475983,
            "f1-score": 0.6973760932944606,
            "support": 916.0
        },
        "accuracy": 0.7167030567685589,
        "macro avg": {
            "precision": 0.720297152660574,
            "recall": 0.7167030567685589,
            "f1-score": 0.7155428439791954,
            "support": 1832.0
        },
        "weighted avg": {
            "precision": 0.720297152660574,
            "recall": 0.7167030567685589,
            "f1-score": 0.7155428439791954,
            "support": 1832.0
        },
        "confusion_matrix": [
            [
                715,
                201
            ],
            [
                318,
                598
            ]
        ]
    },
    "mlp_results": {
        "Rush": {
            "precision": 0.6728060671722643,
            "recall": 0.6779475982532751,
            "f1-score": 0.6753670473083198,
            "support": 916.0
        },
        "Pass": {
            "precision": 0.6754675467546755,
            "recall": 0.6703056768558951,
            "f1-score": 0.6728767123287671,
            "support": 916.0
        },
        "accuracy": 0.6741266375545851,
        "macro avg": {
            "precision": 0.6741368069634699,
            "recall": 0.6741266375545851,
            "f1-score": 0.6741218798185434,
            "support": 1832.0
        },
        "weighted avg": {
            "precision": 0.6741368069634699,
            "recall": 0.6741266375545851,
            "f1-score": 0.6741218798185434,
            "support": 1832.0
        },
        "confusion_matrix": [
            [
                621,
                295
            ],
            [
                302,
                614
            ]
        ]
    },