{
    "last_gcn_results": {
        "Rush": {
            "precision": 0.6138044371405095,
            "recall": 0.8155021834061136,
            "f1-score": 0.70042194092827,
            "support": 916.0
        },
        "Pass": {
            "precision": 0.7252032520325203,
            "recall": 0.4868995633187773,
            "f1-score": 0.5826257348138472,
            "support": 916.0
        },
        "accuracy": 0.6512008733624454,
        "macro avg": {
            "precision": 0.6695038445865149,
            "recall": 0.6512008733624455,
            "f1-score": 0.6415238378710586,
            "support": 1832.0
        },
        "weighted avg": {
            "precision": 0.6695038445865149,
            "recall": 0.6512008733624454,
            "f1-score": 0.6415238378710586,
            "support": 1832.0
        },
        "confusion_matrix": [
            [
                747,
                169
            ],
            [
                470,
                446
            ]
        ]
    },
    "best_gcn_results": {
        "Rush": {
            "precision": 0.6138044371405095,
            "recall": 0.8155021834061136,
            "f1-score": 0.70042194092827,
            "support": 916.0
        },
        "Pass": {
            "precision": 0.7252032520325203,
            "recall": 0.4868995633187773,
            "f1-score": 0.5826257348138472,
            "support": 916.0
        },
        "accuracy": 0.6512008733624454,
        "macro avg": {
            "precision": 0.6695038445865149,
            "recall": 0.6512008733624455,
            "f1-score": 0.6415238378710586,
            "support": 1832.0
        },
        "weighted avg": {
            "precision": 0.6695038445865149,
            "recall": 0.6512008733624454,
            "f1-score": 0.6415238378710586,
            "support": 1832.0
        },
        "confusion_matrix": [
            [
                747,
                169
            ],
            [
                470,
                446
            ]
        ]
    },
    "rf_results": {
        "Rush": {
            "precision": 0.6889952153110048,
            "recall": 0.7860262008733624,
            "f1-score": 0.7343192248852626,
            "support": 916.0
        },
        "Pass": {
            "precision": 0.7509529860228716,
            "recall": 0.6451965065502183,
            "f1-score": 0.6940692894891368,
            "support": 916.0
        },
        "accuracy": 0.7156113537117904,
        "macro avg": {
            "precision": 0.7199741006669382,
            "recall": 0.7156113537117903,
            "f1-score": 0.7141942571871998,
            "support": 1832.0
        },
        "weighted avg": {
            "precision": 0.7199741006669382,
            "recall": 0.7156113537117904,
            "f1-score": 0.7141942571871998,
            "support": 1832.0
        },
        "confusion_matrix": [
            [
                720,
                196
            ],
            [
                325,
                591
            ]
        ]
    },
    "mlp_results": {
        "Rush": {
            "precision": 0.6556016597510373,
            "recall": 0.6899563318777293,
            "f1-score": 0.6723404255319149,
            "support": 916.0
        },
        "Pass": {
            "precision": 0.6728110599078341,
            "recall": 0.6375545851528385,
            "f1-score": 0.6547085201793722,
            "support": 916.0
        },
        "accuracy": 0.6637554585152838,
        "macro avg": {
            "precision": 0.6642063598294357,
            "recall": 0.6637554585152838,
            "f1-score": 0.6635244728556435,
            "support": 1832.0
        },
        "weighted avg": {
            "precision": 0.6642063598294358,
            "recall": 0.6637554585152838,
            "f1-score": 0.6635244728556436,
            "support": 1832.0
        },
        "confusion_matrix": [
            [
                632,
                284
            ],
            [
                332,
                584
            ]
        ]
    },