{
    "last_gcn_results": {
        "Rush": {
            "precision": 0.750253807106599,
            "recall": 0.8067685589519651,
            "f1-score": 0.7774855339295108,
            "support": 916.0
        },
        "Pass": {
            "precision": 0.8668171557562077,
            "recall": 0.8240343347639485,
            "f1-score": 0.8448844884488449,
            "support": 1398.0
        },
        "accuracy": 0.817199654278306,
        "macro avg": {
            "precision": 0.8085354814314033,
            "recall": 0.8154014468579568,
            "f1-score": 0.8111850111891779,
            "support": 2314.0
        },
        "weighted avg": {
            "precision": 0.8206753980366565,
            "recall": 0.817199654278306,
            "f1-score": 0.8182045220099037,
            "support": 2314.0
        },
        "confusion_matrix": [
            [
                739,
                177
            ],
            [
                246,
                1152
            ]
        ]
    },
    "best_gcn_results": {
        "Rush": {
            "precision": 0.750253807106599,
            "recall": 0.8067685589519651,
            "f1-score": 0.7774855339295108,
            "support": 916.0
        },
        "Pass": {
            "precision": 0.8668171557562077,
            "recall": 0.8240343347639485,
            "f1-score": 0.8448844884488449,
            "support": 1398.0
        },
        "accuracy": 0.817199654278306,
        "macro avg": {
            "precision": 0.8085354814314033,
            "recall": 0.8154014468579568,
            "f1-score": 0.8111850111891779,
            "support": 2314.0
        },
        "weighted avg": {
            "precision": 0.8206753980366565,
            "recall": 0.817199654278306,
            "f1-score": 0.8182045220099037,
            "support": 2314.0
        },
        "confusion_matrix": [
            [
                739,
                177
            ],
            [
                246,
                1152
            ]
        ]
    },
    "rf_results": {
        "Rush": {
            "precision": 0.6759156492785794,
            "recall": 0.6648471615720524,
            "f1-score": 0.6703357182168409,
            "support": 916.0
        },
        "Pass": {
            "precision": 0.7827317763623496,
            "recall": 0.7911301859799714,
            "f1-score": 0.7869085734614016,
            "support": 1398.0
        },
        "accuracy": 0.7411408815903198,
        "macro avg": {
            "precision": 0.7293237128204645,
            "recall": 0.727988673776012,
            "f1-score": 0.7286221458391213,
            "support": 2314.0
        },
        "weighted avg": {
            "precision": 0.7404484693577111,
            "recall": 0.7411408815903198,
            "f1-score": 0.7407630525435028,
            "support": 2314.0
        },
        "confusion_matrix": [
            [
                609,
                307
            ],
            [
                292,
                1106
            ]
        ]
    },
    "mlp_results": {
        "Rush": {
            "precision": 0.5997952917093142,
            "recall": 0.6397379912663755,
            "f1-score": 0.6191230850501849,
            "support": 916.0
        },
        "Pass": {
            "precision": 0.7531787584143605,
            "recall": 0.7203147353361946,
            "f1-score": 0.7363802559414991,
            "support": 1398.0
        },
        "accuracy": 0.6884183232497839,
        "macro avg": {
            "precision": 0.6764870250618373,
            "recall": 0.6800263633012851,
            "f1-score": 0.677751670495842,
            "support": 2314.0
        },
        "weighted avg": {
            "precision": 0.6924617076356991,
            "recall": 0.6884183232497839,
            "f1-score": 0.6899638477580747,
            "support": 2314.0
        },
        "confusion_matrix": [
            [
                586,
                330
            ],
            [
                391,
                1007
            ]
        ]
    },