{
    "last_gcn_results": {
        "Rush": {
            "precision": 0.6694835680751173,
            "recall": 0.7783842794759825,
            "f1-score": 0.7198384654215043,
            "support": 916.0
        },
        "Pass": {
            "precision": 0.8374699759807847,
            "recall": 0.748211731044349,
            "f1-score": 0.7903286739705326,
            "support": 1398.0
        },
        "accuracy": 0.7601555747623163,
        "macro avg": {
            "precision": 0.7534767720279509,
            "recall": 0.7632980052601658,
            "f1-score": 0.7550835696960185,
            "support": 2314.0
        },
        "weighted avg": {
            "precision": 0.7709723313647124,
            "recall": 0.7601555747623163,
            "f1-score": 0.7624250304826717,
            "support": 2314.0
        },
        "confusion_matrix": [
            [
                713,
                203
            ],
            [
                352,
                1046
            ]
        ]
    },
    "best_gcn_results": {
        "Rush": {
            "precision": 0.6694835680751173,
            "recall": 0.7783842794759825,
            "f1-score": 0.7198384654215043,
            "support": 916.0
        },
        "Pass": {
            "precision": 0.8374699759807847,
            "recall": 0.748211731044349,
            "f1-score": 0.7903286739705326,
            "support": 1398.0
        },
        "accuracy": 0.7601555747623163,
        "macro avg": {
            "precision": 0.7534767720279509,
            "recall": 0.7632980052601658,
            "f1-score": 0.7550835696960185,
            "support": 2314.0
        },
        "weighted avg": {
            "precision": 0.7709723313647124,
            "recall": 0.7601555747623163,
            "f1-score": 0.7624250304826717,
            "support": 2314.0
        },
        "confusion_matrix": [
            [
                713,
                203
            ],
            [
                352,
                1046
            ]
        ]
    },
    "rf_results": {
        "Rush": {
            "precision": 0.6607565011820331,
            "recall": 0.6102620087336245,
            "f1-score": 0.6345062429057888,
            "support": 916.0
        },
        "Pass": {
            "precision": 0.7568119891008175,
            "recall": 0.7947067238912733,
            "f1-score": 0.7752965806001396,
            "support": 1398.0
        },
        "accuracy": 0.7216940363007779,
        "macro avg": {
            "precision": 0.7087842451414252,
            "recall": 0.7024843663124489,
            "f1-score": 0.7049014117529642,
            "support": 2314.0
        },
        "weighted avg": {
            "precision": 0.7187882955253609,
            "recall": 0.7216940363007779,
            "f1-score": 0.719564536811019,
            "support": 2314.0
        },
        "confusion_matrix": [
            [
                559,
                357
            ],
            [
                287,
                1111
            ]
        ]
    },
    "mlp_results": {
        "Rush": {
            "precision": 0.5865800865800865,
            "recall": 0.5917030567685589,
            "f1-score": 0.5891304347826087,
            "support": 916.0
        },
        "Pass": {
            "precision": 0.7309352517985611,
            "recall": 0.7267525035765379,
            "f1-score": 0.7288378766140603,
            "support": 1398.0
        },
        "accuracy": 0.6732929991356957,
        "macro avg": {
            "precision": 0.6587576691893238,
            "recall": 0.6592277801725483,
            "f1-score": 0.6589841556983345,
            "support": 2314.0
        },
        "weighted avg": {
            "precision": 0.673792066258318,
            "recall": 0.6732929991356957,
            "f1-score": 0.6735344986029931,
            "support": 2314.0
        },
        "confusion_matrix": [
            [
                542,
                374
            ],
            [
                382,
                1016
            ]
        ]
    },
    "train_losses": [
        1.2970486863357893,
        0.39888296886627317,
        0.24166979855760667,
        0.1493678335398629,
        0.07342795271318436,
        0.04237999418554549,
        0.02886156430238256,
        0.02401298836473261,
        0.022302620161255424,
        0.02164087618960286,
        0.021262543302550042,
        0.02109332878524635,
        0.02078515492389337,
        0.020857039776162017,
        0.02050649131958952,
        0.02076812731347936,
        0.02044794333543369,
        0.020359541780759844,
        0.020321169104838156,
        0.02012528336600069,
        0.020232952992568436,
        0.020262897981807092,
        0.019928937425658797,
        0.019715244147953972,
        0.01972556591343436,
        0.019578003679607298,
        0.019352855632337126,
        0.019423505358239987,
        0.019252030584317997,
        0.019236777275994144,
        0.019202788675156367,
        0.01908181960424888,
        0.019038343986666394,
        0.018877813100092653,
        0.01842991468040833,
        0.018422650380446146,
        0.018354707958893258,
        0.01834178714977101,
        0.01826763382622402,
        0.018765798382612598,
        0.018067578818570067,
        0.017992140268258128,
        0.017911031062032484,
        0.017924336373986542,
        0.017916323405125088,
        0.017745356534477542,
        0.017573399932701215,
        0.017098638014275497,
        0.01701126865678306,
        0.01726579016186571,
        0.017188844086029272,
        0.016750008228897068,
        0.016549273454900534,
        0.01671379677587028,
        0.016481530106671183,
        0.01647209923848194,
        0.016667015608746682,
        0.01638964495582531,
        0.016415123465462506,
        0.016264739773171333,
        0.016962133576889565,
        0.016191268498533373,
        0.01595418186788175,
        0.01623133044127312,
        0.015840975547548704,
        0.01607052950258639,
        0.015782325892466996,
        0.016540107944732825,
        0.01600228791007847,
        0.015743428638929517,
        0.016042420367356865,
        0.015966766288609588,
        0.01556168056215264,
        0.015518168578257245,
        0.014988352653011518,
        0.01583548739378404,
        0.015689115021869458,
        0.01556414986059089,
        0.015381906931145477,
        0.015431129161231396,
        0.01555466421080688,
        0.015167890567121336,
        0.015534382157127664,
        0.015225586657501412,
        0.015455842624232656,
        0.015130026755215336,
        0.014959285149374136,
        0.015096120365457275,
        0.015065922733510742,
        0.015156399656920555,
        0.014783817431669842,
        0.014815605013002208,
        0.014903115122311046,
        0.01483427859239896,
        0.014884926149825521,
        0.015031087906625764,
        0.014981620487636531,
        0.015081667915560476,
        0.014727647249856484,
        0.014572821844454608,
        0.01478351036845116,
        0.01438762876235371,
        0.01455662196098288,
        0.014884659631176977,
        0.014517129795832945,
        0.014162521878654747,
        0.01442973061022641,
        0.014280827233204332,
        0.014232152445086252,
        0.014596049982146853,
        0.014465458952261225,
        0.014493150932352454,
        0.013887060824692998,
        0.014316970318852436,
        0.014309286858446409,
        0.014106363573924436,
        0.013773300569328793,
        0.013976100730669029,
        0.014665105277354044,
        0.013814338792819887,
        0.013717902539767832,
        0.013888960326197651,
        0.013859161621097463
    ],