{
    "last_gcn_results": {
        "Rush": {
            "precision": 0.7440225035161744,
            "recall": 0.5775109170305677,
            "f1-score": 0.6502765826674862,
            "support": 916.0
        },
        "Pass": {
            "precision": 0.7585776668746101,
            "recall": 0.8698140200286123,
            "f1-score": 0.8103965344885038,
            "support": 1398.0
        },
        "accuracy": 0.7541054451166811,
        "macro avg": {
            "precision": 0.7513000851953923,
            "recall": 0.72366246852959,
            "f1-score": 0.7303365585779951,
            "support": 2314.0
        },
        "weighted avg": {
            "precision": 0.752815985960035,
            "recall": 0.7541054451166811,
            "f1-score": 0.7470128370520076,
            "support": 2314.0
        },
        "confusion_matrix": [
            [
                529,
                387
            ],
            [
                182,
                1216
            ]
        ]
    },
    "best_gcn_results": {
        "Rush": {
            "precision": 0.7440225035161744,
            "recall": 0.5775109170305677,
            "f1-score": 0.6502765826674862,
            "support": 916.0
        },
        "Pass": {
            "precision": 0.7585776668746101,
            "recall": 0.8698140200286123,
            "f1-score": 0.8103965344885038,
            "support": 1398.0
        },
        "accuracy": 0.7541054451166811,
        "macro avg": {
            "precision": 0.7513000851953923,
            "recall": 0.72366246852959,
            "f1-score": 0.7303365585779951,
            "support": 2314.0
        },
        "weighted avg": {
            "precision": 0.752815985960035,
            "recall": 0.7541054451166811,
            "f1-score": 0.7470128370520076,
            "support": 2314.0
        },
        "confusion_matrix": [
            [
                529,
                387
            ],
            [
                182,
                1216
            ]
        ]
    },
    "rf_results": {
        "Rush": {
            "precision": 0.6731470230862697,
            "recall": 0.6048034934497817,
            "f1-score": 0.6371477860839563,
            "support": 916.0
        },
        "Pass": {
            "precision": 0.7572099262240107,
            "recall": 0.8075822603719599,
            "f1-score": 0.7815853236413984,
            "support": 1398.0
        },
        "accuracy": 0.7273120138288678,
        "macro avg": {
            "precision": 0.7151784746551402,
            "recall": 0.7061928769108707,
            "f1-score": 0.7093665548626773,
            "support": 2314.0
        },
        "weighted avg": {
            "precision": 0.723933513400255,
            "recall": 0.7273120138288678,
            "f1-score": 0.724409530900423,
            "support": 2314.0
        },
        "confusion_matrix": [
            [
                554,
                362
            ],
            [
                269,
                1129
            ]
        ]
    },
    "mlp_results": {
        "Rush": {
            "precision": 0.6270270270270271,
            "recall": 0.6331877729257642,
            "f1-score": 0.6300923411189571,
            "support": 916.0
        },
        "Pass": {
            "precision": 0.7580993520518359,
            "recall": 0.7532188841201717,
            "f1-score": 0.7556512378902045,
            "support": 1398.0
        },
        "accuracy": 0.7057044079515989,
        "macro avg": {
            "precision": 0.6925631895394315,
            "recall": 0.693203328522968,
            "f1-score": 0.6928717895045808,
            "support": 2314.0
        },
        "weighted avg": {
            "precision": 0.7062141965968985,
            "recall": 0.7057044079515989,
            "f1-score": 0.7059485803956226,
            "support": 2314.0
        },
        "confusion_matrix": [
            [
                580,
                336
            ],
            [
                345,
                1053
            ]
        ]
    },