{
    "last_gcn_results": {
        "Rush": {
            "precision": 0.6315289648622981,
            "recall": 0.7259825327510917,
            "f1-score": 0.675469781615033,
            "support": 916.0
        },
        "Pass": {
            "precision": 0.6777920410783055,
            "recall": 0.5764192139737991,
            "f1-score": 0.6230088495575221,
            "support": 916.0
        },
        "accuracy": 0.6512008733624454,
        "macro avg": {
            "precision": 0.6546605029703019,
            "recall": 0.6512008733624455,
            "f1-score": 0.6492393155862776,
            "support": 1832.0
        },
        "weighted avg": {
            "precision": 0.6546605029703018,
            "recall": 0.6512008733624454,
            "f1-score": 0.6492393155862777,
            "support": 1832.0
        },
        "confusion_matrix": [
            [
                665,
                251
            ],
            [
                388,
                528
            ]
        ]
    },
    "best_gcn_results": {
        "Rush": {
            "precision": 0.6315289648622981,
            "recall": 0.7259825327510917,
            "f1-score": 0.675469781615033,
            "support": 916.0
        },
        "Pass": {
            "precision": 0.6777920410783055,
            "recall": 0.5764192139737991,
            "f1-score": 0.6230088495575221,
            "support": 916.0
        },
        "accuracy": 0.6512008733624454,
        "macro avg": {
            "precision": 0.6546605029703019,
            "recall": 0.6512008733624455,
            "f1-score": 0.6492393155862776,
            "support": 1832.0
        },
        "weighted avg": {
            "precision": 0.6546605029703018,
            "recall": 0.6512008733624454,
            "f1-score": 0.6492393155862777,
            "support": 1832.0
        },
        "confusion_matrix": [
            [
                665,
                251
            ],
            [
                388,
                528
            ]
        ]
    },
    "rf_results": {
        "Rush": {
            "precision": 0.6866791744840526,
            "recall": 0.7991266375545851,
            "f1-score": 0.7386478304742684,
            "support": 916.0
        },
        "Pass": {
            "precision": 0.7597911227154047,
            "recall": 0.6353711790393013,
            "f1-score": 0.6920332936979786,
            "support": 916.0
        },
        "accuracy": 0.7172489082969432,
        "macro avg": {
            "precision": 0.7232351485997286,
            "recall": 0.7172489082969432,
            "f1-score": 0.7153405620861235,
            "support": 1832.0
        },
        "weighted avg": {
            "precision": 0.7232351485997287,
            "recall": 0.7172489082969432,
            "f1-score": 0.7153405620861236,
            "support": 1832.0
        },
        "confusion_matrix": [
            [
                732,
                184
            ],
            [
                334,
                582
            ]
        ]
    },
    "mlp_results": {
        "Rush": {
            "precision": 0.6635416666666667,
            "recall": 0.6954148471615721,
            "f1-score": 0.6791044776119403,
            "support": 916.0
        },
        "Pass": {
            "precision": 0.680045871559633,
            "recall": 0.6473799126637555,
            "f1-score": 0.6633109619686801,
            "support": 916.0
        },
        "accuracy": 0.6713973799126638,
        "macro avg": {
            "precision": 0.6717937691131499,
            "recall": 0.6713973799126638,
            "f1-score": 0.6712077197903101,
            "support": 1832.0
        },
        "weighted avg": {
            "precision": 0.6717937691131498,
            "recall": 0.6713973799126638,
            "f1-score": 0.6712077197903102,
            "support": 1832.0
        },
        "confusion_matrix": [
            [
                637,
                279
            ],
            [
                323,
                593
            ]
        ]
    },