{
    "last_gcn_results": {
        "Rush": {
            "precision": 0.7243293246993524,
            "recall": 0.8548034934497817,
            "f1-score": 0.7841762643965949,
            "support": 916.0
        },
        "Pass": {
            "precision": 0.8229027962716379,
            "recall": 0.6746724890829694,
            "f1-score": 0.7414517096580684,
            "support": 916.0
        },
        "accuracy": 0.7647379912663755,
        "macro avg": {
            "precision": 0.7736160604854951,
            "recall": 0.7647379912663755,
            "f1-score": 0.7628139870273316,
            "support": 1832.0
        },
        "weighted avg": {
            "precision": 0.7736160604854952,
            "recall": 0.7647379912663755,
            "f1-score": 0.7628139870273316,
            "support": 1832.0
        },
        "confusion_matrix": [
            [
                783,
                133
            ],
            [
                298,
                618
            ]
        ]
    },
    "best_gcn_results": {
        "Rush": {
            "precision": 0.7243293246993524,
            "recall": 0.8548034934497817,
            "f1-score": 0.7841762643965949,
            "support": 916.0
        },
        "Pass": {
            "precision": 0.8229027962716379,
            "recall": 0.6746724890829694,
            "f1-score": 0.7414517096580684,
            "support": 916.0
        },
        "accuracy": 0.7647379912663755,
        "macro avg": {
            "precision": 0.7736160604854951,
            "recall": 0.7647379912663755,
            "f1-score": 0.7628139870273316,
            "support": 1832.0
        },
        "weighted avg": {
            "precision": 0.7736160604854952,
            "recall": 0.7647379912663755,
            "f1-score": 0.7628139870273316,
            "support": 1832.0
        },
        "confusion_matrix": [
            [
                783,
                133
            ],
            [
                298,
                618
            ]
        ]
    },
    "rf_results": {
        "Rush": {
            "precision": 0.6898238747553816,
            "recall": 0.769650655021834,
            "f1-score": 0.7275541795665634,
            "support": 916.0
        },
        "Pass": {
            "precision": 0.7395061728395061,
            "recall": 0.6539301310043668,
            "f1-score": 0.694090382387022,
            "support": 916.0
        },
        "accuracy": 0.7117903930131004,
        "macro avg": {
            "precision": 0.7146650237974439,
            "recall": 0.7117903930131004,
            "f1-score": 0.7108222809767928,
            "support": 1832.0
        },
        "weighted avg": {
            "precision": 0.7146650237974438,
            "recall": 0.7117903930131004,
            "f1-score": 0.7108222809767928,
            "support": 1832.0
        },
        "confusion_matrix": [
            [
                705,
                211
            ],
            [
                317,
                599
            ]
        ]
    },
    "mlp_results": {
        "Rush": {
            "precision": 0.6423576423576424,
            "recall": 0.7019650655021834,
            "f1-score": 0.6708398539384455,
            "support": 916.0
        },
        "Pass": {
            "precision": 0.6714801444043321,
            "recall": 0.6091703056768559,
            "f1-score": 0.6388093875214653,
            "support": 916.0
        },
        "accuracy": 0.6555676855895196,
        "macro avg": {
            "precision": 0.6569188933809873,
            "recall": 0.6555676855895196,
            "f1-score": 0.6548246207299554,
            "support": 1832.0
        },
        "weighted avg": {
            "precision": 0.6569188933809872,
            "recall": 0.6555676855895196,
            "f1-score": 0.6548246207299554,
            "support": 1832.0
        },
        "confusion_matrix": [
            [
                643,
                273
            ],
            [
                358,
                558
            ]
        ]
    },