{
    "last_gcn_results": {
        "Rush": {
            "precision": 0.7220956719817767,
            "recall": 0.6921397379912664,
            "f1-score": 0.7068004459308808,
            "support": 916.0
        },
        "Pass": {
            "precision": 0.8036211699164345,
            "recall": 0.8254649499284692,
            "f1-score": 0.8143966125617502,
            "support": 1398.0
        },
        "accuracy": 0.7726879861711322,
        "macro avg": {
            "precision": 0.7628584209491056,
            "recall": 0.7588023439598678,
            "f1-score": 0.7605985292463155,
            "support": 2314.0
        },
        "weighted avg": {
            "precision": 0.7713491923416089,
            "recall": 0.7726879861711322,
            "f1-score": 0.7718045258573957,
            "support": 2314.0
        },
        "confusion_matrix": [
            [
                634,
                282
            ],
            [
                244,
                1154
            ]
        ]
    },
    "best_gcn_results": {
        "Rush": {
            "precision": 0.7220956719817767,
            "recall": 0.6921397379912664,
            "f1-score": 0.7068004459308808,
            "support": 916.0
        },
        "Pass": {
            "precision": 0.8036211699164345,
            "recall": 0.8254649499284692,
            "f1-score": 0.8143966125617502,
            "support": 1398.0
        },
        "accuracy": 0.7726879861711322,
        "macro avg": {
            "precision": 0.7628584209491056,
            "recall": 0.7588023439598678,
            "f1-score": 0.7605985292463155,
            "support": 2314.0
        },
        "weighted avg": {
            "precision": 0.7713491923416089,
            "recall": 0.7726879861711322,
            "f1-score": 0.7718045258573957,
            "support": 2314.0
        },
        "confusion_matrix": [
            [
                634,
                282
            ],
            [
                244,
                1154
            ]
        ]
    },
    "rf_results": {
        "Rush": {
            "precision": 0.6619883040935672,
            "recall": 0.6179039301310044,
            "f1-score": 0.6391869000564653,
            "support": 916.0
        },
        "Pass": {
            "precision": 0.7601096641535298,
            "recall": 0.7932761087267525,
            "f1-score": 0.776338816940847,
            "support": 1398.0
        },
        "accuracy": 0.7238547968885047,
        "macro avg": {
            "precision": 0.7110489841235486,
            "recall": 0.7055900194288784,
            "f1-score": 0.7077628584986562,
            "support": 2314.0
        },
        "weighted avg": {
            "precision": 0.7212681923233978,
            "recall": 0.7238547968885047,
            "f1-score": 0.7220470469036414,
            "support": 2314.0
        },
        "confusion_matrix": [
            [
                566,
                350
            ],
            [
                289,
                1109
            ]
        ]
    },
    "mlp_results": {
        "Rush": {
            "precision": 0.6274509803921569,
            "recall": 0.5938864628820961,
            "f1-score": 0.6102075154234436,
            "support": 916.0
        },
        "Pass": {
            "precision": 0.7429163787145819,
            "recall": 0.7689556509298998,
            "f1-score": 0.7557117750439367,
            "support": 1398.0
        },
        "accuracy": 0.6996542783059637,
        "macro avg": {
            "precision": 0.6851836795533695,
            "recall": 0.681421056905998,
            "f1-score": 0.6829596452336901,
            "support": 2314.0
        },
        "weighted avg": {
            "precision": 0.6972092461029392,
            "recall": 0.6996542783059637,
            "f1-score": 0.6981137189452454,
            "support": 2314.0
        },
        "confusion_matrix": [
            [
                544,
                372
            ],
            [
                323,
                1075
            ]
        ]
    },