{
    "last_gcn_results": {
        "Rush": {
            "precision": 0.7578313253012048,
            "recall": 0.6866812227074236,
            "f1-score": 0.720504009163803,
            "support": 916.0
        },
        "Pass": {
            "precision": 0.8066037735849056,
            "recall": 0.8562231759656652,
            "f1-score": 0.8306731436502429,
            "support": 1398.0
        },
        "accuracy": 0.7891097666378565,
        "macro avg": {
            "precision": 0.7822175494430552,
            "recall": 0.7714521993365444,
            "f1-score": 0.775588576407023,
            "support": 2314.0
        },
        "weighted avg": {
            "precision": 0.7872971345927405,
            "recall": 0.7891097666378565,
            "f1-score": 0.7870625441733289,
            "support": 2314.0
        },
        "confusion_matrix": [
            [
                629,
                287
            ],
            [
                201,
                1197
            ]
        ]
    },
    "best_gcn_results": {
        "Rush": {
            "precision": 0.7578313253012048,
            "recall": 0.6866812227074236,
            "f1-score": 0.720504009163803,
            "support": 916.0
        },
        "Pass": {
            "precision": 0.8066037735849056,
            "recall": 0.8562231759656652,
            "f1-score": 0.8306731436502429,
            "support": 1398.0
        },
        "accuracy": 0.7891097666378565,
        "macro avg": {
            "precision": 0.7822175494430552,
            "recall": 0.7714521993365444,
            "f1-score": 0.775588576407023,
            "support": 2314.0
        },
        "weighted avg": {
            "precision": 0.7872971345927405,
            "recall": 0.7891097666378565,
            "f1-score": 0.7870625441733289,
            "support": 2314.0
        },
        "confusion_matrix": [
            [
                629,
                287
            ],
            [
                201,
                1197
            ]
        ]
    },
    "rf_results": {
        "Rush": {
            "precision": 0.6777041942604857,
            "recall": 0.6703056768558951,
            "f1-score": 0.6739846322722283,
            "support": 916.0
        },
        "Pass": {
            "precision": 0.7855113636363636,
            "recall": 0.7911301859799714,
            "f1-score": 0.7883107626514612,
            "support": 1398.0
        },
        "accuracy": 0.7433016421780466,
        "macro avg": {
            "precision": 0.7316077789484247,
            "recall": 0.7307179314179333,
            "f1-score": 0.7311476974618447,
            "support": 2314.0
        },
        "weighted avg": {
            "precision": 0.7428357512127232,
            "recall": 0.7433016421780466,
            "f1-score": 0.7430546107813759,
            "support": 2314.0
        },
        "confusion_matrix": [
            [
                614,
                302
            ],
            [
                292,
                1106
            ]
        ]
    },
    "mlp_results": {
        "Rush": {
            "precision": 0.6048034934497817,
            "recall": 0.6048034934497817,
            "f1-score": 0.6048034934497817,
            "support": 916.0
        },
        "Pass": {
            "precision": 0.7410586552217453,
            "recall": 0.7410586552217453,
            "f1-score": 0.7410586552217453,
            "support": 1398.0
        },
        "accuracy": 0.6871218668971478,
        "macro avg": {
            "precision": 0.6729310743357635,
            "recall": 0.6729310743357635,
            "f1-score": 0.6729310743357635,
            "support": 2314.0
        },
        "weighted avg": {
            "precision": 0.6871218668971478,
            "recall": 0.6871218668971478,
            "f1-score": 0.6871218668971478,
            "support": 2314.0
        },
        "confusion_matrix": [
            [
                554,
                362
            ],
            [
                362,
                1036
            ]
        ]
    },