{
    "last_gcn_results": {
        "Rush": {
            "precision": 0.6444866920152091,
            "recall": 0.3700873362445415,
            "f1-score": 0.47018030513176146,
            "support": 916.0
        },
        "Pass": {
            "precision": 0.6772930648769575,
            "recall": 0.8662374821173104,
            "f1-score": 0.7602008788449467,
            "support": 1398.0
        },
        "accuracy": 0.6698357821953328,
        "macro avg": {
            "precision": 0.6608898784460833,
            "recall": 0.6181624091809259,
            "f1-score": 0.615190591988354,
            "support": 2314.0
        },
        "weighted avg": {
            "precision": 0.6643066182298696,
            "recall": 0.6698357821953328,
            "f1-score": 0.6453958462082666,
            "support": 2314.0
        },
        "confusion_matrix": [
            [
                339,
                577
            ],
            [
                187,
                1211
            ]
        ]
    },
    "best_gcn_results": {
        "Rush": {
            "precision": 0.6444866920152091,
            "recall": 0.3700873362445415,
            "f1-score": 0.47018030513176146,
            "support": 916.0
        },
        "Pass": {
            "precision": 0.6772930648769575,
            "recall": 0.8662374821173104,
            "f1-score": 0.7602008788449467,
            "support": 1398.0
        },
        "accuracy": 0.6698357821953328,
        "macro avg": {
            "precision": 0.6608898784460833,
            "recall": 0.6181624091809259,
            "f1-score": 0.615190591988354,
            "support": 2314.0
        },
        "weighted avg": {
            "precision": 0.6643066182298696,
            "recall": 0.6698357821953328,
            "f1-score": 0.6453958462082666,
            "support": 2314.0
        },
        "confusion_matrix": [
            [
                339,
                577
            ],
            [
                187,
                1211
            ]
        ]
    },
    "rf_results": {
        "Rush": {
            "precision": 0.65625,
            "recall": 0.618995633187773,
            "f1-score": 0.6370786516853932,
            "support": 916.0
        },
        "Pass": {
            "precision": 0.7593103448275862,
            "recall": 0.7875536480686696,
            "f1-score": 0.7731741573033708,
            "support": 1398.0
        },
        "accuracy": 0.7208297320656871,
        "macro avg": {
            "precision": 0.7077801724137931,
            "recall": 0.7032746406282213,
            "f1-score": 0.705126404494382,
            "support": 2314.0
        },
        "weighted avg": {
            "precision": 0.7185137692605729,
            "recall": 0.7208297320656871,
            "f1-score": 0.7193005690812154,
            "support": 2314.0
        },
        "confusion_matrix": [
            [
                567,
                349
            ],
            [
                297,
                1101
            ]
        ]
    },
    "mlp_results": {
        "Rush": {
            "precision": 0.592274678111588,
            "recall": 0.6026200873362445,
            "f1-score": 0.5974025974025974,
            "support": 916.0
        },
        "Pass": {
            "precision": 0.7366136034732272,
            "recall": 0.7281831187410587,
            "f1-score": 0.7323741007194244,
            "support": 1398.0
        },
        "accuracy": 0.6784788245462403,
        "macro avg": {
            "precision": 0.6644441407924075,
            "recall": 0.6654016030386516,
            "f1-score": 0.6648883490610109,
            "support": 2314.0
        },
        "weighted avg": {
            "precision": 0.6794768465020684,
            "recall": 0.6784788245462403,
            "f1-score": 0.6789454503139735,
            "support": 2314.0
        },
        "confusion_matrix": [
            [
                552,
                364
            ],
            [
                380,
                1018
            ]
        ]
    },