{
    "last_gcn_results": {
        "Rush": {
            "precision": 0.7560693641618497,
            "recall": 0.7139737991266376,
            "f1-score": 0.7344188658057271,
            "support": 916.0
        },
        "Pass": {
            "precision": 0.8191856452726018,
            "recall": 0.8490701001430615,
            "f1-score": 0.8338602037232175,
            "support": 1398.0
        },
        "accuracy": 0.7955920484010371,
        "macro avg": {
            "precision": 0.7876275047172258,
            "recall": 0.7815219496348496,
            "f1-score": 0.7841395347644723,
            "support": 2314.0
        },
        "weighted avg": {
            "precision": 0.7942009808398235,
            "recall": 0.7955920484010371,
            "f1-score": 0.7944962168898462,
            "support": 2314.0
        },
        "confusion_matrix": [
            [
                654,
                262
            ],
            [
                211,
                1187
            ]
        ]
    },
    "best_gcn_results": {
        "Rush": {
            "precision": 0.7560693641618497,
            "recall": 0.7139737991266376,
            "f1-score": 0.7344188658057271,
            "support": 916.0
        },
        "Pass": {
            "precision": 0.8191856452726018,
            "recall": 0.8490701001430615,
            "f1-score": 0.8338602037232175,
            "support": 1398.0
        },
        "accuracy": 0.7955920484010371,
        "macro avg": {
            "precision": 0.7876275047172258,
            "recall": 0.7815219496348496,
            "f1-score": 0.7841395347644723,
            "support": 2314.0
        },
        "weighted avg": {
            "precision": 0.7942009808398235,
            "recall": 0.7955920484010371,
            "f1-score": 0.7944962168898462,
            "support": 2314.0
        },
        "confusion_matrix": [
            [
                654,
                262
            ],
            [
                211,
                1187
            ]
        ]
    },
    "rf_results": {
        "Rush": {
            "precision": 0.6711560044893379,
            "recall": 0.6528384279475983,
            "f1-score": 0.6618705035971223,
            "support": 916.0
        },
        "Pass": {
            "precision": 0.7765284609978917,
            "recall": 0.790414878397711,
            "f1-score": 0.783410138248848,
            "support": 1398.0
        },
        "accuracy": 0.7359550561797753,
        "macro avg": {
            "precision": 0.7238422327436148,
            "recall": 0.7216266531726546,
            "f1-score": 0.7226403209229851,
            "support": 2314.0
        },
        "weighted avg": {
            "precision": 0.734816632924497,
            "recall": 0.7359550561797753,
            "f1-score": 0.73529851104877,
            "support": 2314.0
        },
        "confusion_matrix": [
            [
                598,
                318
            ],
            [
                293,
                1105
            ]
        ]
    },
    "mlp_results": {
        "Rush": {
            "precision": 0.6127612761276128,
            "recall": 0.6080786026200873,
            "f1-score": 0.6104109589041096,
            "support": 916.0
        },
        "Pass": {
            "precision": 0.7444839857651245,
            "recall": 0.748211731044349,
            "f1-score": 0.7463432037103104,
            "support": 1398.0
        },
        "accuracy": 0.6927398444252377,
        "macro avg": {
            "precision": 0.6786226309463687,
            "recall": 0.6781451668322181,
            "f1-score": 0.67837708130721,
            "support": 2314.0
        },
        "weighted avg": {
            "precision": 0.692341374689947,
            "recall": 0.6927398444252377,
            "f1-score": 0.6925342424992127,
            "support": 2314.0
        },
        "confusion_matrix": [
            [
                557,
                359
            ],
            [
                352,
                1046
            ]
        ]
    },