{
    "last_gcn_results": {
        "Rush": {
            "precision": 0.7351738241308794,
            "recall": 0.7849344978165939,
            "f1-score": 0.7592397043294614,
            "support": 916.0
        },
        "Pass": {
            "precision": 0.7693208430913349,
            "recall": 0.7172489082969432,
            "f1-score": 0.7423728813559322,
            "support": 916.0
        },
        "accuracy": 0.7510917030567685,
        "macro avg": {
            "precision": 0.7522473336111071,
            "recall": 0.7510917030567685,
            "f1-score": 0.7508062928426968,
            "support": 1832.0
        },
        "weighted avg": {
            "precision": 0.7522473336111071,
            "recall": 0.7510917030567685,
            "f1-score": 0.7508062928426968,
            "support": 1832.0
        },
        "confusion_matrix": [
            [
                719,
                197
            ],
            [
                259,
                657
            ]
        ]
    },
    "best_gcn_results": {
        "Rush": {
            "precision": 0.7351738241308794,
            "recall": 0.7849344978165939,
            "f1-score": 0.7592397043294614,
            "support": 916.0
        },
        "Pass": {
            "precision": 0.7693208430913349,
            "recall": 0.7172489082969432,
            "f1-score": 0.7423728813559322,
            "support": 916.0
        },
        "accuracy": 0.7510917030567685,
        "macro avg": {
            "precision": 0.7522473336111071,
            "recall": 0.7510917030567685,
            "f1-score": 0.7508062928426968,
            "support": 1832.0
        },
        "weighted avg": {
            "precision": 0.7522473336111071,
            "recall": 0.7510917030567685,
            "f1-score": 0.7508062928426968,
            "support": 1832.0
        },
        "confusion_matrix": [
            [
                719,
                197
            ],
            [
                259,
                657
            ]
        ]
    },
    "rf_results": {
        "Rush": {
            "precision": 0.6853281853281853,
            "recall": 0.7751091703056768,
            "f1-score": 0.7274590163934426,
            "support": 916.0
        },
        "Pass": {
            "precision": 0.7412060301507538,
            "recall": 0.6441048034934498,
            "f1-score": 0.6892523364485982,
            "support": 916.0
        },
        "accuracy": 0.7096069868995634,
        "macro avg": {
            "precision": 0.7132671077394696,
            "recall": 0.7096069868995634,
            "f1-score": 0.7083556764210204,
            "support": 1832.0
        },
        "weighted avg": {
            "precision": 0.7132671077394696,
            "recall": 0.7096069868995634,
            "f1-score": 0.7083556764210203,
            "support": 1832.0
        },
        "confusion_matrix": [
            [
                710,
                206
            ],
            [
                326,
                590
            ]
        ]
    },
    "mlp_results": {
        "Rush": {
            "precision": 0.6663275686673449,
            "recall": 0.7150655021834061,
            "f1-score": 0.6898367561874671,
            "support": 916.0
        },
        "Pass": {
            "precision": 0.6925795053003534,
            "recall": 0.6419213973799127,
            "f1-score": 0.6662889518413597,
            "support": 916.0
        },
        "accuracy": 0.6784934497816594,
        "macro avg": {
            "precision": 0.6794535369838491,
            "recall": 0.6784934497816595,
            "f1-score": 0.6780628540144134,
            "support": 1832.0
        },
        "weighted avg": {
            "precision": 0.6794535369838492,
            "recall": 0.6784934497816594,
            "f1-score": 0.6780628540144134,
            "support": 1832.0
        },
        "confusion_matrix": [
            [
                655,
                261
            ],
            [
                328,
                588
            ]
        ]
    },