{
    "last_gcn_results": {
        "Rush": {
            "precision": 0.543312101910828,
            "recall": 0.9312227074235808,
            "f1-score": 0.6862429605792437,
            "support": 916.0
        },
        "Pass": {
            "precision": 0.7595419847328244,
            "recall": 0.21724890829694324,
            "f1-score": 0.3378607809847199,
            "support": 916.0
        },
        "accuracy": 0.574235807860262,
        "macro avg": {
            "precision": 0.6514270433218262,
            "recall": 0.5742358078602621,
            "f1-score": 0.5120518707819818,
            "support": 1832.0
        },
        "weighted avg": {
            "precision": 0.6514270433218262,
            "recall": 0.574235807860262,
            "f1-score": 0.5120518707819818,
            "support": 1832.0
        },
        "confusion_matrix": [
            [
                853,
                63
            ],
            [
                717,
                199
            ]
        ]
    },
    "best_gcn_results": {
        "Rush": {
            "precision": 0.543312101910828,
            "recall": 0.9312227074235808,
            "f1-score": 0.6862429605792437,
            "support": 916.0
        },
        "Pass": {
            "precision": 0.7595419847328244,
            "recall": 0.21724890829694324,
            "f1-score": 0.3378607809847199,
            "support": 916.0
        },
        "accuracy": 0.574235807860262,
        "macro avg": {
            "precision": 0.6514270433218262,
            "recall": 0.5742358078602621,
            "f1-score": 0.5120518707819818,
            "support": 1832.0
        },
        "weighted avg": {
            "precision": 0.6514270433218262,
            "recall": 0.574235807860262,
            "f1-score": 0.5120518707819818,
            "support": 1832.0
        },
        "confusion_matrix": [
            [
                853,
                63
            ],
            [
                717,
                199
            ]
        ]
    },
    "rf_results": {
        "Rush": {
            "precision": 0.6876208897485493,
            "recall": 0.7762008733624454,
            "f1-score": 0.7292307692307692,
            "support": 916.0
        },
        "Pass": {
            "precision": 0.7431077694235589,
            "recall": 0.6473799126637555,
            "f1-score": 0.691948658109685,
            "support": 916.0
        },
        "accuracy": 0.7117903930131004,
        "macro avg": {
            "precision": 0.7153643295860541,
            "recall": 0.7117903930131004,
            "f1-score": 0.710589713670227,
            "support": 1832.0
        },
        "weighted avg": {
            "precision": 0.7153643295860542,
            "recall": 0.7117903930131004,
            "f1-score": 0.710589713670227,
            "support": 1832.0
        },
        "confusion_matrix": [
            [
                711,
                205
            ],
            [
                323,
                593
            ]
        ]
    },
    "mlp_results": {
        "Rush": {
            "precision": 0.6632756866734486,
            "recall": 0.7117903930131004,
            "f1-score": 0.6866771985255398,
            "support": 916.0
        },
        "Pass": {
            "precision": 0.6890459363957597,
            "recall": 0.638646288209607,
            "f1-score": 0.6628895184135978,
            "support": 916.0
        },
        "accuracy": 0.6752183406113537,
        "macro avg": {
            "precision": 0.6761608115346042,
            "recall": 0.6752183406113537,
            "f1-score": 0.6747833584695688,
            "support": 1832.0
        },
        "weighted avg": {
            "precision": 0.6761608115346042,
            "recall": 0.6752183406113537,
            "f1-score": 0.6747833584695687,
            "support": 1832.0
        },
        "confusion_matrix": [
            [
                652,
                264
            ],
            [
                331,
                585
            ]
        ]
    },
    "train_losses": [
        0.9309662818908692,
        0.6607345700915394,
        0.5178697593876573,
        0.34390299932552815,
        0.23601087090747605,
        0.13742895595362928,
        0.07609998028460747,
        0.03909232694594587,
        0.026896293925457313,
        0.02425427378201094,
        0.022700554881590965,
        0.023089213742584477,
        0.022432313265044832,
        0.022145771231156228,
        0.02198108457476715,
        0.022032600608679766,
        0.022152631888624097,
        0.022101211157001432,
        0.02202050926906815,
        0.021985562479561144,
        0.021808113524171172,
        0.022097838739228378,
        0.021869817099284605,
        0.02188187332752624,
        0.022034130005237185,
        0.02189770738283793,
        0.021784837128686122,
        0.021675231385100736,
        0.02184892273991486,
        0.02181221393288159,
        0.021726950921647534,
        0.02165892026463493,
        0.021882840062751145,
        0.021730917855038667,
        0.022009261481748903,
        0.02159513801824851,
        0.02165294090906779,
        0.021661964791720032,
        0.021540297413132882,
        0.021619552178461045,
        0.021424226519840012,
        0.021546162249612026,
        0.021478153740773435,
        0.02143880848676129,
        0.02142516162877526,
        0.021566020041867032,
        0.021489984937052908,
        0.021415786339285595,
        0.02150399173543753,
        0.02148096382292242,
        0.02111829294533026,
        0.02117946636481363,
        0.021286196786849225,
        0.021305612169328282,
        0.02128413088334714,
        0.021224278797868822,
        0.021605585507356403,
        0.020994064684122637,
        0.021392120461646326,
        0.02111760117317158,
        0.021143868093282146,
        0.020936988155698517,
        0.021190672559164913,
        0.020974061169910952,
        0.020920852233803338,
        0.020867170515607616,
        0.020799894443626614,
        0.021081138569149165,
        0.02090772510877724,
        0.02100481202042168,
        0.020995907835621653,
        0.020971382217980474,
        0.02071067570337181,
        0.020869433977564827,
        0.020708973713911297,
        0.02096581299448274,
        0.020436522087764218,
        0.02061085609790406,
        0.02036429506833436,
        0.02076111523831477,
        0.02046167664840573,
        0.020607282327172533,
        0.020570288101832073,
        0.02057605115442328
    ],