{
    "last_gcn_results": {
        "Rush": {
            "precision": 1.0,
            "recall": 0.0016366612111292963,
            "f1-score": 0.0032679738562091504,
            "support": 611.0
        },
        "Pass": {
            "precision": 0.5004095004095004,
            "recall": 1.0,
            "f1-score": 0.6670305676855895,
            "support": 611.0
        },
        "accuracy": 0.5008183306055647,
        "macro avg": {
            "precision": 0.7502047502047502,
            "recall": 0.5008183306055647,
            "f1-score": 0.33514927077089934,
            "support": 1222.0
        },
        "weighted avg": {
            "precision": 0.7502047502047502,
            "recall": 0.5008183306055647,
            "f1-score": 0.33514927077089934,
            "support": 1222.0
        },
        "confusion_matrix": [
            [
                1,
                610
            ],
            [
                0,
                611
            ]
        ]
    },
    "best_gcn_results": {
        "Rush": {
            "precision": 1.0,
            "recall": 0.0016366612111292963,
            "f1-score": 0.0032679738562091504,
            "support": 611.0
        },
        "Pass": {
            "precision": 0.5004095004095004,
            "recall": 1.0,
            "f1-score": 0.6670305676855895,
            "support": 611.0
        },
        "accuracy": 0.5008183306055647,
        "macro avg": {
            "precision": 0.7502047502047502,
            "recall": 0.5008183306055647,
            "f1-score": 0.33514927077089934,
            "support": 1222.0
        },
        "weighted avg": {
            "precision": 0.7502047502047502,
            "recall": 0.5008183306055647,
            "f1-score": 0.33514927077089934,
            "support": 1222.0
        },
        "confusion_matrix": [
            [
                1,
                610
            ],
            [
                0,
                611
            ]
        ]
    },
    "rf_results": {
        "Rush": {
            "precision": 0.7132352941176471,
            "recall": 0.7937806873977087,
            "f1-score": 0.7513555383423702,
            "support": 611.0
        },
        "Pass": {
            "precision": 0.7675276752767528,
            "recall": 0.6808510638297872,
            "f1-score": 0.7215958369470945,
            "support": 611.0
        },
        "accuracy": 0.737315875613748,
        "macro avg": {
            "precision": 0.7403814846971999,
            "recall": 0.7373158756137479,
            "f1-score": 0.7364756876447324,
            "support": 1222.0
        },
        "weighted avg": {
            "precision": 0.7403814846971999,
            "recall": 0.737315875613748,
            "f1-score": 0.7364756876447324,
            "support": 1222.0
        },
        "confusion_matrix": [
            [
                485,
                126
            ],
            [
                195,
                416
            ]
        ]
    },
    "mlp_results": {
        "Rush": {
            "precision": 0.6909413854351687,
            "recall": 0.6366612111292962,
            "f1-score": 0.6626916524701874,
            "support": 611.0
        },
        "Pass": {
            "precision": 0.6631259484066768,
            "recall": 0.7152209492635024,
            "f1-score": 0.6881889763779527,
            "support": 611.0
        },
        "accuracy": 0.6759410801963993,
        "macro avg": {
            "precision": 0.6770336669209227,
            "recall": 0.6759410801963993,
            "f1-score": 0.67544031442407,
            "support": 1222.0
        },
        "weighted avg": {
            "precision": 0.6770336669209227,
            "recall": 0.6759410801963993,
            "f1-score": 0.67544031442407,
            "support": 1222.0
        },
        "confusion_matrix": [
            [
                389,
                222
            ],
            [
                174,
                437
            ]
        ]
    },
    "config": {
        "RANDOM_SEED": 2,
        "GNN_EPOCHS": 500,
        "GNN_HIDDEN_CHANNELS": 16,
        "GNN_HIDDEN_LAYERS": 1,
        "GNN_LEARNING_RATE": 0.01,
        "GNN_DROPOUT": 0.3,
        "GNN_WEIGHT_DECAY": 0.05,
        "RF_ESTIMATORS": 50,
        "MLP_HIDDEN_CHANNELS": 32,
        "MLP_HIDDEN_LAYERS": 2,
        "MLP_MAX_ITER": 3000,
        "MLP_LEARNING_RATE": 0.01,
        "MLP_ALPHA": 5e-05,
        "VALIDATION_SPLIT": 0.8,
        "TEST_SPLIT": 0.9,
        "SHOW_INFO": true
    }
}