{
    "last_gcn_results": {
        "Rush": {
            "precision": 0.7423510466988728,
            "recall": 0.7545008183306056,
            "f1-score": 0.7483766233766234,
            "support": 611.0
        },
        "Pass": {
            "precision": 0.7504159733777038,
            "recall": 0.7381342062193126,
            "f1-score": 0.7442244224422442,
            "support": 611.0
        },
        "accuracy": 0.7463175122749591,
        "macro avg": {
            "precision": 0.7463835100382883,
            "recall": 0.746317512274959,
            "f1-score": 0.7463005229094337,
            "support": 1222.0
        },
        "weighted avg": {
            "precision": 0.7463835100382882,
            "recall": 0.7463175122749591,
            "f1-score": 0.7463005229094338,
            "support": 1222.0
        },
        "confusion_matrix": [
            [
                461,
                150
            ],
            [
                160,
                451
            ]
        ]
    },
    "best_gcn_results": {
        "Rush": {
            "precision": 0.7423510466988728,
            "recall": 0.7545008183306056,
            "f1-score": 0.7483766233766234,
            "support": 611.0
        },
        "Pass": {
            "precision": 0.7504159733777038,
            "recall": 0.7381342062193126,
            "f1-score": 0.7442244224422442,
            "support": 611.0
        },
        "accuracy": 0.7463175122749591,
        "macro avg": {
            "precision": 0.7463835100382883,
            "recall": 0.746317512274959,
            "f1-score": 0.7463005229094337,
            "support": 1222.0
        },
        "weighted avg": {
            "precision": 0.7463835100382882,
            "recall": 0.7463175122749591,
            "f1-score": 0.7463005229094338,
            "support": 1222.0
        },
        "confusion_matrix": [
            [
                461,
                150
            ],
            [
                160,
                451
            ]
        ]
    },
    "rf_results": {
        "Rush": {
            "precision": 0.7067448680351907,
            "recall": 0.7888707037643208,
            "f1-score": 0.745552977571539,
            "support": 611.0
        },
        "Pass": {
            "precision": 0.7611111111111111,
            "recall": 0.6726677577741408,
            "f1-score": 0.7141615986099045,
            "support": 611.0
        },
        "accuracy": 0.7307692307692307,
        "macro avg": {
            "precision": 0.7339279895731509,
            "recall": 0.7307692307692308,
            "f1-score": 0.7298572880907217,
            "support": 1222.0
        },
        "weighted avg": {
            "precision": 0.7339279895731509,
            "recall": 0.7307692307692307,
            "f1-score": 0.7298572880907218,
            "support": 1222.0
        },
        "confusion_matrix": [
            [
                482,
                129
            ],
            [
                200,
                411
            ]
        ]
    },
    "mlp_results": {
        "Rush": {
            "precision": 0.700162074554295,
            "recall": 0.707037643207856,
            "f1-score": 0.7035830618892508,
            "support": 611.0
        },
        "Pass": {
            "precision": 0.7041322314049587,
            "recall": 0.6972176759410802,
            "f1-score": 0.7006578947368421,
            "support": 611.0
        },
        "accuracy": 0.7021276595744681,
        "macro avg": {
            "precision": 0.7021471529796268,
            "recall": 0.7021276595744681,
            "f1-score": 0.7021204783130465,
            "support": 1222.0
        },
        "weighted avg": {
            "precision": 0.7021471529796269,
            "recall": 0.7021276595744681,
            "f1-score": 0.7021204783130465,
            "support": 1222.0
        },
        "confusion_matrix": [
            [
                432,
                179
            ],
            [
                185,
                426
            ]
        ]
    },
    "config": {
        "RANDOM_SEED": 8,
        "GNN_EPOCHS": 500,
        "GNN_HIDDEN_CHANNELS": 128,
        "GNN_HIDDEN_LAYERS": 2,
        "GNN_LEARNING_RATE": 1e-05,
        "GNN_DROPOUT": 0.4,
        "GNN_WEIGHT_DECAY": 0.0005,
        "RF_ESTIMATORS": 50,
        "MLP_HIDDEN_CHANNELS": 32,
        "MLP_HIDDEN_LAYERS": 3,
        "MLP_MAX_ITER": 3000,
        "MLP_LEARNING_RATE": 0.01,
        "MLP_ALPHA": 0.005,
        "VALIDATION_SPLIT": 0.8,
        "TEST_SPLIT": 0.9,
        "SHOW_INFO": true
    }
}