{
    "last_gcn_results": {
        "Rush": {
            "precision": 0.5925925925925926,
            "recall": 0.5589519650655022,
            "f1-score": 0.5752808988764045,
            "support": 916.0
        },
        "Pass": {
            "precision": 0.7213793103448276,
            "recall": 0.748211731044349,
            "f1-score": 0.7345505617977528,
            "support": 1398.0
        },
        "accuracy": 0.6732929991356957,
        "macro avg": {
            "precision": 0.6569859514687101,
            "recall": 0.6535818480549256,
            "f1-score": 0.6549157303370787,
            "support": 2314.0
        },
        "weighted avg": {
            "precision": 0.6703989155907017,
            "recall": 0.6732929991356957,
            "f1-score": 0.6715034523612986,
            "support": 2314.0
        },
        "confusion_matrix": [
            [
                512,
                404
            ],
            [
                352,
                1046
            ]
        ]
    },
    "best_gcn_results": {
        "Rush": {
            "precision": 0.5925925925925926,
            "recall": 0.5589519650655022,
            "f1-score": 0.5752808988764045,
            "support": 916.0
        },
        "Pass": {
            "precision": 0.7213793103448276,
            "recall": 0.748211731044349,
            "f1-score": 0.7345505617977528,
            "support": 1398.0
        },
        "accuracy": 0.6732929991356957,
        "macro avg": {
            "precision": 0.6569859514687101,
            "recall": 0.6535818480549256,
            "f1-score": 0.6549157303370787,
            "support": 2314.0
        },
        "weighted avg": {
            "precision": 0.6703989155907017,
            "recall": 0.6732929991356957,
            "f1-score": 0.6715034523612986,
            "support": 2314.0
        },
        "confusion_matrix": [
            [
                512,
                404
            ],
            [
                352,
                1046
            ]
        ]
    },
    "rf_results": {
        "Rush": {
            "precision": 0.67,
            "recall": 0.6582969432314411,
            "f1-score": 0.6640969162995595,
            "support": 916.0
        },
        "Pass": {
            "precision": 0.7786421499292786,
            "recall": 0.7875536480686696,
            "f1-score": 0.783072546230441,
            "support": 1398.0
        },
        "accuracy": 0.7363872082973206,
        "macro avg": {
            "precision": 0.7243210749646394,
            "recall": 0.7229252956500554,
            "f1-score": 0.7235847312650002,
            "support": 2314.0
        },
        "weighted avg": {
            "precision": 0.7356360093349747,
            "recall": 0.7363872082973206,
            "f1-score": 0.7359758837340332,
            "support": 2314.0
        },
        "confusion_matrix": [
            [
                603,
                313
            ],
            [
                297,
                1101
            ]
        ]
    },
    "mlp_results": {
        "Rush": {
            "precision": 0.5969498910675382,
            "recall": 0.5982532751091703,
            "f1-score": 0.5976008724100327,
            "support": 916.0
        },
        "Pass": {
            "precision": 0.7363896848137536,
            "recall": 0.7353361945636624,
            "f1-score": 0.7358625626342162,
            "support": 1398.0
        },
        "accuracy": 0.6810717372515125,
        "macro avg": {
            "precision": 0.6666697879406458,
            "recall": 0.6667947348364163,
            "f1-score": 0.6667317175221245,
            "support": 2314.0
        },
        "weighted avg": {
            "precision": 0.6811922556557876,
            "recall": 0.6810717372515125,
            "f1-score": 0.6811314873337183,
            "support": 2314.0
        },
        "confusion_matrix": [
            [
                548,
                368
            ],
            [
                370,
                1028
            ]
        ]
    },