{
    "last_gcn_results": {
        "Rush": {
            "precision": 0.6444444444444445,
            "recall": 0.7914847161572053,
            "f1-score": 0.7104360607545321,
            "support": 916.0
        },
        "Pass": {
            "precision": 0.7298444130127298,
            "recall": 0.5633187772925764,
            "f1-score": 0.6358595194085028,
            "support": 916.0
        },
        "accuracy": 0.6774017467248908,
        "macro avg": {
            "precision": 0.6871444287285872,
            "recall": 0.6774017467248908,
            "f1-score": 0.6731477900815175,
            "support": 1832.0
        },
        "weighted avg": {
            "precision": 0.6871444287285872,
            "recall": 0.6774017467248908,
            "f1-score": 0.6731477900815174,
            "support": 1832.0
        },
        "confusion_matrix": [
            [
                725,
                191
            ],
            [
                400,
                516
            ]
        ]
    },
    "best_gcn_results": {
        "Rush": {
            "precision": 0.6444444444444445,
            "recall": 0.7914847161572053,
            "f1-score": 0.7104360607545321,
            "support": 916.0
        },
        "Pass": {
            "precision": 0.7298444130127298,
            "recall": 0.5633187772925764,
            "f1-score": 0.6358595194085028,
            "support": 916.0
        },
        "accuracy": 0.6774017467248908,
        "macro avg": {
            "precision": 0.6871444287285872,
            "recall": 0.6774017467248908,
            "f1-score": 0.6731477900815175,
            "support": 1832.0
        },
        "weighted avg": {
            "precision": 0.6871444287285872,
            "recall": 0.6774017467248908,
            "f1-score": 0.6731477900815174,
            "support": 1832.0
        },
        "confusion_matrix": [
            [
                725,
                191
            ],
            [
                400,
                516
            ]
        ]
    },
    "rf_results": {
        "Rush": {
            "precision": 0.7129817444219066,
            "recall": 0.767467248908297,
            "f1-score": 0.7392218717139852,
            "support": 916.0
        },
        "Pass": {
            "precision": 0.74822695035461,
            "recall": 0.6910480349344978,
            "f1-score": 0.7185017026106697,
            "support": 916.0
        },
        "accuracy": 0.7292576419213974,
        "macro avg": {
            "precision": 0.7306043473882583,
            "recall": 0.7292576419213974,
            "f1-score": 0.7288617871623275,
            "support": 1832.0
        },
        "weighted avg": {
            "precision": 0.7306043473882582,
            "recall": 0.7292576419213974,
            "f1-score": 0.7288617871623274,
            "support": 1832.0
        },
        "confusion_matrix": [
            [
                703,
                213
            ],
            [
                283,
                633
            ]
        ]
    },
    "mlp_results": {
        "Rush": {
            "precision": 0.6806002143622722,
            "recall": 0.6932314410480349,
            "f1-score": 0.6868577609518659,
            "support": 916.0
        },
        "Pass": {
            "precision": 0.6874304783092324,
            "recall": 0.6746724890829694,
            "f1-score": 0.6809917355371901,
            "support": 916.0
        },
        "accuracy": 0.6839519650655022,
        "macro avg": {
            "precision": 0.6840153463357523,
            "recall": 0.6839519650655022,
            "f1-score": 0.683924748244528,
            "support": 1832.0
        },
        "weighted avg": {
            "precision": 0.6840153463357524,
            "recall": 0.6839519650655022,
            "f1-score": 0.683924748244528,
            "support": 1832.0
        },
        "confusion_matrix": [
            [
                635,
                281
            ],
            [
                298,
                618
            ]
        ]
    },