{
    "last_gcn_results": {
        "Rush": {
            "precision": 0.6348448687350835,
            "recall": 0.5807860262008734,
            "f1-score": 0.6066134549600912,
            "support": 916.0
        },
        "Pass": {
            "precision": 0.7398373983739838,
            "recall": 0.7811158798283262,
            "f1-score": 0.7599164926931107,
            "support": 1398.0
        },
        "accuracy": 0.7018150388936906,
        "macro avg": {
            "precision": 0.6873411335545336,
            "recall": 0.6809509530145998,
            "f1-score": 0.683264973826601,
            "support": 2314.0
        },
        "weighted avg": {
            "precision": 0.6982759648609186,
            "recall": 0.7018150388936906,
            "f1-score": 0.6992312798307746,
            "support": 2314.0
        },
        "confusion_matrix": [
            [
                532,
                384
            ],
            [
                306,
                1092
            ]
        ]
    },
    "best_gcn_results": {
        "Rush": {
            "precision": 0.6348448687350835,
            "recall": 0.5807860262008734,
            "f1-score": 0.6066134549600912,
            "support": 916.0
        },
        "Pass": {
            "precision": 0.7398373983739838,
            "recall": 0.7811158798283262,
            "f1-score": 0.7599164926931107,
            "support": 1398.0
        },
        "accuracy": 0.7018150388936906,
        "macro avg": {
            "precision": 0.6873411335545336,
            "recall": 0.6809509530145998,
            "f1-score": 0.683264973826601,
            "support": 2314.0
        },
        "weighted avg": {
            "precision": 0.6982759648609186,
            "recall": 0.7018150388936906,
            "f1-score": 0.6992312798307746,
            "support": 2314.0
        },
        "confusion_matrix": [
            [
                532,
                384
            ],
            [
                306,
                1092
            ]
        ]
    },
    "rf_results": {
        "Rush": {
            "precision": 0.6757396449704142,
            "recall": 0.6233624454148472,
            "f1-score": 0.6484951731970471,
            "support": 916.0
        },
        "Pass": {
            "precision": 0.765146358066712,
            "recall": 0.804005722460658,
            "f1-score": 0.7840948726892222,
            "support": 1398.0
        },
        "accuracy": 0.7324978392394123,
        "macro avg": {
            "precision": 0.7204430015185631,
            "recall": 0.7136840839377526,
            "f1-score": 0.7162950229431346,
            "support": 2314.0
        },
        "weighted avg": {
            "precision": 0.7297545909119113,
            "recall": 0.7324978392394123,
            "f1-score": 0.7304175499861831,
            "support": 2314.0
        },
        "confusion_matrix": [
            [
                571,
                345
            ],
            [
                274,
                1124
            ]
        ]
    },
    "mlp_results": {
        "Rush": {
            "precision": 0.6155484558040468,
            "recall": 0.631004366812227,
            "f1-score": 0.6231805929919138,
            "support": 916.0
        },
        "Pass": {
            "precision": 0.7541818181818182,
            "recall": 0.7417739628040058,
            "f1-score": 0.7479264334655608,
            "support": 1398.0
        },
        "accuracy": 0.6979256698357822,
        "macro avg": {
            "precision": 0.6848651369929325,
            "recall": 0.6863891648081164,
            "f1-score": 0.6855535132287373,
            "support": 2314.0
        },
        "weighted avg": {
            "precision": 0.699303615961404,
            "recall": 0.6979256698357822,
            "f1-score": 0.6985456253956123,
            "support": 2314.0
        },
        "confusion_matrix": [
            [
                578,
                338
            ],
            [
                361,
                1037
            ]
        ]
    },