{
    "last_gcn_results": {
        "Rush": {
            "precision": 0.6755218216318786,
            "recall": 0.777292576419214,
            "f1-score": 0.7228426395939086,
            "support": 916.0
        },
        "Pass": {
            "precision": 0.7377892030848329,
            "recall": 0.6266375545851528,
            "f1-score": 0.6776859504132231,
            "support": 916.0
        },
        "accuracy": 0.7019650655021834,
        "macro avg": {
            "precision": 0.7066555123583558,
            "recall": 0.7019650655021834,
            "f1-score": 0.7002642950035658,
            "support": 1832.0
        },
        "weighted avg": {
            "precision": 0.7066555123583557,
            "recall": 0.7019650655021834,
            "f1-score": 0.7002642950035659,
            "support": 1832.0
        },
        "confusion_matrix": [
            [
                712,
                204
            ],
            [
                342,
                574
            ]
        ]
    },
    "best_gcn_results": {
        "Rush": {
            "precision": 0.6755218216318786,
            "recall": 0.777292576419214,
            "f1-score": 0.7228426395939086,
            "support": 916.0
        },
        "Pass": {
            "precision": 0.7377892030848329,
            "recall": 0.6266375545851528,
            "f1-score": 0.6776859504132231,
            "support": 916.0
        },
        "accuracy": 0.7019650655021834,
        "macro avg": {
            "precision": 0.7066555123583558,
            "recall": 0.7019650655021834,
            "f1-score": 0.7002642950035658,
            "support": 1832.0
        },
        "weighted avg": {
            "precision": 0.7066555123583557,
            "recall": 0.7019650655021834,
            "f1-score": 0.7002642950035659,
            "support": 1832.0
        },
        "confusion_matrix": [
            [
                712,
                204
            ],
            [
                342,
                574
            ]
        ]
    },
    "rf_results": {
        "Rush": {
            "precision": 0.7289823008849557,
            "recall": 0.7194323144104804,
            "f1-score": 0.7241758241758242,
            "support": 916.0
        },
        "Pass": {
            "precision": 0.7230603448275862,
            "recall": 0.732532751091703,
            "f1-score": 0.7277657266811279,
            "support": 916.0
        },
        "accuracy": 0.7259825327510917,
        "macro avg": {
            "precision": 0.726021322856271,
            "recall": 0.7259825327510917,
            "f1-score": 0.7259707754284761,
            "support": 1832.0
        },
        "weighted avg": {
            "precision": 0.726021322856271,
            "recall": 0.7259825327510917,
            "f1-score": 0.7259707754284761,
            "support": 1832.0
        },
        "confusion_matrix": [
            [
                659,
                257
            ],
            [
                245,
                671
            ]
        ]
    },
    "mlp_results": {
        "Rush": {
            "precision": 0.6962305986696231,
            "recall": 0.6855895196506551,
            "f1-score": 0.6908690869086909,
            "support": 916.0
        },
        "Pass": {
            "precision": 0.6903225806451613,
            "recall": 0.7008733624454149,
            "f1-score": 0.695557963163597,
            "support": 916.0
        },
        "accuracy": 0.6932314410480349,
        "macro avg": {
            "precision": 0.6932765896573923,
            "recall": 0.6932314410480349,
            "f1-score": 0.693213525036144,
            "support": 1832.0
        },
        "weighted avg": {
            "precision": 0.6932765896573921,
            "recall": 0.6932314410480349,
            "f1-score": 0.6932135250361439,
            "support": 1832.0
        },
        "confusion_matrix": [
            [
                628,
                288
            ],
            [
                274,
                642
            ]
        ]
    },