{
    "last_gcn_results": {
        "Rush": {
            "precision": 0.6786042240587695,
            "recall": 0.8067685589519651,
            "f1-score": 0.7371571072319202,
            "support": 916.0
        },
        "Pass": {
            "precision": 0.7617765814266487,
            "recall": 0.6179039301310044,
            "f1-score": 0.6823387582881254,
            "support": 916.0
        },
        "accuracy": 0.7123362445414847,
        "macro avg": {
            "precision": 0.7201904027427091,
            "recall": 0.7123362445414847,
            "f1-score": 0.7097479327600228,
            "support": 1832.0
        },
        "weighted avg": {
            "precision": 0.7201904027427092,
            "recall": 0.7123362445414847,
            "f1-score": 0.7097479327600228,
            "support": 1832.0
        },
        "confusion_matrix": [
            [
                739,
                177
            ],
            [
                350,
                566
            ]
        ]
    },
    "best_gcn_results": {
        "Rush": {
            "precision": 0.6786042240587695,
            "recall": 0.8067685589519651,
            "f1-score": 0.7371571072319202,
            "support": 916.0
        },
        "Pass": {
            "precision": 0.7617765814266487,
            "recall": 0.6179039301310044,
            "f1-score": 0.6823387582881254,
            "support": 916.0
        },
        "accuracy": 0.7123362445414847,
        "macro avg": {
            "precision": 0.7201904027427091,
            "recall": 0.7123362445414847,
            "f1-score": 0.7097479327600228,
            "support": 1832.0
        },
        "weighted avg": {
            "precision": 0.7201904027427092,
            "recall": 0.7123362445414847,
            "f1-score": 0.7097479327600228,
            "support": 1832.0
        },
        "confusion_matrix": [
            [
                739,
                177
            ],
            [
                350,
                566
            ]
        ]
    },
    "rf_results": {
        "Rush": {
            "precision": 0.7204081632653061,
            "recall": 0.7707423580786026,
            "f1-score": 0.7447257383966245,
            "support": 916.0
        },
        "Pass": {
            "precision": 0.7535211267605634,
            "recall": 0.7008733624454149,
            "f1-score": 0.7262443438914027,
            "support": 916.0
        },
        "accuracy": 0.7358078602620087,
        "macro avg": {
            "precision": 0.7369646450129348,
            "recall": 0.7358078602620087,
            "f1-score": 0.7354850411440136,
            "support": 1832.0
        },
        "weighted avg": {
            "precision": 0.7369646450129347,
            "recall": 0.7358078602620087,
            "f1-score": 0.7354850411440136,
            "support": 1832.0
        },
        "confusion_matrix": [
            [
                706,
                210
            ],
            [
                274,
                642
            ]
        ]
    },
    "mlp_results": {
        "Rush": {
            "precision": 0.6975982532751092,
            "recall": 0.6975982532751092,
            "f1-score": 0.6975982532751092,
            "support": 916.0
        },
        "Pass": {
            "precision": 0.6975982532751092,
            "recall": 0.6975982532751092,
            "f1-score": 0.6975982532751092,
            "support": 916.0
        },
        "accuracy": 0.6975982532751092,
        "macro avg": {
            "precision": 0.6975982532751092,
            "recall": 0.6975982532751092,
            "f1-score": 0.6975982532751092,
            "support": 1832.0
        },
        "weighted avg": {
            "precision": 0.6975982532751092,
            "recall": 0.6975982532751092,
            "f1-score": 0.6975982532751092,
            "support": 1832.0
        },
        "confusion_matrix": [
            [
                639,
                277
            ],
            [
                277,
                639
            ]
        ]
    },