{
    "last_gcn_results": {
        "Rush": {
            "precision": 0.5492537313432836,
            "recall": 0.602291325695581,
            "f1-score": 0.5745511319281811,
            "support": 611.0
        },
        "Pass": {
            "precision": 0.5597826086956522,
            "recall": 0.5057283142389526,
            "f1-score": 0.531384350816853,
            "support": 611.0
        },
        "accuracy": 0.5540098199672667,
        "macro avg": {
            "precision": 0.5545181700194679,
            "recall": 0.5540098199672667,
            "f1-score": 0.552967741372517,
            "support": 1222.0
        },
        "weighted avg": {
            "precision": 0.5545181700194678,
            "recall": 0.5540098199672667,
            "f1-score": 0.552967741372517,
            "support": 1222.0
        },
        "confusion_matrix": [
            [
                368,
                243
            ],
            [
                302,
                309
            ]
        ]
    },
    "best_gcn_results": {
        "Rush": {
            "precision": 0.5492537313432836,
            "recall": 0.602291325695581,
            "f1-score": 0.5745511319281811,
            "support": 611.0
        },
        "Pass": {
            "precision": 0.5597826086956522,
            "recall": 0.5057283142389526,
            "f1-score": 0.531384350816853,
            "support": 611.0
        },
        "accuracy": 0.5540098199672667,
        "macro avg": {
            "precision": 0.5545181700194679,
            "recall": 0.5540098199672667,
            "f1-score": 0.552967741372517,
            "support": 1222.0
        },
        "weighted avg": {
            "precision": 0.5545181700194678,
            "recall": 0.5540098199672667,
            "f1-score": 0.552967741372517,
            "support": 1222.0
        },
        "confusion_matrix": [
            [
                368,
                243
            ],
            [
                302,
                309
            ]
        ]
    },
    "rf_results": {
        "Rush": {
            "precision": 0.7049180327868853,
            "recall": 0.7741407528641571,
            "f1-score": 0.7379095163806553,
            "support": 611.0
        },
        "Pass": {
            "precision": 0.7495462794918331,
            "recall": 0.6759410801963993,
            "f1-score": 0.7108433734939759,
            "support": 611.0
        },
        "accuracy": 0.7250409165302782,
        "macro avg": {
            "precision": 0.7272321561393591,
            "recall": 0.7250409165302782,
            "f1-score": 0.7243764449373156,
            "support": 1222.0
        },
        "weighted avg": {
            "precision": 0.7272321561393591,
            "recall": 0.7250409165302782,
            "f1-score": 0.7243764449373156,
            "support": 1222.0
        },
        "confusion_matrix": [
            [
                473,
                138
            ],
            [
                198,
                413
            ]
        ]
    },
    "mlp_results": {
        "Rush": {
            "precision": 0.7424749163879598,
            "recall": 0.7266775777414075,
            "f1-score": 0.7344913151364765,
            "support": 611.0
        },
        "Pass": {
            "precision": 0.7323717948717948,
            "recall": 0.7479541734860884,
            "f1-score": 0.740080971659919,
            "support": 611.0
        },
        "accuracy": 0.737315875613748,
        "macro avg": {
            "precision": 0.7374233556298773,
            "recall": 0.7373158756137479,
            "f1-score": 0.7372861433981978,
            "support": 1222.0
        },
        "weighted avg": {
            "precision": 0.7374233556298773,
            "recall": 0.737315875613748,
            "f1-score": 0.7372861433981978,
            "support": 1222.0
        },
        "confusion_matrix": [
            [
                444,
                167
            ],
            [
                154,
                457
            ]
        ]
    },
    "config": {
        "RANDOM_SEED": 4,
        "GNN_EPOCHS": 100,
        "GNN_HIDDEN_CHANNELS": 64,
        "GNN_HIDDEN_LAYERS": 1,
        "GNN_LEARNING_RATE": 1e-05,
        "GNN_DROPOUT": 0.5,
        "GNN_WEIGHT_DECAY": 0.0005,
        "RF_ESTIMATORS": 50,
        "MLP_HIDDEN_CHANNELS": 32,
        "MLP_HIDDEN_LAYERS": 1,
        "MLP_MAX_ITER": 3000,
        "MLP_LEARNING_RATE": 0.01,
        "MLP_ALPHA": 0.0005,
        "VALIDATION_SPLIT": 0.8,
        "TEST_SPLIT": 0.9,
        "SHOW_INFO": true
    }
}