{
    "last_gcn_results": {
        "Rush": {
            "precision": 0.6835748792270532,
            "recall": 0.6179039301310044,
            "f1-score": 0.6490825688073395,
            "support": 916.0
        },
        "Pass": {
            "precision": 0.7644683714670256,
            "recall": 0.8125894134477826,
            "f1-score": 0.7877947295423023,
            "support": 1398.0
        },
        "accuracy": 0.7355229040622299,
        "macro avg": {
            "precision": 0.7240216253470394,
            "recall": 0.7152466717893935,
            "f1-score": 0.7184386491748209,
            "support": 2314.0
        },
        "weighted avg": {
            "precision": 0.7324465741931212,
            "recall": 0.7355229040622299,
            "f1-score": 0.73288533488663,
            "support": 2314.0
        },
        "confusion_matrix": [
            [
                566,
                350
            ],
            [
                262,
                1136
            ]
        ]
    },
    "best_gcn_results": {
        "Rush": {
            "precision": 0.6835748792270532,
            "recall": 0.6179039301310044,
            "f1-score": 0.6490825688073395,
            "support": 916.0
        },
        "Pass": {
            "precision": 0.7644683714670256,
            "recall": 0.8125894134477826,
            "f1-score": 0.7877947295423023,
            "support": 1398.0
        },
        "accuracy": 0.7355229040622299,
        "macro avg": {
            "precision": 0.7240216253470394,
            "recall": 0.7152466717893935,
            "f1-score": 0.7184386491748209,
            "support": 2314.0
        },
        "weighted avg": {
            "precision": 0.7324465741931212,
            "recall": 0.7355229040622299,
            "f1-score": 0.73288533488663,
            "support": 2314.0
        },
        "confusion_matrix": [
            [
                566,
                350
            ],
            [
                262,
                1136
            ]
        ]
    },
    "rf_results": {
        "Rush": {
            "precision": 0.681551116333725,
            "recall": 0.6331877729257642,
            "f1-score": 0.656479909451047,
            "support": 916.0
        },
        "Pass": {
            "precision": 0.7703349282296651,
            "recall": 0.8061516452074392,
            "f1-score": 0.787836420831877,
            "support": 1398.0
        },
        "accuracy": 0.7376836646499568,
        "macro avg": {
            "precision": 0.725943022281695,
            "recall": 0.7196697090666018,
            "f1-score": 0.7221581651414619,
            "support": 2314.0
        },
        "weighted avg": {
            "precision": 0.7351897373495091,
            "recall": 0.7376836646499568,
            "f1-score": 0.7358387698271923,
            "support": 2314.0
        },
        "confusion_matrix": [
            [
                580,
                336
            ],
            [
                271,
                1127
            ]
        ]
    },
    "mlp_results": {
        "Rush": {
            "precision": 0.6319365798414496,
            "recall": 0.6091703056768559,
            "f1-score": 0.6203446359088383,
            "support": 916.0
        },
        "Pass": {
            "precision": 0.7498252969951084,
            "recall": 0.7675250357653791,
            "f1-score": 0.7585719335454224,
            "support": 1398.0
        },
        "accuracy": 0.7048401037165082,
        "macro avg": {
            "precision": 0.690880938418279,
            "recall": 0.6883476707211176,
            "f1-score": 0.6894582847271303,
            "support": 2314.0
        },
        "weighted avg": {
            "precision": 0.7031588903776703,
            "recall": 0.7048401037165082,
            "f1-score": 0.7038544725968005,
            "support": 2314.0
        },
        "confusion_matrix": [
            [
                558,
                358
            ],
            [
                325,
                1073
            ]
        ]
    },