{
    "last_gcn_results": {
        "Rush": {
            "precision": 0.735973597359736,
            "recall": 0.4868995633187773,
            "f1-score": 0.5860709592641261,
            "support": 916.0
        },
        "Pass": {
            "precision": 0.724824355971897,
            "recall": 0.8855507868383404,
            "f1-score": 0.7971667739858339,
            "support": 1398.0
        },
        "accuracy": 0.7277441659464131,
        "macro avg": {
            "precision": 0.7303989766658165,
            "recall": 0.6862251750785588,
            "f1-score": 0.6916188666249801,
            "support": 2314.0
        },
        "weighted avg": {
            "precision": 0.7292377981115947,
            "recall": 0.7277441659464131,
            "f1-score": 0.7136042129291856,
            "support": 2314.0
        },
        "confusion_matrix": [
            [
                446,
                470
            ],
            [
                160,
                1238
            ]
        ]
    },
    "best_gcn_results": {
        "Rush": {
            "precision": 0.735973597359736,
            "recall": 0.4868995633187773,
            "f1-score": 0.5860709592641261,
            "support": 916.0
        },
        "Pass": {
            "precision": 0.724824355971897,
            "recall": 0.8855507868383404,
            "f1-score": 0.7971667739858339,
            "support": 1398.0
        },
        "accuracy": 0.7277441659464131,
        "macro avg": {
            "precision": 0.7303989766658165,
            "recall": 0.6862251750785588,
            "f1-score": 0.6916188666249801,
            "support": 2314.0
        },
        "weighted avg": {
            "precision": 0.7292377981115947,
            "recall": 0.7277441659464131,
            "f1-score": 0.7136042129291856,
            "support": 2314.0
        },
        "confusion_matrix": [
            [
                446,
                470
            ],
            [
                160,
                1238
            ]
        ]
    },
    "rf_results": {
        "Rush": {
            "precision": 0.6619883040935672,
            "recall": 0.6179039301310044,
            "f1-score": 0.6391869000564653,
            "support": 916.0
        },
        "Pass": {
            "precision": 0.7601096641535298,
            "recall": 0.7932761087267525,
            "f1-score": 0.776338816940847,
            "support": 1398.0
        },
        "accuracy": 0.7238547968885047,
        "macro avg": {
            "precision": 0.7110489841235486,
            "recall": 0.7055900194288784,
            "f1-score": 0.7077628584986562,
            "support": 2314.0
        },
        "weighted avg": {
            "precision": 0.7212681923233978,
            "recall": 0.7238547968885047,
            "f1-score": 0.7220470469036414,
            "support": 2314.0
        },
        "confusion_matrix": [
            [
                566,
                350
            ],
            [
                289,
                1109
            ]
        ]
    },
    "mlp_results": {
        "Rush": {
            "precision": 0.6274509803921569,
            "recall": 0.5938864628820961,
            "f1-score": 0.6102075154234436,
            "support": 916.0
        },
        "Pass": {
            "precision": 0.7429163787145819,
            "recall": 0.7689556509298998,
            "f1-score": 0.7557117750439367,
            "support": 1398.0
        },
        "accuracy": 0.6996542783059637,
        "macro avg": {
            "precision": 0.6851836795533695,
            "recall": 0.681421056905998,
            "f1-score": 0.6829596452336901,
            "support": 2314.0
        },
        "weighted avg": {
            "precision": 0.6972092461029392,
            "recall": 0.6996542783059637,
            "f1-score": 0.6981137189452454,
            "support": 2314.0
        },
        "confusion_matrix": [
            [
                544,
                372
            ],
            [
                323,
                1075
            ]
        ]
    },