{
    "last_gcn_results": {
        "Rush": {
            "precision": 0.684622067767159,
            "recall": 0.8602620087336245,
            "f1-score": 0.7624576681180455,
            "support": 916.0
        },
        "Pass": {
            "precision": 0.8120411160058737,
            "recall": 0.6037117903930131,
            "f1-score": 0.6925485284909205,
            "support": 916.0
        },
        "accuracy": 0.7319868995633187,
        "macro avg": {
            "precision": 0.7483315918865163,
            "recall": 0.7319868995633187,
            "f1-score": 0.727503098304483,
            "support": 1832.0
        },
        "weighted avg": {
            "precision": 0.7483315918865163,
            "recall": 0.7319868995633187,
            "f1-score": 0.7275030983044831,
            "support": 1832.0
        },
        "confusion_matrix": [
            [
                788,
                128
            ],
            [
                363,
                553
            ]
        ]
    },
    "best_gcn_results": {
        "Rush": {
            "precision": 0.684622067767159,
            "recall": 0.8602620087336245,
            "f1-score": 0.7624576681180455,
            "support": 916.0
        },
        "Pass": {
            "precision": 0.8120411160058737,
            "recall": 0.6037117903930131,
            "f1-score": 0.6925485284909205,
            "support": 916.0
        },
        "accuracy": 0.7319868995633187,
        "macro avg": {
            "precision": 0.7483315918865163,
            "recall": 0.7319868995633187,
            "f1-score": 0.727503098304483,
            "support": 1832.0
        },
        "weighted avg": {
            "precision": 0.7483315918865163,
            "recall": 0.7319868995633187,
            "f1-score": 0.7275030983044831,
            "support": 1832.0
        },
        "confusion_matrix": [
            [
                788,
                128
            ],
            [
                363,
                553
            ]
        ]
    },
    "rf_results": {
        "Rush": {
            "precision": 0.7193169690501601,
            "recall": 0.7358078602620087,
            "f1-score": 0.7274689692390718,
            "support": 916.0
        },
        "Pass": {
            "precision": 0.729608938547486,
            "recall": 0.712882096069869,
            "f1-score": 0.7211485367200442,
            "support": 916.0
        },
        "accuracy": 0.7243449781659389,
        "macro avg": {
            "precision": 0.724462953798823,
            "recall": 0.7243449781659388,
            "f1-score": 0.724308752979558,
            "support": 1832.0
        },
        "weighted avg": {
            "precision": 0.7244629537988231,
            "recall": 0.7243449781659389,
            "f1-score": 0.724308752979558,
            "support": 1832.0
        },
        "confusion_matrix": [
            [
                674,
                242
            ],
            [
                263,
                653
            ]
        ]
    },
    "mlp_results": {
        "Rush": {
            "precision": 0.6863181312569522,
            "recall": 0.6735807860262009,
            "f1-score": 0.6798898071625344,
            "support": 916.0
        },
        "Pass": {
            "precision": 0.6795284030010718,
            "recall": 0.6921397379912664,
            "f1-score": 0.6857760951865873,
            "support": 916.0
        },
        "accuracy": 0.6828602620087336,
        "macro avg": {
            "precision": 0.682923267129012,
            "recall": 0.6828602620087336,
            "f1-score": 0.6828329511745609,
            "support": 1832.0
        },
        "weighted avg": {
            "precision": 0.682923267129012,
            "recall": 0.6828602620087336,
            "f1-score": 0.6828329511745609,
            "support": 1832.0
        },
        "confusion_matrix": [
            [
                617,
                299
            ],
            [
                282,
                634
            ]
        ]
    },