{
    "last_gcn_results": {
        "Rush": {
            "precision": 0.6577102803738317,
            "recall": 0.6146288209606987,
            "f1-score": 0.6354401805869074,
            "support": 916.0
        },
        "Pass": {
            "precision": 0.7578875171467764,
            "recall": 0.790414878397711,
            "f1-score": 0.7738095238095238,
            "support": 1398.0
        },
        "accuracy": 0.7208297320656871,
        "macro avg": {
            "precision": 0.7077988987603041,
            "recall": 0.7025218496792048,
            "f1-score": 0.7046248521982157,
            "support": 2314.0
        },
        "weighted avg": {
            "precision": 0.7182322237656107,
            "recall": 0.7208297320656871,
            "f1-score": 0.7190358339253765,
            "support": 2314.0
        },
        "confusion_matrix": [
            [
                563,
                353
            ],
            [
                293,
                1105
            ]
        ]
    },
    "best_gcn_results": {
        "Rush": {
            "precision": 0.6577102803738317,
            "recall": 0.6146288209606987,
            "f1-score": 0.6354401805869074,
            "support": 916.0
        },
        "Pass": {
            "precision": 0.7578875171467764,
            "recall": 0.790414878397711,
            "f1-score": 0.7738095238095238,
            "support": 1398.0
        },
        "accuracy": 0.7208297320656871,
        "macro avg": {
            "precision": 0.7077988987603041,
            "recall": 0.7025218496792048,
            "f1-score": 0.7046248521982157,
            "support": 2314.0
        },
        "weighted avg": {
            "precision": 0.7182322237656107,
            "recall": 0.7208297320656871,
            "f1-score": 0.7190358339253765,
            "support": 2314.0
        },
        "confusion_matrix": [
            [
                563,
                353
            ],
            [
                293,
                1105
            ]
        ]
    },
    "rf_results": {
        "Rush": {
            "precision": 0.6757396449704142,
            "recall": 0.6233624454148472,
            "f1-score": 0.6484951731970471,
            "support": 916.0
        },
        "Pass": {
            "precision": 0.765146358066712,
            "recall": 0.804005722460658,
            "f1-score": 0.7840948726892222,
            "support": 1398.0
        },
        "accuracy": 0.7324978392394123,
        "macro avg": {
            "precision": 0.7204430015185631,
            "recall": 0.7136840839377526,
            "f1-score": 0.7162950229431346,
            "support": 2314.0
        },
        "weighted avg": {
            "precision": 0.7297545909119113,
            "recall": 0.7324978392394123,
            "f1-score": 0.7304175499861831,
            "support": 2314.0
        },
        "confusion_matrix": [
            [
                571,
                345
            ],
            [
                274,
                1124
            ]
        ]
    },
    "mlp_results": {
        "Rush": {
            "precision": 0.6155484558040468,
            "recall": 0.631004366812227,
            "f1-score": 0.6231805929919138,
            "support": 916.0
        },
        "Pass": {
            "precision": 0.7541818181818182,
            "recall": 0.7417739628040058,
            "f1-score": 0.7479264334655608,
            "support": 1398.0
        },
        "accuracy": 0.6979256698357822,
        "macro avg": {
            "precision": 0.6848651369929325,
            "recall": 0.6863891648081164,
            "f1-score": 0.6855535132287373,
            "support": 2314.0
        },
        "weighted avg": {
            "precision": 0.699303615961404,
            "recall": 0.6979256698357822,
            "f1-score": 0.6985456253956123,
            "support": 2314.0
        },
        "confusion_matrix": [
            [
                578,
                338
            ],
            [
                361,
                1037
            ]
        ]
    },