{
    "last_gcn_results": {
        "Rush": {
            "precision": 0.7429245283018868,
            "recall": 0.6877729257641921,
            "f1-score": 0.7142857142857143,
            "support": 916.0
        },
        "Pass": {
            "precision": 0.709349593495935,
            "recall": 0.7620087336244541,
            "f1-score": 0.7347368421052631,
            "support": 916.0
        },
        "accuracy": 0.7248908296943232,
        "macro avg": {
            "precision": 0.7261370608989108,
            "recall": 0.7248908296943231,
            "f1-score": 0.7245112781954888,
            "support": 1832.0
        },
        "weighted avg": {
            "precision": 0.7261370608989108,
            "recall": 0.7248908296943232,
            "f1-score": 0.7245112781954887,
            "support": 1832.0
        },
        "confusion_matrix": [
            [
                630,
                286
            ],
            [
                218,
                698
            ]
        ]
    },
    "best_gcn_results": {
        "Rush": {
            "precision": 0.7429245283018868,
            "recall": 0.6877729257641921,
            "f1-score": 0.7142857142857143,
            "support": 916.0
        },
        "Pass": {
            "precision": 0.709349593495935,
            "recall": 0.7620087336244541,
            "f1-score": 0.7347368421052631,
            "support": 916.0
        },
        "accuracy": 0.7248908296943232,
        "macro avg": {
            "precision": 0.7261370608989108,
            "recall": 0.7248908296943231,
            "f1-score": 0.7245112781954888,
            "support": 1832.0
        },
        "weighted avg": {
            "precision": 0.7261370608989108,
            "recall": 0.7248908296943232,
            "f1-score": 0.7245112781954887,
            "support": 1832.0
        },
        "confusion_matrix": [
            [
                630,
                286
            ],
            [
                218,
                698
            ]
        ]
    },
    "rf_results": {
        "Rush": {
            "precision": 0.7300743889479278,
            "recall": 0.75,
            "f1-score": 0.7399030694668821,
            "support": 916.0
        },
        "Pass": {
            "precision": 0.7429854096520763,
            "recall": 0.722707423580786,
            "f1-score": 0.7327061427780852,
            "support": 916.0
        },
        "accuracy": 0.736353711790393,
        "macro avg": {
            "precision": 0.736529899300002,
            "recall": 0.736353711790393,
            "f1-score": 0.7363046061224836,
            "support": 1832.0
        },
        "weighted avg": {
            "precision": 0.7365298993000019,
            "recall": 0.736353711790393,
            "f1-score": 0.7363046061224837,
            "support": 1832.0
        },
        "confusion_matrix": [
            [
                687,
                229
            ],
            [
                254,
                662
            ]
        ]
    },
    "mlp_results": {
        "Rush": {
            "precision": 0.7052401746724891,
            "recall": 0.7052401746724891,
            "f1-score": 0.7052401746724891,
            "support": 916.0
        },
        "Pass": {
            "precision": 0.7052401746724891,
            "recall": 0.7052401746724891,
            "f1-score": 0.7052401746724891,
            "support": 916.0
        },
        "accuracy": 0.7052401746724891,
        "macro avg": {
            "precision": 0.7052401746724891,
            "recall": 0.7052401746724891,
            "f1-score": 0.7052401746724891,
            "support": 1832.0
        },
        "weighted avg": {
            "precision": 0.7052401746724891,
            "recall": 0.7052401746724891,
            "f1-score": 0.7052401746724891,
            "support": 1832.0
        },
        "confusion_matrix": [
            [
                646,
                270
            ],
            [
                270,
                646
            ]
        ]
    },