{
    "last_gcn_results": {
        "Rush": {
            "precision": 0.6685796269727403,
            "recall": 0.762684124386252,
            "f1-score": 0.7125382262996942,
            "support": 611.0
        },
        "Pass": {
            "precision": 0.7238095238095238,
            "recall": 0.6219312602291326,
            "f1-score": 0.6690140845070423,
            "support": 611.0
        },
        "accuracy": 0.6923076923076923,
        "macro avg": {
            "precision": 0.696194575391132,
            "recall": 0.6923076923076923,
            "f1-score": 0.6907761554033682,
            "support": 1222.0
        },
        "weighted avg": {
            "precision": 0.696194575391132,
            "recall": 0.6923076923076923,
            "f1-score": 0.6907761554033682,
            "support": 1222.0
        },
        "confusion_matrix": [
            [
                466,
                145
            ],
            [
                231,
                380
            ]
        ]
    },
    "best_gcn_results": {
        "Rush": {
            "precision": 0.6685796269727403,
            "recall": 0.762684124386252,
            "f1-score": 0.7125382262996942,
            "support": 611.0
        },
        "Pass": {
            "precision": 0.7238095238095238,
            "recall": 0.6219312602291326,
            "f1-score": 0.6690140845070423,
            "support": 611.0
        },
        "accuracy": 0.6923076923076923,
        "macro avg": {
            "precision": 0.696194575391132,
            "recall": 0.6923076923076923,
            "f1-score": 0.6907761554033682,
            "support": 1222.0
        },
        "weighted avg": {
            "precision": 0.696194575391132,
            "recall": 0.6923076923076923,
            "f1-score": 0.6907761554033682,
            "support": 1222.0
        },
        "confusion_matrix": [
            [
                466,
                145
            ],
            [
                231,
                380
            ]
        ]
    },
    "rf_results": {
        "Rush": {
            "precision": 0.7177177177177178,
            "recall": 0.7823240589198036,
            "f1-score": 0.7486296006264683,
            "support": 611.0
        },
        "Pass": {
            "precision": 0.7607913669064749,
            "recall": 0.6923076923076923,
            "f1-score": 0.7249357326478149,
            "support": 611.0
        },
        "accuracy": 0.737315875613748,
        "macro avg": {
            "precision": 0.7392545423120963,
            "recall": 0.7373158756137479,
            "f1-score": 0.7367826666371415,
            "support": 1222.0
        },
        "weighted avg": {
            "precision": 0.7392545423120963,
            "recall": 0.737315875613748,
            "f1-score": 0.7367826666371416,
            "support": 1222.0
        },
        "confusion_matrix": [
            [
                478,
                133
            ],
            [
                188,
                423
            ]
        ]
    },
    "mlp_results": {
        "Rush": {
            "precision": 0.7021996615905245,
            "recall": 0.679214402618658,
            "f1-score": 0.6905158069883528,
            "support": 611.0
        },
        "Pass": {
            "precision": 0.6893819334389857,
            "recall": 0.7119476268412439,
            "f1-score": 0.7004830917874396,
            "support": 611.0
        },
        "accuracy": 0.6955810147299509,
        "macro avg": {
            "precision": 0.695790797514755,
            "recall": 0.6955810147299509,
            "f1-score": 0.6954994493878962,
            "support": 1222.0
        },
        "weighted avg": {
            "precision": 0.6957907975147551,
            "recall": 0.6955810147299509,
            "f1-score": 0.6954994493878962,
            "support": 1222.0
        },
        "confusion_matrix": [
            [
                415,
                196
            ],
            [
                176,
                435
            ]
        ]
    },
    "config": {
        "RANDOM_SEED": 3,
        "GNN_EPOCHS": 500,
        "GNN_HIDDEN_CHANNELS": 128,
        "GNN_HIDDEN_LAYERS": 3,
        "GNN_LEARNING_RATE": 0.001,
        "GNN_DROPOUT": 0.4,
        "GNN_WEIGHT_DECAY": 5e-05,
        "RF_ESTIMATORS": 100,
        "MLP_HIDDEN_CHANNELS": 128,
        "MLP_HIDDEN_LAYERS": 3,
        "MLP_MAX_ITER": 3000,
        "MLP_LEARNING_RATE": 0.01,
        "MLP_ALPHA": 5e-05,
        "VALIDATION_SPLIT": 0.8,
        "TEST_SPLIT": 0.9,
        "SHOW_INFO": true
    }
}