{
    "last_gcn_results": {
        "Rush": {
            "precision": 0.6962616822429907,
            "recall": 0.7315875613747954,
            "f1-score": 0.713487629688747,
            "support": 611.0
        },
        "Pass": {
            "precision": 0.7172413793103448,
            "recall": 0.6808510638297872,
            "f1-score": 0.6985726280436608,
            "support": 611.0
        },
        "accuracy": 0.7062193126022913,
        "macro avg": {
            "precision": 0.7067515307766677,
            "recall": 0.7062193126022913,
            "f1-score": 0.7060301288662039,
            "support": 1222.0
        },
        "weighted avg": {
            "precision": 0.7067515307766677,
            "recall": 0.7062193126022913,
            "f1-score": 0.706030128866204,
            "support": 1222.0
        },
        "confusion_matrix": [
            [
                447,
                164
            ],
            [
                195,
                416
            ]
        ]
    },
    "best_gcn_results": {
        "Rush": {
            "precision": 0.6962616822429907,
            "recall": 0.7315875613747954,
            "f1-score": 0.713487629688747,
            "support": 611.0
        },
        "Pass": {
            "precision": 0.7172413793103448,
            "recall": 0.6808510638297872,
            "f1-score": 0.6985726280436608,
            "support": 611.0
        },
        "accuracy": 0.7062193126022913,
        "macro avg": {
            "precision": 0.7067515307766677,
            "recall": 0.7062193126022913,
            "f1-score": 0.7060301288662039,
            "support": 1222.0
        },
        "weighted avg": {
            "precision": 0.7067515307766677,
            "recall": 0.7062193126022913,
            "f1-score": 0.706030128866204,
            "support": 1222.0
        },
        "confusion_matrix": [
            [
                447,
                164
            ],
            [
                195,
                416
            ]
        ]
    },
    "rf_results": {
        "Rush": {
            "precision": 0.7177177177177178,
            "recall": 0.7823240589198036,
            "f1-score": 0.7486296006264683,
            "support": 611.0
        },
        "Pass": {
            "precision": 0.7607913669064749,
            "recall": 0.6923076923076923,
            "f1-score": 0.7249357326478149,
            "support": 611.0
        },
        "accuracy": 0.737315875613748,
        "macro avg": {
            "precision": 0.7392545423120963,
            "recall": 0.7373158756137479,
            "f1-score": 0.7367826666371415,
            "support": 1222.0
        },
        "weighted avg": {
            "precision": 0.7392545423120963,
            "recall": 0.737315875613748,
            "f1-score": 0.7367826666371416,
            "support": 1222.0
        },
        "confusion_matrix": [
            [
                478,
                133
            ],
            [
                188,
                423
            ]
        ]
    },
    "mlp_results": {
        "Rush": {
            "precision": 0.6756756756756757,
            "recall": 0.6955810147299509,
            "f1-score": 0.6854838709677419,
            "support": 611.0
        },
        "Pass": {
            "precision": 0.6863406408094435,
            "recall": 0.6661211129296236,
            "f1-score": 0.6760797342192691,
            "support": 611.0
        },
        "accuracy": 0.6808510638297872,
        "macro avg": {
            "precision": 0.6810081582425596,
            "recall": 0.6808510638297873,
            "f1-score": 0.6807818025935055,
            "support": 1222.0
        },
        "weighted avg": {
            "precision": 0.6810081582425596,
            "recall": 0.6808510638297872,
            "f1-score": 0.6807818025935055,
            "support": 1222.0
        },
        "confusion_matrix": [
            [
                425,
                186
            ],
            [
                204,
                407
            ]
        ]
    },
    "config": {
        "RANDOM_SEED": 3,
        "GNN_EPOCHS": 500,
        "GNN_HIDDEN_CHANNELS": 128,
        "GNN_HIDDEN_LAYERS": 3,
        "GNN_LEARNING_RATE": 0.001,
        "GNN_DROPOUT": 0.4,
        "GNN_WEIGHT_DECAY": 5e-05,
        "RF_ESTIMATORS": 100,
        "MLP_HIDDEN_CHANNELS": 128,
        "MLP_HIDDEN_LAYERS": 3,
        "MLP_MAX_ITER": 3000,
        "MLP_LEARNING_RATE": 0.01,
        "MLP_ALPHA": 5e-05,
        "VALIDATION_SPLIT": 0.8,
        "TEST_SPLIT": 0.9,
        "SHOW_INFO": true
    }
}