{
    "last_gcn_results": {
        "Rush": {
            "precision": 0.7777777777777778,
            "recall": 0.011456628477905073,
            "f1-score": 0.02258064516129032,
            "support": 611.0
        },
        "Pass": {
            "precision": 0.5020610057708161,
            "recall": 0.9967266775777414,
            "f1-score": 0.6677631578947368,
            "support": 611.0
        },
        "accuracy": 0.5040916530278232,
        "macro avg": {
            "precision": 0.6399193917742969,
            "recall": 0.5040916530278232,
            "f1-score": 0.3451719015280136,
            "support": 1222.0
        },
        "weighted avg": {
            "precision": 0.639919391774297,
            "recall": 0.5040916530278232,
            "f1-score": 0.3451719015280136,
            "support": 1222.0
        },
        "confusion_matrix": [
            [
                7,
                604
            ],
            [
                2,
                609
            ]
        ]
    },
    "best_gcn_results": {
        "Rush": {
            "precision": 0.7777777777777778,
            "recall": 0.011456628477905073,
            "f1-score": 0.02258064516129032,
            "support": 611.0
        },
        "Pass": {
            "precision": 0.5020610057708161,
            "recall": 0.9967266775777414,
            "f1-score": 0.6677631578947368,
            "support": 611.0
        },
        "accuracy": 0.5040916530278232,
        "macro avg": {
            "precision": 0.6399193917742969,
            "recall": 0.5040916530278232,
            "f1-score": 0.3451719015280136,
            "support": 1222.0
        },
        "weighted avg": {
            "precision": 0.639919391774297,
            "recall": 0.5040916530278232,
            "f1-score": 0.3451719015280136,
            "support": 1222.0
        },
        "confusion_matrix": [
            [
                7,
                604
            ],
            [
                2,
                609
            ]
        ]
    },
    "rf_results": {
        "Rush": {
            "precision": 0.7213855421686747,
            "recall": 0.7839607201309329,
            "f1-score": 0.7513725490196078,
            "support": 611.0
        },
        "Pass": {
            "precision": 0.7634408602150538,
            "recall": 0.6972176759410802,
            "f1-score": 0.7288280581693756,
            "support": 611.0
        },
        "accuracy": 0.7405891980360065,
        "macro avg": {
            "precision": 0.7424132011918643,
            "recall": 0.7405891980360065,
            "f1-score": 0.7401003035944917,
            "support": 1222.0
        },
        "weighted avg": {
            "precision": 0.7424132011918643,
            "recall": 0.7405891980360065,
            "f1-score": 0.7401003035944916,
            "support": 1222.0
        },
        "confusion_matrix": [
            [
                479,
                132
            ],
            [
                185,
                426
            ]
        ]
    },
    "mlp_results": {
        "Rush": {
            "precision": 0.7184942716857611,
            "recall": 0.7184942716857611,
            "f1-score": 0.7184942716857611,
            "support": 611.0
        },
        "Pass": {
            "precision": 0.7184942716857611,
            "recall": 0.7184942716857611,
            "f1-score": 0.7184942716857611,
            "support": 611.0
        },
        "accuracy": 0.7184942716857611,
        "macro avg": {
            "precision": 0.7184942716857611,
            "recall": 0.7184942716857611,
            "f1-score": 0.7184942716857611,
            "support": 1222.0
        },
        "weighted avg": {
            "precision": 0.7184942716857611,
            "recall": 0.7184942716857611,
            "f1-score": 0.7184942716857611,
            "support": 1222.0
        },
        "confusion_matrix": [
            [
                439,
                172
            ],
            [
                172,
                439
            ]
        ]
    },
    "config": {
        "RANDOM_SEED": 1,
        "GNN_EPOCHS": 500,
        "GNN_HIDDEN_CHANNELS": 16,
        "GNN_HIDDEN_LAYERS": 1,
        "GNN_LEARNING_RATE": 0.01,
        "GNN_DROPOUT": 0.4,
        "GNN_WEIGHT_DECAY": 0.005,
        "RF_ESTIMATORS": 150,
        "MLP_HIDDEN_CHANNELS": 32,
        "MLP_HIDDEN_LAYERS": 2,
        "MLP_MAX_ITER": 3000,
        "MLP_LEARNING_RATE": 0.01,
        "MLP_ALPHA": 0.0005,
        "VALIDATION_SPLIT": 0.8,
        "TEST_SPLIT": 0.9,
        "SHOW_INFO": true
    }
}