{
    "last_gcn_results": {
        "Rush": {
            "precision": 0.6398104265402843,
            "recall": 0.7368995633187773,
            "f1-score": 0.684931506849315,
            "support": 916.0
        },
        "Pass": {
            "precision": 0.6898326898326899,
            "recall": 0.5851528384279476,
            "f1-score": 0.6331955109273479,
            "support": 916.0
        },
        "accuracy": 0.6610262008733624,
        "macro avg": {
            "precision": 0.6648215581864871,
            "recall": 0.6610262008733625,
            "f1-score": 0.6590635088883314,
            "support": 1832.0
        },
        "weighted avg": {
            "precision": 0.6648215581864871,
            "recall": 0.6610262008733624,
            "f1-score": 0.6590635088883315,
            "support": 1832.0
        },
        "confusion_matrix": [
            [
                675,
                241
            ],
            [
                380,
                536
            ]
        ]
    },
    "best_gcn_results": {
        "Rush": {
            "precision": 0.6398104265402843,
            "recall": 0.7368995633187773,
            "f1-score": 0.684931506849315,
            "support": 916.0
        },
        "Pass": {
            "precision": 0.6898326898326899,
            "recall": 0.5851528384279476,
            "f1-score": 0.6331955109273479,
            "support": 916.0
        },
        "accuracy": 0.6610262008733624,
        "macro avg": {
            "precision": 0.6648215581864871,
            "recall": 0.6610262008733625,
            "f1-score": 0.6590635088883314,
            "support": 1832.0
        },
        "weighted avg": {
            "precision": 0.6648215581864871,
            "recall": 0.6610262008733624,
            "f1-score": 0.6590635088883315,
            "support": 1832.0
        },
        "confusion_matrix": [
            [
                675,
                241
            ],
            [
                380,
                536
            ]
        ]
    },
    "rf_results": {
        "Rush": {
            "precision": 0.6882865440464666,
            "recall": 0.7762008733624454,
            "f1-score": 0.7296049256028733,
            "support": 916.0
        },
        "Pass": {
            "precision": 0.7434292866082604,
            "recall": 0.648471615720524,
            "f1-score": 0.6927113702623907,
            "support": 916.0
        },
        "accuracy": 0.7123362445414847,
        "macro avg": {
            "precision": 0.7158579153273634,
            "recall": 0.7123362445414847,
            "f1-score": 0.711158147932632,
            "support": 1832.0
        },
        "weighted avg": {
            "precision": 0.7158579153273634,
            "recall": 0.7123362445414847,
            "f1-score": 0.7111581479326321,
            "support": 1832.0
        },
        "confusion_matrix": [
            [
                711,
                205
            ],
            [
                322,
                594
            ]
        ]
    },
    "mlp_results": {
        "Rush": {
            "precision": 0.659043659043659,
            "recall": 0.6921397379912664,
            "f1-score": 0.6751863684771033,
            "support": 916.0
        },
        "Pass": {
            "precision": 0.6758620689655173,
            "recall": 0.6419213973799127,
            "f1-score": 0.658454647256439,
            "support": 916.0
        },
        "accuracy": 0.6670305676855895,
        "macro avg": {
            "precision": 0.6674528640045881,
            "recall": 0.6670305676855895,
            "f1-score": 0.6668205078667712,
            "support": 1832.0
        },
        "weighted avg": {
            "precision": 0.667452864004588,
            "recall": 0.6670305676855895,
            "f1-score": 0.6668205078667712,
            "support": 1832.0
        },
        "confusion_matrix": [
            [
                634,
                282
            ],
            [
                328,
                588
            ]
        ]
    },