{
    "last_gcn_results": {
        "Rush": {
            "precision": 0.6205420827389444,
            "recall": 0.47489082969432317,
            "f1-score": 0.5380333951762524,
            "support": 916.0
        },
        "Pass": {
            "precision": 0.7017978921264724,
            "recall": 0.8097281831187411,
            "f1-score": 0.751909664563268,
            "support": 1398.0
        },
        "accuracy": 0.6771823681936041,
        "macro avg": {
            "precision": 0.6611699874327084,
            "recall": 0.6423095064065321,
            "f1-score": 0.6449715298697603,
            "support": 2314.0
        },
        "weighted avg": {
            "precision": 0.6696326711243221,
            "recall": 0.6771823681936041,
            "f1-score": 0.6672464568024614,
            "support": 2314.0
        },
        "confusion_matrix": [
            [
                435,
                481
            ],
            [
                266,
                1132
            ]
        ]
    },
    "best_gcn_results": {
        "Rush": {
            "precision": 0.6205420827389444,
            "recall": 0.47489082969432317,
            "f1-score": 0.5380333951762524,
            "support": 916.0
        },
        "Pass": {
            "precision": 0.7017978921264724,
            "recall": 0.8097281831187411,
            "f1-score": 0.751909664563268,
            "support": 1398.0
        },
        "accuracy": 0.6771823681936041,
        "macro avg": {
            "precision": 0.6611699874327084,
            "recall": 0.6423095064065321,
            "f1-score": 0.6449715298697603,
            "support": 2314.0
        },
        "weighted avg": {
            "precision": 0.6696326711243221,
            "recall": 0.6771823681936041,
            "f1-score": 0.6672464568024614,
            "support": 2314.0
        },
        "confusion_matrix": [
            [
                435,
                481
            ],
            [
                266,
                1132
            ]
        ]
    },
    "rf_results": {
        "Rush": {
            "precision": 0.6643026004728132,
            "recall": 0.6135371179039302,
            "f1-score": 0.637911464245176,
            "support": 916.0
        },
        "Pass": {
            "precision": 0.7588555858310627,
            "recall": 0.7968526466380543,
            "f1-score": 0.7773900907187719,
            "support": 1398.0
        },
        "accuracy": 0.7242869490060502,
        "macro avg": {
            "precision": 0.7115790931519379,
            "recall": 0.7051948822709923,
            "f1-score": 0.7076507774819739,
            "support": 2314.0
        },
        "weighted avg": {
            "precision": 0.7214266599070538,
            "recall": 0.7242869490060502,
            "f1-score": 0.7221772895736491,
            "support": 2314.0
        },
        "confusion_matrix": [
            [
                562,
                354
            ],
            [
                284,
                1114
            ]
        ]
    },
    "mlp_results": {
        "Rush": {
            "precision": 0.5852631578947368,
            "recall": 0.6069868995633187,
            "f1-score": 0.5959271168274384,
            "support": 916.0
        },
        "Pass": {
            "precision": 0.7360703812316716,
            "recall": 0.7181688125894135,
            "f1-score": 0.7270094134685011,
            "support": 1398.0
        },
        "accuracy": 0.6741573033707865,
        "macro avg": {
            "precision": 0.6606667695632042,
            "recall": 0.6625778560763661,
            "f1-score": 0.6614682651479697,
            "support": 2314.0
        },
        "weighted avg": {
            "precision": 0.6763731398415972,
            "recall": 0.6741573033707865,
            "f1-score": 0.6751203107359111,
            "support": 2314.0
        },
        "confusion_matrix": [
            [
                556,
                360
            ],
            [
                394,
                1004
            ]
        ]
    },