{
    "last_gcn_results": {
        "Rush": {
            "precision": 0.6733436055469953,
            "recall": 0.7152209492635024,
            "f1-score": 0.6936507936507936,
            "support": 611.0
        },
        "Pass": {
            "precision": 0.6963350785340314,
            "recall": 0.6530278232405892,
            "f1-score": 0.6739864864864865,
            "support": 611.0
        },
        "accuracy": 0.6841243862520459,
        "macro avg": {
            "precision": 0.6848393420405134,
            "recall": 0.6841243862520459,
            "f1-score": 0.6838186400686401,
            "support": 1222.0
        },
        "weighted avg": {
            "precision": 0.6848393420405134,
            "recall": 0.6841243862520459,
            "f1-score": 0.68381864006864,
            "support": 1222.0
        },
        "confusion_matrix": [
            [
                437,
                174
            ],
            [
                212,
                399
            ]
        ]
    },
    "best_gcn_results": {
        "Rush": {
            "precision": 0.6733436055469953,
            "recall": 0.7152209492635024,
            "f1-score": 0.6936507936507936,
            "support": 611.0
        },
        "Pass": {
            "precision": 0.6963350785340314,
            "recall": 0.6530278232405892,
            "f1-score": 0.6739864864864865,
            "support": 611.0
        },
        "accuracy": 0.6841243862520459,
        "macro avg": {
            "precision": 0.6848393420405134,
            "recall": 0.6841243862520459,
            "f1-score": 0.6838186400686401,
            "support": 1222.0
        },
        "weighted avg": {
            "precision": 0.6848393420405134,
            "recall": 0.6841243862520459,
            "f1-score": 0.68381864006864,
            "support": 1222.0
        },
        "confusion_matrix": [
            [
                437,
                174
            ],
            [
                212,
                399
            ]
        ]
    },
    "rf_results": {
        "Rush": {
            "precision": 0.7110438729198184,
            "recall": 0.7692307692307693,
            "f1-score": 0.7389937106918238,
            "support": 611.0
        },
        "Pass": {
            "precision": 0.7486631016042781,
            "recall": 0.6873977086743044,
            "f1-score": 0.7167235494880546,
            "support": 611.0
        },
        "accuracy": 0.7283142389525368,
        "macro avg": {
            "precision": 0.7298534872620482,
            "recall": 0.7283142389525368,
            "f1-score": 0.7278586300899392,
            "support": 1222.0
        },
        "weighted avg": {
            "precision": 0.7298534872620482,
            "recall": 0.7283142389525368,
            "f1-score": 0.7278586300899392,
            "support": 1222.0
        },
        "confusion_matrix": [
            [
                470,
                141
            ],
            [
                191,
                420
            ]
        ]
    },
    "mlp_results": {
        "Rush": {
            "precision": 0.7308868501529052,
            "recall": 0.7823240589198036,
            "f1-score": 0.7557312252964427,
            "support": 611.0
        },
        "Pass": {
            "precision": 0.7658450704225352,
            "recall": 0.7119476268412439,
            "f1-score": 0.7379134860050891,
            "support": 611.0
        },
        "accuracy": 0.7471358428805237,
        "macro avg": {
            "precision": 0.7483659602877202,
            "recall": 0.7471358428805237,
            "f1-score": 0.7468223556507658,
            "support": 1222.0
        },
        "weighted avg": {
            "precision": 0.7483659602877203,
            "recall": 0.7471358428805237,
            "f1-score": 0.7468223556507659,
            "support": 1222.0
        },
        "confusion_matrix": [
            [
                478,
                133
            ],
            [
                176,
                435
            ]
        ]
    },
    "config": {
        "RANDOM_SEED": 25,
        "GNN_EPOCHS": 500,
        "GNN_HIDDEN_CHANNELS": 32,
        "GNN_HIDDEN_LAYERS": 1,
        "GNN_LEARNING_RATE": 0.0001,
        "GNN_DROPOUT": 0.5,
        "GNN_WEIGHT_DECAY": 0.005,
        "RF_ESTIMATORS": 100,
        "MLP_HIDDEN_CHANNELS": 32,
        "MLP_HIDDEN_LAYERS": 2,
        "MLP_MAX_ITER": 3000,
        "MLP_LEARNING_RATE": 0.0001,
        "MLP_ALPHA": 0.0005,
        "VALIDATION_SPLIT": 0.8,
        "TEST_SPLIT": 0.9,
        "SHOW_INFO": true
    }
}