{
    "last_gcn_results": {
        "Rush": {
            "precision": 0.6596736596736597,
            "recall": 0.6179039301310044,
            "f1-score": 0.6381059751972943,
            "support": 916.0
        },
        "Pass": {
            "precision": 0.7596153846153846,
            "recall": 0.7911301859799714,
            "f1-score": 0.775052557813595,
            "support": 1398.0
        },
        "accuracy": 0.7225583405358686,
        "macro avg": {
            "precision": 0.7096445221445221,
            "recall": 0.7045170580554879,
            "f1-score": 0.7065792665054447,
            "support": 2314.0
        },
        "weighted avg": {
            "precision": 0.7200533189081157,
            "recall": 0.7225583405358686,
            "f1-score": 0.7208420696214898,
            "support": 2314.0
        },
        "confusion_matrix": [
            [
                566,
                350
            ],
            [
                292,
                1106
            ]
        ]
    },
    "best_gcn_results": {
        "Rush": {
            "precision": 0.6596736596736597,
            "recall": 0.6179039301310044,
            "f1-score": 0.6381059751972943,
            "support": 916.0
        },
        "Pass": {
            "precision": 0.7596153846153846,
            "recall": 0.7911301859799714,
            "f1-score": 0.775052557813595,
            "support": 1398.0
        },
        "accuracy": 0.7225583405358686,
        "macro avg": {
            "precision": 0.7096445221445221,
            "recall": 0.7045170580554879,
            "f1-score": 0.7065792665054447,
            "support": 2314.0
        },
        "weighted avg": {
            "precision": 0.7200533189081157,
            "recall": 0.7225583405358686,
            "f1-score": 0.7208420696214898,
            "support": 2314.0
        },
        "confusion_matrix": [
            [
                566,
                350
            ],
            [
                292,
                1106
            ]
        ]
    },
    "rf_results": {
        "Rush": {
            "precision": 0.6775757575757576,
            "recall": 0.6102620087336245,
            "f1-score": 0.6421596783457783,
            "support": 916.0
        },
        "Pass": {
            "precision": 0.7602417730020148,
            "recall": 0.8097281831187411,
            "f1-score": 0.7842050571527537,
            "support": 1398.0
        },
        "accuracy": 0.7307692307692307,
        "macro avg": {
            "precision": 0.7189087652888861,
            "recall": 0.7099950959261827,
            "f1-score": 0.7131823677492659,
            "support": 2314.0
        },
        "weighted avg": {
            "precision": 0.7275183200502207,
            "recall": 0.7307692307692307,
            "f1-score": 0.7279762036578575,
            "support": 2314.0
        },
        "confusion_matrix": [
            [
                559,
                357
            ],
            [
                266,
                1132
            ]
        ]
    },
    "mlp_results": {
        "Rush": {
            "precision": 0.6093023255813953,
            "recall": 0.5720524017467249,
            "f1-score": 0.5900900900900901,
            "support": 916.0
        },
        "Pass": {
            "precision": 0.7303988995873453,
            "recall": 0.759656652360515,
            "f1-score": 0.7447405329593267,
            "support": 1398.0
        },
        "accuracy": 0.6853932584269663,
        "macro avg": {
            "precision": 0.6698506125843703,
            "recall": 0.66585452705362,
            "f1-score": 0.6674153115247083,
            "support": 2314.0
        },
        "weighted avg": {
            "precision": 0.6824626585374532,
            "recall": 0.6853932584269663,
            "f1-score": 0.6835219479687388,
            "support": 2314.0
        },
        "confusion_matrix": [
            [
                524,
                392
            ],
            [
                336,
                1062
            ]
        ]
    },