{
    "last_gcn_results": {
        "Rush": {
            "precision": 0.667384284176534,
            "recall": 0.6768558951965066,
            "f1-score": 0.6720867208672087,
            "support": 916.0
        },
        "Pass": {
            "precision": 0.7862815884476534,
            "recall": 0.778969957081545,
            "f1-score": 0.782608695652174,
            "support": 1398.0
        },
        "accuracy": 0.7385479688850476,
        "macro avg": {
            "precision": 0.7268329363120937,
            "recall": 0.7279129261390258,
            "f1-score": 0.7273477082596913,
            "support": 2314.0
        },
        "weighted avg": {
            "precision": 0.7392159312685931,
            "recall": 0.7385479688850476,
            "f1-score": 0.7388584238703986,
            "support": 2314.0
        },
        "confusion_matrix": [
            [
                620,
                296
            ],
            [
                309,
                1089
            ]
        ]
    },
    "best_gcn_results": {
        "Rush": {
            "precision": 0.667384284176534,
            "recall": 0.6768558951965066,
            "f1-score": 0.6720867208672087,
            "support": 916.0
        },
        "Pass": {
            "precision": 0.7862815884476534,
            "recall": 0.778969957081545,
            "f1-score": 0.782608695652174,
            "support": 1398.0
        },
        "accuracy": 0.7385479688850476,
        "macro avg": {
            "precision": 0.7268329363120937,
            "recall": 0.7279129261390258,
            "f1-score": 0.7273477082596913,
            "support": 2314.0
        },
        "weighted avg": {
            "precision": 0.7392159312685931,
            "recall": 0.7385479688850476,
            "f1-score": 0.7388584238703986,
            "support": 2314.0
        },
        "confusion_matrix": [
            [
                620,
                296
            ],
            [
                309,
                1089
            ]
        ]
    },
    "rf_results": {
        "Rush": {
            "precision": 0.6881851400730816,
            "recall": 0.6168122270742358,
            "f1-score": 0.6505469199769718,
            "support": 916.0
        },
        "Pass": {
            "precision": 0.7649028801071668,
            "recall": 0.8168812589413448,
            "f1-score": 0.7900380491179523,
            "support": 1398.0
        },
        "accuracy": 0.7376836646499568,
        "macro avg": {
            "precision": 0.7265440100901241,
            "recall": 0.7168467430077903,
            "f1-score": 0.7202924845474621,
            "support": 2314.0
        },
        "weighted avg": {
            "precision": 0.7345340599380993,
            "recall": 0.7376836646499568,
            "f1-score": 0.734820298775196,
            "support": 2314.0
        },
        "confusion_matrix": [
            [
                565,
                351
            ],
            [
                256,
                1142
            ]
        ]
    },
    "mlp_results": {
        "Rush": {
            "precision": 0.6154684095860566,
            "recall": 0.6168122270742358,
            "f1-score": 0.6161395856052344,
            "support": 916.0
        },
        "Pass": {
            "precision": 0.748567335243553,
            "recall": 0.7474964234620887,
            "f1-score": 0.7480314960629921,
            "support": 1398.0
        },
        "accuracy": 0.6957649092480553,
        "macro avg": {
            "precision": 0.6820178724148048,
            "recall": 0.6821543252681622,
            "f1-score": 0.6820855408341133,
            "support": 2314.0
        },
        "weighted avg": {
            "precision": 0.6958799472131872,
            "recall": 0.6957649092480553,
            "f1-score": 0.6958219066164468,
            "support": 2314.0
        },
        "confusion_matrix": [
            [
                565,
                351
            ],
            [
                353,
                1045
            ]
        ]
    },