{
    "last_gcn_results": {
        "Rush": {
            "precision": 0.7127003699136868,
            "recall": 0.631004366812227,
            "f1-score": 0.6693688477127968,
            "support": 916.0
        },
        "Pass": {
            "precision": 0.7751164337990686,
            "recall": 0.8333333333333334,
            "f1-score": 0.803171320234402,
            "support": 1398.0
        },
        "accuracy": 0.7532411408815903,
        "macro avg": {
            "precision": 0.7439084018563777,
            "recall": 0.7321688500727802,
            "f1-score": 0.7362700839735994,
            "support": 2314.0
        },
        "weighted avg": {
            "precision": 0.7504089512930143,
            "recall": 0.7532411408815903,
            "f1-score": 0.7502054322353569,
            "support": 2314.0
        },
        "confusion_matrix": [
            [
                578,
                338
            ],
            [
                233,
                1165
            ]
        ]
    },
    "best_gcn_results": {
        "Rush": {
            "precision": 0.7127003699136868,
            "recall": 0.631004366812227,
            "f1-score": 0.6693688477127968,
            "support": 916.0
        },
        "Pass": {
            "precision": 0.7751164337990686,
            "recall": 0.8333333333333334,
            "f1-score": 0.803171320234402,
            "support": 1398.0
        },
        "accuracy": 0.7532411408815903,
        "macro avg": {
            "precision": 0.7439084018563777,
            "recall": 0.7321688500727802,
            "f1-score": 0.7362700839735994,
            "support": 2314.0
        },
        "weighted avg": {
            "precision": 0.7504089512930143,
            "recall": 0.7532411408815903,
            "f1-score": 0.7502054322353569,
            "support": 2314.0
        },
        "confusion_matrix": [
            [
                578,
                338
            ],
            [
                233,
                1165
            ]
        ]
    },
    "rf_results": {
        "Rush": {
            "precision": 0.6598870056497175,
            "recall": 0.6375545851528385,
            "f1-score": 0.648528595224875,
            "support": 916.0
        },
        "Pass": {
            "precision": 0.7676696990902729,
            "recall": 0.7846924177396281,
            "f1-score": 0.7760877255040679,
            "support": 1398.0
        },
        "accuracy": 0.726447709593777,
        "macro avg": {
            "precision": 0.7137783523699952,
            "recall": 0.7111235014462333,
            "f1-score": 0.7123081603644714,
            "support": 2314.0
        },
        "weighted avg": {
            "precision": 0.7250037754984195,
            "recall": 0.726447709593777,
            "f1-score": 0.7255932728957099,
            "support": 2314.0
        },
        "confusion_matrix": [
            [
                584,
                332
            ],
            [
                301,
                1097
            ]
        ]
    },
    "mlp_results": {
        "Rush": {
            "precision": 0.6244588744588745,
            "recall": 0.6299126637554585,
            "f1-score": 0.6271739130434782,
            "support": 916.0
        },
        "Pass": {
            "precision": 0.7561151079136691,
            "recall": 0.751788268955651,
            "f1-score": 0.7539454806312769,
            "support": 1398.0
        },
        "accuracy": 0.7035436473638721,
        "macro avg": {
            "precision": 0.6902869911862718,
            "recall": 0.6908504663555548,
            "f1-score": 0.6905596968373775,
            "support": 2314.0
        },
        "weighted avg": {
            "precision": 0.7039988115244764,
            "recall": 0.7035436473638721,
            "f1-score": 0.7037627857693824,
            "support": 2314.0
        },
        "confusion_matrix": [
            [
                577,
                339
            ],
            [
                347,
                1051
            ]
        ]
    },