{
    "last_gcn_results": {
        "Rush": {
            "precision": 0.7433510638297872,
            "recall": 0.6102620087336245,
            "f1-score": 0.670263788968825,
            "support": 916.0
        },
        "Pass": {
            "precision": 0.7714468629961587,
            "recall": 0.8619456366237482,
            "f1-score": 0.8141891891891891,
            "support": 1398.0
        },
        "accuracy": 0.7623163353500432,
        "macro avg": {
            "precision": 0.757398963412973,
            "recall": 0.7361038226786863,
            "f1-score": 0.7422264890790071,
            "support": 2314.0
        },
        "weighted avg": {
            "precision": 0.7603251032570073,
            "recall": 0.7623163353500432,
            "f1-score": 0.757216126699192,
            "support": 2314.0
        },
        "confusion_matrix": [
            [
                559,
                357
            ],
            [
                193,
                1205
            ]
        ]
    },
    "best_gcn_results": {
        "Rush": {
            "precision": 0.7433510638297872,
            "recall": 0.6102620087336245,
            "f1-score": 0.670263788968825,
            "support": 916.0
        },
        "Pass": {
            "precision": 0.7714468629961587,
            "recall": 0.8619456366237482,
            "f1-score": 0.8141891891891891,
            "support": 1398.0
        },
        "accuracy": 0.7623163353500432,
        "macro avg": {
            "precision": 0.757398963412973,
            "recall": 0.7361038226786863,
            "f1-score": 0.7422264890790071,
            "support": 2314.0
        },
        "weighted avg": {
            "precision": 0.7603251032570073,
            "recall": 0.7623163353500432,
            "f1-score": 0.757216126699192,
            "support": 2314.0
        },
        "confusion_matrix": [
            [
                559,
                357
            ],
            [
                193,
                1205
            ]
        ]
    },
    "rf_results": {
        "Rush": {
            "precision": 0.6804374240583232,
            "recall": 0.611353711790393,
            "f1-score": 0.6440483036227717,
            "support": 916.0
        },
        "Pass": {
            "precision": 0.761234071093226,
            "recall": 0.8118741058655222,
            "f1-score": 0.7857390100380754,
            "support": 1398.0
        },
        "accuracy": 0.7324978392394123,
        "macro avg": {
            "precision": 0.7208357475757746,
            "recall": 0.7116139088279576,
            "f1-score": 0.7148936568304236,
            "support": 2314.0
        },
        "weighted avg": {
            "precision": 0.7292506101234892,
            "recall": 0.7324978392394123,
            "f1-score": 0.7296505540845671,
            "support": 2314.0
        },
        "confusion_matrix": [
            [
                560,
                356
            ],
            [
                263,
                1135
            ]
        ]
    },
    "mlp_results": {
        "Rush": {
            "precision": 0.6114570361145704,
            "recall": 0.5360262008733624,
            "f1-score": 0.571262361838278,
            "support": 916.0
        },
        "Pass": {
            "precision": 0.7187293183322303,
            "recall": 0.776824034334764,
            "f1-score": 0.7466483327603988,
            "support": 1398.0
        },
        "accuracy": 0.6815038893690579,
        "macro avg": {
            "precision": 0.6650931772234003,
            "recall": 0.6564251176040632,
            "f1-score": 0.6589553472993384,
            "support": 2314.0
        },
        "weighted avg": {
            "precision": 0.6762654417067435,
            "recall": 0.6815038893690579,
            "f1-score": 0.6772215612112793,
            "support": 2314.0
        },
        "confusion_matrix": [
            [
                491,
                425
            ],
            [
                312,
                1086
            ]
        ]
    },